variant,level,gap_h,session_min,hero_class,calendar_days,speed_vs_paladin_pct
mage30,20,4.0,1.0,WARRIOR,41.90307672051852,0.10666209863203768
mage30,20,4.0,1.0,ROGUE,42.01186173474075,-0.15255289947727624
mage30,20,4.0,1.0,RANGER,42.002238583189296,-0.12967680649068614
mage30,20,4.0,1.0,MAGE,41.83851788562834,0.26113146792230424
mage30,20,4.0,1.0,CLERIC,41.689384584360695,0.6197904808512122
mage30,20,4.0,1.0,PALADIN,41.94777142154002,0.0
mage30,30,4.0,1.0,WARRIOR,94.82668846800568,0.20841441340699873
mage30,30,4.0,1.0,ROGUE,95.0076041354346,0.01759524329350004
mage30,30,4.0,1.0,RANGER,95.05669341973461,-0.03405595549396123
mage30,30,4.0,1.0,MAGE,94.72040933312503,0.32085125428005234
mage30,30,4.0,1.0,CLERIC,94.20924947020299,0.8651714018636403
mage30,30,4.0,1.0,PALADIN,95.02432095452956,0.0
mage30,40,4.0,1.0,WARRIOR,165.85198784548038,0.599569842194736
mage30,40,4.0,1.0,ROGUE,165.5927597482881,0.7570539925174646
mage30,40,4.0,1.0,RANGER,166.6474226274941,0.11939201738091487
mage30,40,4.0,1.0,MAGE,165.68901399224657,0.6985208778476748
mage30,40,4.0,1.0,CLERIC,165.3675378482479,0.8942798074381031
mage30,40,4.0,1.0,PALADIN,166.84638634728236,0.0
mage30,50,4.0,1.0,WARRIOR,251.84913702428713,1.1803037199989985
mage30,50,4.0,1.0,ROGUE,251.4232010278396,1.3517132530478815
mage30,50,4.0,1.0,RANGER,254.13640938053163,0.26966320115602294
mage30,50,4.0,1.0,MAGE,252.3688851536532,0.971925125485873
mage30,50,4.0,1.0,CLERIC,252.52018353333662,0.9114274319896865
mage30,50,4.0,1.0,PALADIN,254.82172175737014,0.0
mage30,60,4.0,1.0,WARRIOR,351.23485512038866,1.8254472412262412
mage30,60,4.0,1.0,ROGUE,352.0097078104186,1.6013064861341686
mage30,60,4.0,1.0,RANGER,355.20902171678085,0.6861988934986574
mage30,60,4.0,1.0,MAGE,354.11592925653935,0.9969991590837779
mage30,60,4.0,1.0,CLERIC,354.5704112911023,0.8675430053809663
mage30,60,4.0,1.0,PALADIN,357.6464620934088,0.0
mage30,70,4.0,1.0,WARRIOR,461.9367068444596,2.5856999549846105
mage30,70,4.0,1.0,ROGUE,465.7340894929031,1.7492631001869707
mage30,70,4.0,1.0,RANGER,468.21653874688934,1.209796077187919
mage30,70,4.0,1.0,MAGE,468.66252023519365,1.1134843527879523
mage30,70,4.0,1.0,CLERIC,469.9367682913933,0.8393120181554359
mage30,70,4.0,1.0,PALADIN,473.8810040653942,0.0
mage30,80,4.0,1.0,WARRIOR,582.4620613200982,3.5017603625025595
mage30,80,4.0,1.0,ROGUE,591.2763936404414,1.9588289663095226
mage30,80,4.0,1.0,RANGER,592.2418966083967,1.7926104793366093
mage30,80,4.0,1.0,MAGE,594.4043500543302,1.422287177897985
mage30,80,4.0,1.0,CLERIC,597.1598214372049,0.9542948584686517
mage30,80,4.0,1.0,PALADIN,602.8584869100207,0.0
mage30,90,4.0,1.0,WARRIOR,710.2886367883605,4.53844704105586
mage30,90,4.0,1.0,ROGUE,726.4880905942443,2.207416752045588
mage30,90,4.0,1.0,RANGER,724.8334905665047,2.440728811703541
mage30,90,4.0,1.0,MAGE,728.9384366310842,1.8638437889686443
mage30,90,4.0,1.0,CLERIC,734.0166314172707,1.1591125631498889
mage30,90,4.0,1.0,PALADIN,742.5247104076378,0.0
mage30,100,4.0,1.0,WARRIOR,846.0788667887149,5.506151326265263
mage30,100,4.0,1.0,ROGUE,871.4507783230443,2.4343854797434616
mage30,100,4.0,1.0,RANGER,865.5182952976046,3.136496869394634
mage30,100,4.0,1.0,MAGE,872.0130685148625,2.368333889073737
mage30,100,4.0,1.0,CLERIC,879.9300342470788,1.447298624994664
mage30,100,4.0,1.0,PALADIN,892.6652495336518,0.0
mage30,20,4.0,5.0,WARRIOR,8.51971269421331,0.10666209863203768
mage30,20,4.0,5.0,ROGUE,8.541830809138158,-0.15255289947724293
mage30,20,4.0,5.0,RANGER,8.539874234756331,-0.12967680649068614
mage30,20,4.0,5.0,MAGE,8.506586624048914,0.26113146792232644
mage30,20,4.0,5.0,CLERIC,8.476264915492424,0.6197904808512344
mage30,20,4.0,5.0,PALADIN,8.528799998570378,0.0
mage30,30,4.0,5.0,WARRIOR,19.280115082706548,0.20841441340702094
mage30,30,4.0,5.0,ROGUE,19.316898766125707,0.017595243293522245
mage30,30,4.0,5.0,RANGER,19.326879574966785,-0.034055955493927925
mage30,30,4.0,5.0,MAGE,19.25850646192168,0.32085125428009675
mage30,30,4.0,5.0,CLERIC,19.15457769311181,0.8651714018636625
mage30,30,4.0,5.0,PALADIN,19.32029762146037,0.0
mage30,40,4.0,5.0,WARRIOR,33.720943586840406,0.5995698421947138
mage30,40,4.0,5.0,ROGUE,33.66823745919551,0.7570539925174202
mage30,40,4.0,5.0,RANGER,33.88267099065232,0.11939201738089267
mage30,40,4.0,5.0,MAGE,33.687807824149715,0.6985208778476526
mage30,40,4.0,5.0,CLERIC,33.62244545462301,0.8942798074381031
mage30,40,4.0,5.0,PALADIN,33.923124195090594,0.0
mage30,50,4.0,5.0,WARRIOR,51.20584113771813,1.1803037199989541
mage30,50,4.0,5.0,ROGUE,51.11924004300472,1.3517132530478815
mage30,50,4.0,5.0,RANGER,51.67088821429896,0.26966320115600073
mage30,50,4.0,5.0,MAGE,51.31151606858508,0.971925125485873
mage30,50,4.0,5.0,CLERIC,51.34227797980703,0.9114274319896642
mage30,50,4.0,5.0,PALADIN,51.810225585523376,0.0
mage30,60,4.0,5.0,WARRIOR,71.41289585435285,1.8254472412262412
mage30,60,4.0,5.0,ROGUE,71.57043851747099,1.6013064861341464
mage30,60,4.0,5.0,RANGER,72.22092142789319,0.6861988934986352
mage30,60,4.0,5.0,MAGE,71.9986744131553,0.9969991590837557
mage30,60,4.0,5.0,CLERIC,72.09107947412454,0.8675430053809219
mage30,60,4.0,5.0,PALADIN,72.71650059160591,0.0
mage30,70,4.0,5.0,WARRIOR,93.92074122563699,2.5856999549846105
mage30,70,4.0,5.0,ROGUE,94.69282317490561,1.7492631001869485
mage30,70,4.0,5.0,RANGER,95.19755352115178,1.2097960771878746
mage30,70,4.0,5.0,MAGE,95.28823025528833,1.1134843527879301
mage30,70,4.0,5.0,CLERIC,95.54730973559448,0.8393120181554137
mage30,70,4.0,5.0,PALADIN,96.3492497892295,0.0
mage30,80,4.0,5.0,WARRIOR,118.42589628499924,3.501760362502493
mage30,80,4.0,5.0,ROGUE,120.21802194349223,1.9588289663095004
mage30,80,4.0,5.0,RANGER,120.41432752618856,1.792610479336565
mage30,80,4.0,5.0,MAGE,120.8539964840754,1.4222871778979629
mage30,80,4.0,5.0,CLERIC,121.41423755362254,0.9542948584686295
mage30,80,4.0,5.0,PALADIN,122.57288738004566,0.0
mage30,90,4.0,5.0,WARRIOR,144.67263853105783,4.352665390714994
mage30,90,4.0,5.0,ROGUE,147.7091968428131,2.20741675204561
mage30,90,4.0,5.0,RANGER,147.37278438904033,2.440728811703541
mage30,90,4.0,5.0,MAGE,148.20739997893412,1.8638437889686443
mage30,90,4.0,5.0,CLERIC,149.23989601429977,1.159112563149911
mage30,90,4.0,5.0,PALADIN,150.9697543982334,0.0
mage30,100,4.0,5.0,WARRIOR,173.31812464216895,4.7185656025735545
mage30,100,4.0,5.0,ROGUE,177.18293833124136,2.4343854797434616
mage30,100,4.0,5.0,RANGER,175.97674883644243,3.136496869394634
mage30,100,4.0,5.0,MAGE,177.29726289306328,2.3683338890737593
mage30,100,4.0,5.0,CLERIC,178.90693642367987,1.4472986249946862
mage30,100,4.0,5.0,PALADIN,181.4962540545599,0.0
mage30,20,4.0,12.0,WARRIOR,7.215972222222222,-0.05653931286689895
mage30,20,4.0,12.0,ROGUE,7.221961805555555,-0.1394281043787471
mage30,20,4.0,12.0,RANGER,7.222048611111111,-0.14062838048991555
mage30,20,4.0,12.0,MAGE,7.192447916666666,0.2703452936988038
mage30,20,4.0,12.0,CLERIC,7.167795138888889,0.6152132052850368
mage30,20,4.0,12.0,PALADIN,7.211892361111111,0.0
mage30,30,4.0,12.0,WARRIOR,16.444791666666667,-0.18000042228837332
mage30,30,4.0,12.0,ROGUE,16.409635416666667,0.03385544781764338
mage30,30,4.0,12.0,RANGER,16.42230902777778,-0.04334381689879985
mage30,30,4.0,12.0,MAGE,16.36258680555556,0.3214905277006963
mage30,30,4.0,12.0,CLERIC,16.276215277777776,0.853857558852722
mage30,30,4.0,12.0,PALADIN,16.415190972222224,0.0
mage30,40,4.0,12.0,WARRIOR,29.00876736111111,-0.12238876536968535
mage30,40,4.0,12.0,ROGUE,28.74973958333333,0.7774828878280848
mage30,40,4.0,12.0,RANGER,28.940451388888892,0.1133793649555459
mage30,40,4.0,12.0,MAGE,28.77265625,0.6972162637534751
mage30,40,4.0,12.0,CLERIC,28.72065972222222,0.8795207669662908
mage30,40,4.0,12.0,PALADIN,28.973263888888884,0.0
mage30,50,4.0,12.0,WARRIOR,44.49973958333334,0.009558420480781926
mage30,50,4.0,12.0,ROGUE,43.90147569444444,1.3724307704475747
mage30,50,4.0,12.0,RANGER,44.392100694444444,0.2520546659444678
mage30,50,4.0,12.0,MAGE,44.08168402777778,0.958014733538004
mage30,50,4.0,12.0,CLERIC,44.114322916666666,0.8833188704380435
mage30,50,4.0,12.0,PALADIN,44.50399305555556,0.0
mage30,60,4.0,12.0,WARRIOR,62.858333333333334,0.038943391223655865
mage30,60,4.0,12.0,ROGUE,61.88923611111112,1.6054106518702094
mage30,60,4.0,12.0,RANGER,62.47986111111111,0.6449300330106267
mage30,60,4.0,12.0,MAGE,62.28906250000001,0.9532171077386131
mage30,60,4.0,12.0,CLERIC,62.377604166666664,0.8099194255416942
mage30,60,4.0,12.0,PALADIN,62.8828125,0.0
mage30,70,4.0,12.0,WARRIOR,83.93159722222224,0.0276142526776324
mage30,70,4.0,12.0,ROGUE,82.52552083333333,1.7318927015422592
mage30,70,4.0,12.0,RANGER,83.0064236111111,1.1425027765170626
mage30,70,4.0,12.0,MAGE,83.09652777777778,1.032830794173445
mage30,70,4.0,12.0,CLERIC,83.33585069444445,0.7426858980301709
mage30,70,4.0,12.0,PALADIN,83.95477430555556,0.0
mage30,80,4.0,12.0,WARRIOR,107.68767361111111,0.02128067762836583
mage30,80,4.0,12.0,ROGUE,105.67986111111111,1.9215857641330159
mage30,80,4.0,12.0,RANGER,105.91006944444445,1.700046882017947
mage30,80,4.0,12.0,MAGE,106.3224826388889,1.305563606526583
mage30,80,4.0,12.0,CLERIC,106.83741319444444,0.8172952313476145
mage30,80,4.0,12.0,PALADIN,107.71059027777777,0.0
mage30,90,4.0,12.0,WARRIOR,133.85625,0.015628809927736853
mage30,90,4.0,12.0,ROGUE,131.05225694444445,2.1555624148021924
mage30,90,4.0,12.0,RANGER,130.84861111111113,2.314551910074192
mage30,90,4.0,12.0,MAGE,131.62960069444443,1.7074954513170537
mage30,90,4.0,12.0,CLERIC,132.58359375,0.975668521497508
mage30,90,4.0,12.0,PALADIN,133.87717013888889,0.0
mage30,100,4.0,12.0,WARRIOR,162.50173611111111,0.013888740504919284
mage30,100,4.0,12.0,ROGUE,158.76024305555555,2.3709100134615246
mage30,100,4.0,12.0,RANGER,157.83255208333333,2.9726145907753354
mage30,100,4.0,12.0,MAGE,159.07196180555556,2.170303119930117
mage30,100,4.0,12.0,CLERIC,160.57196180555556,1.2158684044504708
mage30,100,4.0,12.0,PALADIN,162.52430555555557,0.0
mage30,20,8.0,1.0,WARRIOR,83.63228175340005,0.10666209863203768
mage30,20,8.0,1.0,ROGUE,83.84940039174398,-0.15255289947725403
mage30,20,8.0,1.0,RANGER,83.83019401873051,-0.12967680649066393
mage30,20,8.0,1.0,MAGE,83.50343196260263,0.26113146792230424
mage30,20,8.0,1.0,CLERIC,83.20578417044604,0.6197904808512344
mage30,20,8.0,1.0,PALADIN,83.72148570025209,0.0
mage30,30,8.0,1.0,WARRIOR,189.25990519962963,0.20841441340699873
mage30,30,8.0,1.0,ROGUE,189.62098584707076,0.01759524329350004
mage30,30,8.0,1.0,RANGER,189.71896072569444,-0.03405595549396123
mage30,30,8.0,1.0,MAGE,189.04778792212923,0.32085125428007455
mage30,30,8.0,1.0,CLERIC,188.02758919156696,0.8651714018636625
mage30,30,8.0,1.0,PALADIN,189.6543501208661,0.0
mage30,40,8.0,1.0,WARRIOR,331.0157931687804,0.5995698421947138
mage30,40,8.0,1.0,ROGUE,330.4984126096539,0.7570539925174646
mage30,40,8.0,1.0,RANGER,332.6033621735463,0.11939201738091487
mage30,40,8.0,1.0,MAGE,330.6905217023677,0.6985208778476748
mage30,40,8.0,1.0,CLERIC,330.048903340279,0.8942798074381031
mage30,40,8.0,1.0,PALADIN,333.0004640375221,0.0
mage30,50,8.0,1.0,WARRIOR,502.6532568824985,1.1803037199989541
mage30,50,8.0,1.0,ROGUE,501.80315225888324,1.3517132530478815
mage30,50,8.0,1.0,RANGER,507.21831083832257,0.26966320115600073
mage30,50,8.0,1.0,MAGE,503.69059650998844,0.9719251254858507
mage30,50,8.0,1.0,CLERIC,503.9925654752487,0.9114274319896642
mage30,50,8.0,1.0,PALADIN,508.58609197217856,0.0
mage30,60,8.0,1.0,WARRIOR,701.0123042029335,1.825447241226219
mage30,60,8.0,1.0,ROGUE,702.5587944266032,1.6013064861341464
mage30,60,8.0,1.0,RANGER,708.9441470778904,0.6861988934986352
mage30,60,8.0,1.0,MAGE,706.7624978107697,0.9969991590837335
mage30,60,8.0,1.0,CLERIC,707.6695760623247,0.8675430053809219
mage30,60,8.0,1.0,PALADIN,713.8089139706623,0.0
mage30,70,8.0,1.0,WARRIOR,921.9566638679881,2.5856999549845883
mage30,70,8.0,1.0,ROGUE,929.5356723904001,1.7492631001869707
mage30,70,8.0,1.0,RANGER,934.4902702790617,1.2097960771878746
mage30,70,8.0,1.0,MAGE,935.3803827100753,1.1134843527879745
mage30,70,8.0,1.0,CLERIC,937.923591486142,0.8393120181554359
mage30,70,8.0,1.0,PALADIN,945.7956969106002,0.0
mage30,80,8.0,1.0,WARRIOR,1162.5072676139723,3.501760362502515
mage30,80,8.0,1.0,ROGUE,1180.0993582616281,1.9588289663095004
mage30,80,8.0,1.0,RANGER,1182.0263579611574,1.792610479336565
mage30,80,8.0,1.0,MAGE,1186.3422920171486,1.4222871778979629
mage30,80,8.0,1.0,CLERIC,1191.8418012916827,0.9542948584686517
mage30,80,8.0,1.0,PALADIN,1203.2154863224894,0.0
mage30,90,8.0,1.0,WARRIOR,1417.6300178224126,4.53844704105586
mage30,90,8.0,1.0,ROGUE,1449.9617077835335,2.207416752045588
mage30,90,8.0,1.0,RANGER,1446.6593732883352,2.440728811703541
mage30,90,8.0,1.0,MAGE,1454.852232446272,1.8638437889686443
mage30,90,8.0,1.0,CLERIC,1464.9875506709843,1.1591125631498889
mage30,90,8.0,1.0,PALADIN,1481.9684054193935,0.0
mage30,100,8.0,1.0,WARRIOR,1688.647032885361,5.506151326265241
mage30,100,8.0,1.0,ROGUE,1739.2855783127984,2.4343854797434394
mage30,100,8.0,1.0,RANGER,1727.4452283740577,3.136496869394634
mage30,100,8.0,1.0,MAGE,1740.4078255421114,2.3683338890737593
mage30,100,8.0,1.0,CLERIC,1756.2089065263276,1.447298624994664
mage30,100,8.0,1.0,PALADIN,1781.626493882517,0.0
mage30,20,8.0,5.0,WARRIOR,16.865553700789615,0.10666209863201548
mage30,20,8.0,5.0,ROGUE,16.90933854053881,-0.15255289947728734
mage30,20,8.0,5.0,RANGER,16.905465321864572,-0.12967680649069724
mage30,20,8.0,5.0,MAGE,16.83956943944377,0.26113146792230424
mage30,20,8.0,5.0,CLERIC,16.779544832709494,0.61979048085119
mage30,20,8.0,5.0,PALADIN,16.883542854312786,0.0
mage30,30,8.0,5.0,WARRIOR,38.16675842903134,0.20841441340697653
mage30,30,8.0,5.0,ROGUE,38.23957510845294,0.017595243293477836
mage30,30,8.0,5.0,RANGER,38.25933303615875,-0.034055955493972334
mage30,30,8.0,5.0,MAGE,38.123982179722525,0.32085125428005234
mage30,30,8.0,5.0,CLERIC,37.91824563738461,0.8651714018636403
mage30,30,8.0,5.0,PALADIN,38.246303454727666,0.0
mage30,40,8.0,5.0,WARRIOR,66.75370465150041,0.5995698421946916
mage30,40,8.0,5.0,ROGUE,66.64936803146865,0.7570539925174424
mage30,40,8.0,5.0,RANGER,67.07385889986276,0.11939201738091487
mage30,40,8.0,5.0,MAGE,66.68810936617393,0.6985208778476526
mage30,40,8.0,5.0,CLERIC,66.55871855302924,0.8942798074381031
mage30,40,8.0,5.0,PALADIN,67.15393973313853,0.0
mage30,50,8.0,5.0,WARRIOR,101.3666651093604,1.1803037199989763
mage30,50,8.0,5.0,ROGUE,101.19523028921346,1.3517132530478815
mage30,50,8.0,5.0,RANGER,102.28726850585714,0.26966320115600073
mage30,50,8.0,5.0,MAGE,101.57585833985213,0.9719251254858507
mage30,50,8.0,5.0,CLERIC,101.63675436818943,0.9114274319896865
mage30,50,8.0,5.0,PALADIN,102.56309962848508,0.0
mage30,60,8.0,5.0,WARRIOR,141.3683856708618,1.8254472412262412
mage30,60,8.0,5.0,ROGUE,141.6802558407079,1.6013064861341686
mage30,60,8.0,5.0,RANGER,142.96794650011512,0.6861988934986352
mage30,60,8.0,5.0,MAGE,142.52798812400133,0.9969991590837779
mage30,60,8.0,5.0,CLERIC,142.710912428369,0.8675430053809441
mage30,60,8.0,5.0,PALADIN,143.94899096705663,0.0
mage30,70,8.0,5.0,WARRIOR,185.92473263034267,2.5856999549846105
mage30,70,8.0,5.0,ROGUE,187.453139754405,1.7492631001869707
mage30,70,8.0,5.0,RANGER,188.45229982758622,1.2097960771878968
mage30,70,8.0,5.0,MAGE,188.63180275026463,1.1134843527879745
mage30,70,8.0,5.0,CLERIC,189.14467437454422,0.8393120181554359
mage30,70,8.0,5.0,PALADIN,190.73218835827072,0.0
mage30,80,8.0,5.0,WARRIOR,234.43493754377403,3.501760362502515
mage30,80,8.0,5.0,ROGUE,237.98261486772952,1.9588289663095226
mage30,80,8.0,5.0,RANGER,238.37121979674066,1.792610479336565
mage30,80,8.0,5.0,MAGE,239.2415848766391,1.422287177897985
mage30,80,8.0,5.0,CLERIC,240.35063352451812,0.9542948584686517
mage30,80,8.0,5.0,PALADIN,242.64428726253945,0.0
mage30,90,8.0,5.0,WARRIOR,285.8838081679293,4.538447041055882
mage30,90,8.0,5.0,ROGUE,292.40392028067095,2.20741675204561
mage30,90,8.0,5.0,RANGER,291.73796093340644,2.440728811703563
mage30,90,8.0,5.0,MAGE,293.3901591419717,1.8638437889686443
mage30,90,8.0,5.0,CLERIC,295.4340798650425,1.159112563149911
mage30,90,8.0,5.0,PALADIN,298.85849340058456,0.0
mage30,100,8.0,5.0,WARRIOR,340.5379671307276,5.506151326265285
mage30,100,8.0,5.0,ROGUE,350.74989832919215,2.4343854797434616
mage30,100,8.0,5.0,RANGER,348.362135451733,3.136496869394656
mage30,100,8.0,5.0,MAGE,350.9762142985131,2.3683338890737593
mage30,100,8.0,5.0,CLERIC,354.1627108795296,1.4472986249947084
mage30,100,8.0,5.0,PALADIN,359.288502924333,0.0
mage30,20,8.0,12.0,WARRIOR,7.215972222222222,-0.05653931286689895
mage30,20,8.0,12.0,ROGUE,7.221961805555555,-0.1394281043787471
mage30,20,8.0,12.0,RANGER,7.222048611111111,-0.14062838048991555
mage30,20,8.0,12.0,MAGE,7.192447916666666,0.2703452936988038
mage30,20,8.0,12.0,CLERIC,7.167795138888889,0.6152132052850368
mage30,20,8.0,12.0,PALADIN,7.211892361111111,0.0
mage30,30,8.0,12.0,WARRIOR,16.444791666666667,-0.18000042228837332
mage30,30,8.0,12.0,ROGUE,16.409635416666667,0.03385544781764338
mage30,30,8.0,12.0,RANGER,16.42230902777778,-0.04334381689879985
mage30,30,8.0,12.0,MAGE,16.36258680555556,0.3214905277006963
mage30,30,8.0,12.0,CLERIC,16.276215277777776,0.853857558852722
mage30,30,8.0,12.0,PALADIN,16.415190972222224,0.0
mage30,40,8.0,12.0,WARRIOR,29.00876736111111,-0.12238876536968535
mage30,40,8.0,12.0,ROGUE,28.74973958333333,0.7774828878280848
mage30,40,8.0,12.0,RANGER,28.940451388888892,0.1133793649555459
mage30,40,8.0,12.0,MAGE,28.77265625,0.6972162637534751
mage30,40,8.0,12.0,CLERIC,28.72065972222222,0.8795207669662908
mage30,40,8.0,12.0,PALADIN,28.973263888888884,0.0
mage30,50,8.0,12.0,WARRIOR,44.49973958333334,0.009558420480781926
mage30,50,8.0,12.0,ROGUE,43.90147569444444,1.3724307704475747
mage30,50,8.0,12.0,RANGER,44.392100694444444,0.2520546659444678
mage30,50,8.0,12.0,MAGE,44.08168402777778,0.958014733538004
mage30,50,8.0,12.0,CLERIC,44.114322916666666,0.8833188704380435
mage30,50,8.0,12.0,PALADIN,44.50399305555556,0.0
mage30,60,8.0,12.0,WARRIOR,62.858333333333334,0.038943391223655865
mage30,60,8.0,12.0,ROGUE,61.88923611111112,1.6054106518702094
mage30,60,8.0,12.0,RANGER,62.47986111111111,0.6449300330106267
mage30,60,8.0,12.0,MAGE,62.28906250000001,0.9532171077386131
mage30,60,8.0,12.0,CLERIC,62.377604166666664,0.8099194255416942
mage30,60,8.0,12.0,PALADIN,62.8828125,0.0
mage30,70,8.0,12.0,WARRIOR,83.93159722222224,0.0276142526776324
mage30,70,8.0,12.0,ROGUE,82.52552083333333,1.7318927015422592
mage30,70,8.0,12.0,RANGER,83.0064236111111,1.1425027765170626
mage30,70,8.0,12.0,MAGE,83.09652777777778,1.032830794173445
mage30,70,8.0,12.0,CLERIC,83.33585069444445,0.7426858980301709
mage30,70,8.0,12.0,PALADIN,83.95477430555556,0.0
mage30,80,8.0,12.0,WARRIOR,107.68767361111111,0.02128067762836583
mage30,80,8.0,12.0,ROGUE,105.67986111111111,1.9215857641330159
mage30,80,8.0,12.0,RANGER,105.91006944444445,1.700046882017947
mage30,80,8.0,12.0,MAGE,106.3224826388889,1.305563606526583
mage30,80,8.0,12.0,CLERIC,106.83741319444444,0.8172952313476145
mage30,80,8.0,12.0,PALADIN,107.71059027777777,0.0
mage30,90,8.0,12.0,WARRIOR,133.85625,0.015628809927736853
mage30,90,8.0,12.0,ROGUE,131.05225694444445,2.1555624148021924
mage30,90,8.0,12.0,RANGER,130.84861111111113,2.314551910074192
mage30,90,8.0,12.0,MAGE,131.62960069444443,1.7074954513170537
mage30,90,8.0,12.0,CLERIC,132.58359375,0.975668521497508
mage30,90,8.0,12.0,PALADIN,133.87717013888889,0.0
mage30,100,8.0,12.0,WARRIOR,162.50173611111111,0.013888740504919284
mage30,100,8.0,12.0,ROGUE,158.76024305555555,2.3709100134615246
mage30,100,8.0,12.0,RANGER,157.83255208333333,2.9726145907753354
mage30,100,8.0,12.0,MAGE,159.07196180555556,2.170303119930117
mage30,100,8.0,12.0,CLERIC,160.57196180555556,1.2158684044504708
mage30,100,8.0,12.0,PALADIN,162.52430555555557,0.0
mage30,20,10.0,1.0,WARRIOR,104.49688426984082,0.10666209863201548
mage30,20,10.0,1.0,ROGUE,104.76816972024561,-0.15255289947727624
mage30,20,10.0,1.0,RANGER,104.74417173650113,-0.12967680649069724
mage30,20,10.0,1.0,MAGE,104.33588900108978,0.26113146792228203
mage30,20,10.0,1.0,CLERIC,103.96398396348872,0.6197904808512122
mage30,20,10.0,1.0,PALADIN,104.6083428396081,0.0
mage30,30,10.0,1.0,WARRIOR,236.47651356544162,0.20841441340699873
mage30,30,10.0,1.0,ROGUE,236.92767670288885,0.01759524329350004
mage30,30,10.0,1.0,RANGER,237.05009437867432,-0.03405595549393903
mage30,30,10.0,1.0,MAGE,236.21147721663132,0.32085125428007455
mage30,30,10.0,1.0,CLERIC,234.93675905224896,0.8651714018636625
mage30,30,10.0,1.0,PALADIN,236.96936470403438,0.0
mage30,40,10.0,1.0,WARRIOR,413.5976958304304,0.5995698421947138
mage30,40,10.0,1.0,ROGUE,412.9512390403368,0.7570539925174424
mage30,40,10.0,1.0,RANGER,415.58133194657233,0.11939201738093708
mage30,40,10.0,1.0,MAGE,413.19127555742824,0.6985208778476526
mage30,40,10.0,1.0,CLERIC,412.3895860862946,0.8942798074381031
mage30,40,10.0,1.0,PALADIN,416.0775028826419,0.0
mage30,50,10.0,1.0,WARRIOR,628.0553168116043,1.1803037199989541
mage30,50,10.0,1.0,ROGUE,626.993127874405,1.3517132530479037
mage30,50,10.0,1.0,RANGER,633.7592615672179,0.26966320115602294
mage30,50,10.0,1.0,MAGE,629.351452188156,0.971925125485873
mage30,50,10.0,1.0,CLERIC,629.7287564462046,0.9114274319897087
mage30,50,10.0,1.0,PALADIN,635.4682770795829,0.0
mage30,60,10.0,1.0,WARRIOR,875.9010287442059,1.825447241226219
mage30,60,10.0,1.0,ROGUE,877.8333377346954,1.6013064861341686
mage30,60,10.0,1.0,RANGER,885.8117097584453,0.6861988934986352
mage30,60,10.0,1.0,MAGE,883.0857820878846,0.9969991590837779
mage30,60,10.0,1.0,CLERIC,884.2191584479358,0.8675430053809441
mage30,60,10.0,1.0,PALADIN,891.8901399092891,0.0
mage30,70,10.0,1.0,WARRIOR,1151.966642379752,2.5856999549846105
mage30,70,10.0,1.0,ROGUE,1161.4364638391485,1.7492631001869707
mage30,70,10.0,1.0,RANGER,1167.6271360451476,1.2097960771878968
mage30,70,10.0,1.0,MAGE,1168.739313947516,1.1134843527879745
mage30,70,10.0,1.0,CLERIC,1171.917003083516,0.8393120181554581
mage30,70,10.0,1.0,PALADIN,1181.753043333203,0.0
mage30,80,10.0,1.0,WARRIOR,1452.5298707609093,3.501760362502515
mage30,80,10.0,1.0,ROGUE,1474.5108405722212,1.9588289663095226
mage30,80,10.0,1.0,RANGER,1476.9185886375376,1.792610479336565
mage30,80,10.0,1.0,MAGE,1482.311262998558,1.4222871778979629
mage30,80,10.0,1.0,CLERIC,1489.1827912189215,0.9542948584686739
mage30,80,10.0,1.0,PALADIN,1503.393986028724,0.0
mage30,90,10.0,1.0,WARRIOR,1771.3007083394386,4.5384470410558375
mage30,90,10.0,1.0,ROGUE,1811.6985163781778,2.2074167520455656
mage30,90,10.0,1.0,RANGER,1807.5723146492505,2.4407288117035186
mage30,90,10.0,1.0,MAGE,1817.809130353866,1.8638437889686
mage30,90,10.0,1.0,CLERIC,1830.4730102978408,1.1591125631498889
mage30,90,10.0,1.0,PALADIN,1851.690252925271,0.0
mage30,100,10.0,1.0,WARRIOR,2109.931115933684,5.506151326265218
mage30,100,10.0,1.0,ROGUE,2173.202978307675,2.4343854797434394
mage30,100,10.0,1.0,RANGER,2158.408694912284,3.136496869394634
mage30,100,10.0,1.0,MAGE,2174.605204055736,2.368333889073737
mage30,100,10.0,1.0,CLERIC,2194.3483426659513,1.447298624994664
mage30,100,10.0,1.0,PALADIN,2226.107116056949,0.0
mage30,20,10.0,5.0,WARRIOR,21.038474204077765,0.10666209863201548
mage30,20,10.0,5.0,ROGUE,21.09309240623913,-0.15255289947727624
mage30,20,10.0,5.0,RANGER,21.08826086541869,-0.12967680649068614
mage30,20,10.0,5.0,MAGE,21.0060608471412,0.26113146792230424
mage30,20,10.0,5.0,CLERIC,20.931184791318024,0.6197904808512122
mage30,20,10.0,5.0,PALADIN,21.06091428218399,0.0
mage30,30,10.0,5.0,WARRIOR,47.61008010219373,0.20841441340702094
mage30,30,10.0,5.0,ROGUE,47.70091327961656,0.017595243293477836
mage30,30,10.0,5.0,RANGER,47.72555976675472,-0.03405595549393903
mage30,30,10.0,5.0,MAGE,47.55672003862294,0.32085125428007455
mage30,30,10.0,5.0,CLERIC,47.300079609521,0.8651714018636625
mage30,30,10.0,5.0,PALADIN,47.70930637136132,0.0
mage30,40,10.0,5.0,WARRIOR,83.27008518383039,0.599569842194736
mage30,40,10.0,5.0,ROGUE,83.13993331760523,0.7570539925174424
mage30,40,10.0,5.0,RANGER,83.66945285446799,0.11939201738089267
mage30,40,10.0,5.0,MAGE,83.18826013718603,0.6985208778476526
mage30,40,10.0,5.0,CLERIC,83.02685510223235,0.8942798074381031
mage30,40,10.0,5.0,PALADIN,83.7693475021625,0.0
mage30,50,10.0,5.0,WARRIOR,126.44707709518151,1.1803037199989985
mage30,50,10.0,5.0,ROGUE,126.23322541231784,1.3517132530478815
mage30,50,10.0,5.0,RANGER,127.5954586516362,0.26966320115602294
mage30,50,10.0,5.0,MAGE,126.70802947548562,0.9719251254858952
mage30,50,10.0,5.0,CLERIC,126.78399256238063,0.9114274319896865
mage30,50,10.0,5.0,PALADIN,127.93953664996593,0.0
mage30,60,10.0,5.0,WARRIOR,176.3461305791163,1.825447241226219
mage30,60,10.0,5.0,ROGUE,176.73516450232637,1.6013064861341464
mage30,60,10.0,5.0,RANGER,178.3414590362261,0.6861988934986352
mage30,60,10.0,5.0,MAGE,177.79264497942432,0.9969991590837779
mage30,60,10.0,5.0,CLERIC,178.02082890549121,0.8675430053809441
mage30,60,10.0,5.0,PALADIN,179.56523615478199,0.0
mage30,70,10.0,5.0,WARRIOR,231.92672833269546,2.5856999549846327
mage30,70,10.0,5.0,ROGUE,233.8332980441547,1.7492631001869485
mage30,70,10.0,5.0,RANGER,235.07967298080342,1.2097960771878746
mage30,70,10.0,5.0,MAGE,235.30358899775283,1.1134843527879523
mage30,70,10.0,5.0,CLERIC,235.94335669401903,0.8393120181554359
mage30,70,10.0,5.0,PALADIN,237.92365764279128,0.0
mage30,80,10.0,5.0,WARRIOR,292.43945817316137,3.5017603625025373
mage30,80,10.0,5.0,ROGUE,296.8649113298482,1.9588289663095004
mage30,80,10.0,5.0,RANGER,297.34966593201665,1.7926104793365871
mage30,80,10.0,5.0,MAGE,298.43537907292097,1.4222871778979629
mage30,80,10.0,5.0,CLERIC,299.81883150996595,0.9542948584686517
mage30,80,10.0,5.0,PALADIN,302.6799872037863,0.0
mage30,90,10.0,5.0,WARRIOR,356.6179462713345,4.53844704105586
mage30,90,10.0,5.0,ROGUE,364.7512819995999,2.207416752045588
mage30,90,10.0,5.0,RANGER,363.9205492055895,2.440728811703541
mage30,90,10.0,5.0,MAGE,365.9815387234904,1.8638437889686443
mage30,90,10.0,5.0,CLERIC,368.53117179041385,1.159112563149911
mage30,90,10.0,5.0,PALADIN,372.8028629017601,0.0
mage30,100,10.0,5.0,WARRIOR,424.7947837403922,5.506151326265263
mage30,100,10.0,5.0,ROGUE,437.5333783281676,2.4343854797434394
mage30,100,10.0,5.0,RANGER,434.55482875937827,3.136496869394634
mage30,100,10.0,5.0,MAGE,437.81569000123795,2.3683338890737593
mage30,100,10.0,5.0,CLERIC,441.7905981074545,1.447298624994664
mage30,100,10.0,5.0,PALADIN,448.1846273592194,0.0
mage30,20,10.0,12.0,WARRIOR,8.867456069487325,0.10666209863199327
mage30,20,10.0,12.0,ROGUE,8.890476964613187,-0.15255289947726514
mage30,20,10.0,12.0,RANGER,8.888440530052508,-0.12967680649069724
mage30,20,10.0,12.0,MAGE,8.853794241357033,0.26113146792232644
mage30,20,10.0,12.0,CLERIC,8.822234912043136,0.6197904808512122
mage30,20,10.0,12.0,PALADIN,8.876914284226311,0.0
mage30,30,10.0,12.0,WARRIOR,20.067058555470084,0.20841441340699873
mage30,30,10.0,12.0,ROGUE,20.105343613722678,0.01759524329350004
mage30,30,10.0,12.0,RANGER,20.115731802516457,-0.03405595549396123
mage30,30,10.0,12.0,MAGE,20.04456795016339,0.32085125428005234
mage30,30,10.0,12.0,CLERIC,19.936397190789844,0.8651714018636625
mage30,30,10.0,12.0,PALADIN,20.108881197846507,0.0
mage30,40,10.0,12.0,WARRIOR,35.097308631201244,0.599569842194736
mage30,40,10.0,12.0,ROGUE,35.042451233040225,0.7570539925174424
mage30,40,10.0,12.0,RANGER,35.26563715353609,0.11939201738091487
mage30,40,10.0,12.0,MAGE,35.06282038840072,0.6985208778476748
mage30,40,10.0,12.0,CLERIC,34.99479016705661,0.8942798074381253
mage30,40,10.0,12.0,PALADIN,35.30774150917593,0.0
mage30,50,10.0,12.0,WARRIOR,53.2958754698699,1.1803037199989541
mage30,50,10.0,12.0,ROGUE,53.205739636596775,1.3517132530478593
mage30,50,10.0,12.0,RANGER,53.779904059780556,0.26966320115600073
mage30,50,10.0,12.0,MAGE,53.40586366322122,0.9719251254858507
mage30,50,10.0,12.0,CLERIC,53.4378811626563,0.9114274319896642
mage30,50,10.0,12.0,PALADIN,53.924928670646786,0.0
mage30,60,10.0,12.0,WARRIOR,74.32770793004075,1.825447241226219
mage30,60,10.0,12.0,ROGUE,74.49168090593922,1.6013064861341242
mage30,60,10.0,12.0,RANGER,75.16871413923579,0.686198893498613
mage30,60,10.0,12.0,MAGE,74.9373958177739,0.9969991590837335
mage30,60,10.0,12.0,CLERIC,75.03357251388475,0.8675430053808997
mage30,60,10.0,12.0,PALADIN,75.68452102391636,0.0
mage30,70,10.0,12.0,WARRIOR,97.75424086749976,2.5856999549846105
mage30,70,10.0,12.0,ROGUE,98.5578363657181,1.7492631001869485
mage30,70,10.0,12.0,RANGER,99.08316795058657,1.2097960771878746
mage30,70,10.0,12.0,MAGE,99.17754577591235,1.1134843527879523
mage30,70,10.0,12.0,CLERIC,99.44719992888409,0.8393120181554137
mage30,70,10.0,12.0,PALADIN,100.28187222960625,0.0
mage30,80,10.0,12.0,WARRIOR,123.25960633744819,3.501760362502515
mage30,80,10.0,12.0,ROGUE,125.12487998200214,1.9588289663094782
mage30,80,10.0,12.0,RANGER,125.3291980374616,1.7926104793365427
mage30,80,10.0,12.0,MAGE,125.78681266709894,1.4222871778979407
mage30,80,10.0,12.0,CLERIC,126.36992071907656,0.9542948584686295
mage30,80,10.0,12.0,PALADIN,127.57586237514958,0.0
mage30,90,10.0,12.0,WARRIOR,150.31004346973603,4.53844704105586
mage30,90,10.0,12.0,ROGUE,153.73814365272392,2.2074167520455656
mage30,90,10.0,12.0,RANGER,153.38800007838898,2.4407288117035186
mage30,90,10.0,12.0,MAGE,154.25668161072738,1.8638437889686221
mage30,90,10.0,12.0,CLERIC,155.33132034141414,1.1591125631498667
mage30,90,10.0,12.0,PALADIN,157.13178518999803,0.0
mage30,100,10.0,12.0,WARRIOR,179.0457352955372,5.506151326265263
mage30,100,10.0,12.0,ROGUE,184.4148949978227,2.4343854797434616
mage30,100,10.0,12.0,RANGER,183.15947327874625,3.136496869394634
mage30,100,10.0,12.0,MAGE,184.53388586829038,2.3683338890737815
mage30,100,10.0,12.0,CLERIC,186.2092603593403,1.4472986249946862
mage30,100,10.0,12.0,PALADIN,188.90426442413383,0.0
mage30,20,12.0,1.0,WARRIOR,125.36148678628157,0.10666209863203768
mage30,20,12.0,1.0,ROGUE,125.68693904874723,-0.15255289947727624
mage30,20,12.0,1.0,RANGER,125.65814945427174,-0.12967680649068614
mage30,20,12.0,1.0,MAGE,125.1683460395769,0.26113146792232644
mage30,20,12.0,1.0,CLERIC,124.7221837565314,0.6197904808512122
mage30,20,12.0,1.0,PALADIN,125.49519997896414,0.0
mage30,30,12.0,1.0,WARRIOR,283.6931219312536,0.20841441340699873
mage30,30,12.0,1.0,ROGUE,284.2343675587069,0.017595243293522245
mage30,30,12.0,1.0,RANGER,284.38122803165425,-0.03405595549395013
mage30,30,12.0,1.0,MAGE,283.3751665111334,0.32085125428007455
mage30,30,12.0,1.0,CLERIC,281.84592891293084,0.8651714018637069
mage30,30,12.0,1.0,PALADIN,284.2843792872026,0.0
mage30,40,12.0,1.0,WARRIOR,496.17959849208034,0.599569842194736
mage30,40,12.0,1.0,ROGUE,495.40406547101963,0.7570539925174424
mage30,40,12.0,1.0,RANGER,498.5593017195985,0.11939201738091487
mage30,40,12.0,1.0,MAGE,495.69202941248875,0.6985208778476526
mage30,40,12.0,1.0,CLERIC,494.7302688323101,0.8942798074381031
mage30,40,12.0,1.0,PALADIN,499.15454172776174,0.0
mage30,50,12.0,1.0,WARRIOR,753.4573767407098,1.1803037199989541
mage30,50,12.0,1.0,ROGUE,752.1831034899268,1.3517132530478815
mage30,50,12.0,1.0,RANGER,760.3002122961134,0.26966320115600073
mage30,50,12.0,1.0,MAGE,755.0123078663235,0.971925125485873
mage30,50,12.0,1.0,CLERIC,755.4649474171606,0.9114274319896865
mage30,50,12.0,1.0,PALADIN,762.350462186987,0.0
mage30,60,12.0,1.0,WARRIOR,1050.7897532854784,1.825447241226219
mage30,60,12.0,1.0,ROGUE,1053.1078810427878,1.6013064861341464
mage30,60,12.0,1.0,RANGER,1062.679272439,0.6861988934986574
mage30,60,12.0,1.0,MAGE,1059.4090663649997,0.9969991590837557
mage30,60,12.0,1.0,CLERIC,1060.7687408335469,0.8675430053809441
mage30,60,12.0,1.0,PALADIN,1069.9713658479159,0.0
mage30,70,12.0,1.0,WARRIOR,1381.9766208915162,2.5856999549846105
mage30,70,12.0,1.0,ROGUE,1393.3372552878968,1.749263100186993
mage30,70,12.0,1.0,RANGER,1400.7640018112338,1.2097960771878746
mage30,70,12.0,1.0,MAGE,1402.0982451849568,1.1134843527879745
mage30,70,12.0,1.0,CLERIC,1405.9104146808907,0.8393120181554137
mage30,70,12.0,1.0,PALADIN,1417.710389755806,0.0
mage30,80,12.0,1.0,WARRIOR,1742.5524739078462,3.501760362502515
mage30,80,12.0,1.0,ROGUE,1768.9223228828146,1.9588289663095226
mage30,80,12.0,1.0,RANGER,1771.8108193139176,1.7926104793365871
mage30,80,12.0,1.0,MAGE,1778.2802339799673,1.4222871778979629
mage30,80,12.0,1.0,CLERIC,1786.5237811461607,0.9542948584686517
mage30,80,12.0,1.0,PALADIN,1803.5724857349583,0.0
mage30,90,12.0,1.0,WARRIOR,2124.9713988564645,4.53844704105586
mage30,90,12.0,1.0,ROGUE,2173.4353249728224,2.207416752045588
mage30,90,12.0,1.0,RANGER,2168.485256010166,2.440728811703541
mage30,90,12.0,1.0,MAGE,2180.76602826146,1.8638437889686221
mage30,90,12.0,1.0,CLERIC,2195.9584699246975,1.159112563149911
mage30,90,12.0,1.0,PALADIN,2221.412100431149,0.0
mage30,100,12.0,1.0,WARRIOR,2531.2151989820068,5.506151326265263
mage30,100,12.0,1.0,ROGUE,2607.120378302552,2.4343854797434616
mage30,100,12.0,1.0,RANGER,2589.3721614505107,3.136496869394656
mage30,100,12.0,1.0,MAGE,2608.8025825693603,2.3683338890737815
mage30,100,12.0,1.0,CLERIC,2632.4877788055765,1.4472986249946862
mage30,100,12.0,1.0,PALADIN,2670.5877382313824,0.0
mage30,20,12.0,5.0,WARRIOR,25.211394707365915,0.10666209863203768
mage30,20,12.0,5.0,ROGUE,25.27684627193945,-0.15255289947726514
mage30,20,12.0,5.0,RANGER,25.271056408972818,-0.12967680649069724
mage30,20,12.0,5.0,MAGE,25.172552254838628,0.26113146792230424
mage30,20,12.0,5.0,CLERIC,25.08282474992656,0.6197904808512122
mage30,20,12.0,5.0,PALADIN,25.238285710055198,0.0
mage30,30,12.0,5.0,WARRIOR,57.053401775356114,0.20841441340702094
mage30,30,12.0,5.0,ROGUE,57.162251450780154,0.017595243293522245
mage30,30,12.0,5.0,RANGER,57.191786497350705,-0.03405595549393903
mage30,30,12.0,5.0,MAGE,56.98945789752335,0.32085125428009675
mage30,30,12.0,5.0,CLERIC,56.6819135816574,0.8651714018636625
mage30,30,12.0,5.0,PALADIN,57.17230928799498,0.0
mage30,40,12.0,5.0,WARRIOR,99.7864657161604,0.599569842194736
mage30,40,12.0,5.0,ROGUE,99.63049860374181,0.7570539925174424
mage30,40,12.0,5.0,RANGER,100.2650468090732,0.11939201738091487
mage30,40,12.0,5.0,MAGE,99.68841090819815,0.6985208778476526
mage30,40,12.0,5.0,CLERIC,99.49499165143544,0.8942798074381253
mage30,40,12.0,5.0,PALADIN,100.38475527118648,0.0
mage30,50,12.0,5.0,WARRIOR,151.52748908100267,1.1803037199989541
mage30,50,12.0,5.0,ROGUE,151.27122053542217,1.3517132530478815
mage30,50,12.0,5.0,RANGER,152.90364879741531,0.26966320115600073
mage30,50,12.0,5.0,MAGE,151.84020061111914,0.971925125485873
mage30,50,12.0,5.0,CLERIC,151.9312307565718,0.9114274319896865
mage30,50,12.0,5.0,PALADIN,153.31597367144676,0.0
mage30,60,12.0,5.0,WARRIOR,211.32387548737077,1.825447241226219
mage30,60,12.0,5.0,ROGUE,211.7900731639448,1.6013064861341464
mage30,60,12.0,5.0,RANGER,213.71497157233705,0.686198893498613
mage30,60,12.0,5.0,MAGE,213.05730183484732,0.9969991590837557
mage30,60,12.0,5.0,CLERIC,213.33074538261346,0.8675430053809219
mage30,60,12.0,5.0,PALADIN,215.1814813425073,0.0
mage30,70,12.0,5.0,WARRIOR,277.92872403504833,2.5856999549845883
mage30,70,12.0,5.0,ROGUE,280.21345633390433,1.7492631001869707
mage30,70,12.0,5.0,RANGER,281.70704613402063,1.2097960771878746
mage30,70,12.0,5.0,MAGE,281.97537524524097,1.1134843527879523
mage30,70,12.0,5.0,CLERIC,282.7420390134939,0.8393120181554137
mage30,70,12.0,5.0,PALADIN,285.11512692731185,0.0
mage30,80,12.0,5.0,WARRIOR,350.44397880254877,3.501760362502515
mage30,80,12.0,5.0,ROGUE,355.74720779196684,1.9588289663095004
mage30,80,12.0,5.0,RANGER,356.3281120672927,1.792610479336565
mage30,80,12.0,5.0,MAGE,357.62917326920285,1.4222871778979407
mage30,80,12.0,5.0,CLERIC,359.2870294954137,0.9542948584686295
mage30,80,12.0,5.0,PALADIN,362.71568714503314,0.0
mage30,90,12.0,5.0,WARRIOR,427.3520843747397,4.53844704105586
mage30,90,12.0,5.0,ROGUE,437.0986437185287,2.207416752045588
mage30,90,12.0,5.0,RANGER,436.1031374777726,2.4407288117035186
mage30,90,12.0,5.0,MAGE,438.5729183050093,1.8638437889686221
mage30,90,12.0,5.0,CLERIC,441.6282637157851,1.159112563149911
mage30,90,12.0,5.0,PALADIN,446.7472324029356,0.0
mage30,100,12.0,5.0,WARRIOR,509.0516003500568,5.506151326265241
mage30,100,12.0,5.0,ROGUE,524.3168583271429,2.4343854797434394
mage30,100,12.0,5.0,RANGER,520.7475220670235,3.136496869394634
mage30,100,12.0,5.0,MAGE,524.6551657039629,2.368333889073737
mage30,100,12.0,5.0,CLERIC,529.4184853353793,1.447298624994664
mage30,100,12.0,5.0,PALADIN,537.0807517941058,0.0
mage30,20,12.0,12.0,WARRIOR,10.606172945857386,0.10666209863201548
mage30,20,12.0,12.0,ROGUE,10.633707741988323,-0.15255289947727624
mage30,20,12.0,12.0,RANGER,10.631272006533392,-0.12967680649069724
mage30,20,12.0,12.0,MAGE,10.589832327897632,0.26113146792228203
mage30,20,12.0,12.0,CLERIC,10.552084894796693,0.61979048085119
mage30,20,12.0,12.0,PALADIN,10.61748571250598,0.0
mage30,30,12.0,12.0,WARRIOR,24.00177591928775,0.20841441340699873
mage30,30,12.0,12.0,ROGUE,24.04756785170752,0.017595243293477836
mage30,30,12.0,12.0,RANGER,24.05999294026478,-0.03405595549396123
mage30,30,12.0,12.0,MAGE,23.9748753913719,0.32085125428005234
mage30,30,12.0,12.0,CLERIC,23.84549467918001,0.8651714018636403
mage30,30,12.0,12.0,PALADIN,24.051799079777194,0.0
mage30,40,12.0,12.0,WARRIOR,41.97913385300541,0.599569842194736
mage30,40,12.0,12.0,ROGUE,41.913520102263796,0.7570539925174424
mage30,40,12.0,12.0,RANGER,42.18046796795493,0.11939201738091487
mage30,40,12.0,12.0,MAGE,41.93788320965577,0.6985208778476526
mage30,40,12.0,12.0,CLERIC,41.856513729224574,0.8942798074381031
mage30,40,12.0,12.0,PALADIN,42.23082807960259,0.0
mage30,50,12.0,12.0,WARRIOR,63.74604713062871,1.1803037199989763
mage30,50,12.0,12.0,ROGUE,63.63823760455692,1.3517132530479037
mage30,50,12.0,12.0,RANGER,64.3249832871885,0.26966320115604514
mage30,50,12.0,12.0,MAGE,63.877601636401856,0.971925125485873
mage30,50,12.0,12.0,CLERIC,63.915897076902624,0.9114274319897087
mage30,50,12.0,12.0,PALADIN,64.49844409626382,0.0
mage30,60,12.0,12.0,WARRIOR,88.90176830848013,1.825447241226219
mage30,60,12.0,12.0,ROGUE,89.09789284828022,1.6013064861341686
mage30,60,12.0,12.0,RANGER,89.90767769594869,0.6861988934986352
mage30,60,12.0,12.0,MAGE,89.63100284086683,0.9969991590837557
mage30,60,12.0,12.0,CLERIC,89.74603771268566,0.8675430053809441
mage30,60,12.0,12.0,PALADIN,90.52462318546861,0.0
mage30,70,12.0,12.0,WARRIOR,116.92173907681342,2.5856999549846327
mage30,70,12.0,12.0,ROGUE,117.88290231978044,1.749263100186993
mage30,70,12.0,12.0,RANGER,118.5112400977604,1.2097960771878746
mage30,70,12.0,12.0,MAGE,118.62412337903241,1.1134843527879745
mage30,70,12.0,12.0,CLERIC,118.94665089533191,0.8393120181554359
mage30,70,12.0,12.0,PALADIN,119.94498443148983,0.0
mage30,80,12.0,12.0,WARRIOR,147.42815659969295,3.501760362502515
mage30,80,12.0,12.0,ROGUE,149.65917017455155,1.9588289663095448
mage30,80,12.0,12.0,RANGER,149.9035505938266,1.7926104793365871
mage30,80,12.0,12.0,MAGE,150.4508935822164,1.4222871778979407
mage30,80,12.0,12.0,CLERIC,151.14833654634646,0.9542948584686517
mage30,80,12.0,12.0,PALADIN,152.59073735066914,0.0
mage30,90,12.0,12.0,WARRIOR,179.78260101282157,4.5384470410558375
mage30,90,12.0,12.0,ROGUE,183.8828777022776,2.20741675204561
mage30,90,12.0,12.0,RANGER,183.4640785251319,2.440728811703541
mage30,90,12.0,12.0,MAGE,184.50308976969356,1.8638437889686221
mage30,90,12.0,12.0,CLERIC,185.7884419769855,1.159112563149911
mage30,90,12.0,12.0,PALADIN,187.9419391488212,0.0
mage30,100,12.0,12.0,WARRIOR,214.15274221623082,5.506151326265263
mage30,100,12.0,12.0,ROGUE,220.57467833072909,2.4343854797434616
mage30,100,12.0,12.0,RANGER,219.0730954902651,3.136496869394656
mage30,100,12.0,12.0,MAGE,220.71700074442577,2.3683338890737815
mage30,100,12.0,12.0,CLERIC,222.72088003764233,1.4472986249947084
mage30,100,12.0,12.0,PALADIN,225.94431627200322,0.0
mage30,20,24.0,1.0,WARRIOR,250.54910188492607,0.10666209863203768
mage30,20,24.0,1.0,ROGUE,251.1995550197569,-0.15255289947727624
mage30,20,24.0,1.0,RANGER,251.14201576089533,-0.12967680649068614
mage30,20,24.0,1.0,MAGE,250.16308827049974,0.26113146792230424
mage30,20,24.0,1.0,CLERIC,249.2713825147874,0.6197904808512122
mage30,20,24.0,1.0,PALADIN,250.81634281510026,0.0
mage30,30,24.0,1.0,WARRIOR,566.9927721261254,0.20841441340699873
mage30,30,24.0,1.0,ROGUE,568.0745126936152,0.017595243293522245
mage30,30,24.0,1.0,RANGER,568.3680299495335,-0.034055955493927925
mage30,30,24.0,1.0,MAGE,566.357302278146,0.32085125428007455
mage30,30,24.0,1.0,CLERIC,563.3009480770228,0.8651714018636847
mage30,30,24.0,1.0,PALADIN,568.1744667862122,0.0
mage30,40,24.0,1.0,WARRIOR,991.6710144619803,0.5995698421947138
mage30,40,24.0,1.0,ROGUE,990.1210240551169,0.7570539925174424
mage30,40,24.0,1.0,RANGER,996.427120357755,0.11939201738093708
mage30,40,24.0,1.0,MAGE,990.6965525428521,0.6985208778476526
mage30,40,24.0,1.0,CLERIC,988.7743653084034,0.8942798074381253
mage30,40,24.0,1.0,PALADIN,997.6167747984808,0.0
mage30,50,24.0,1.0,WARRIOR,1505.8697363153437,1.1803037199989541
mage30,50,24.0,1.0,ROGUE,1503.3229571830575,1.3517132530478815
mage30,50,24.0,1.0,RANGER,1519.5459166694857,0.26966320115602294
mage30,50,24.0,1.0,MAGE,1508.977441935329,0.971925125485873
mage30,50,24.0,1.0,CLERIC,1509.8820932428962,0.9114274319897087
mage30,50,24.0,1.0,PALADIN,1523.6435728314123,0.0
mage30,60,24.0,1.0,WARRIOR,2100.122100533112,1.8254472412262412
mage30,60,24.0,1.0,ROGUE,2104.7551408913414,1.6013064861341464
mage30,60,24.0,1.0,RANGER,2123.884648522329,0.6861988934986352
mage30,60,24.0,1.0,MAGE,2117.3487720276894,0.9969991590838001
mage30,60,24.0,1.0,CLERIC,2120.0662351472133,0.8675430053809663
mage30,60,24.0,1.0,PALADIN,2138.4587214796766,0.0
mage30,70,24.0,1.0,WARRIOR,2762.0364919621006,2.5856999549846327
mage30,70,24.0,1.0,ROGUE,2784.7420039803874,1.749263100186993
mage30,70,24.0,1.0,RANGER,2799.585196407749,1.209796077187919
mage30,70,24.0,1.0,MAGE,2802.251832609601,1.1134843527879967
mage30,70,24.0,1.0,CLERIC,2809.8708842651354,0.8393120181554581
mage30,70,24.0,1.0,PALADIN,2833.454468291424,0.0
mage30,80,24.0,1.0,WARRIOR,3482.6880927894676,3.5017603625025373
mage30,80,24.0,1.0,ROGUE,3535.3912167463736,1.9588289663095448
mage30,80,24.0,1.0,RANGER,3541.1642033721982,1.7926104793366093
mage30,80,24.0,1.0,MAGE,3554.094059868422,1.422287177897985
mage30,80,24.0,1.0,CLERIC,3570.5697207095936,0.9542948584686739
mage30,80,24.0,1.0,PALADIN,3604.6434839723647,0.0
mage30,90,24.0,1.0,WARRIOR,4246.99554195862,4.53844704105586
mage30,90,24.0,1.0,ROGUE,4343.8561765406885,2.20741675204561
mage30,90,24.0,1.0,RANGER,4333.962904175657,2.440728811703541
mage30,90,24.0,1.0,MAGE,4358.507415707022,1.8638437889686443
mage30,90,24.0,1.0,CLERIC,4388.871227685837,1.159112563149911
mage30,90,24.0,1.0,PALADIN,4439.7431854664155,0.0
mage30,100,24.0,1.0,WARRIOR,5058.919697271944,5.506151326265241
mage30,100,24.0,1.0,ROGUE,5210.624778271813,2.4343854797434394
mage30,100,24.0,1.0,RANGER,5175.152960679869,3.136496869394634
mage30,100,24.0,1.0,MAGE,5213.986853651108,2.368333889073737
mage30,100,24.0,1.0,CLERIC,5261.324395643322,1.447298624994664
mage30,100,24.0,1.0,PALADIN,5337.471471277976,0.0
mage30,20,24.0,5.0,WARRIOR,50.24891772709483,0.10666209863201548
mage30,20,24.0,5.0,ROGUE,50.37936946614139,-0.15255289947726514
mage30,20,24.0,5.0,RANGER,50.36782967029753,-0.12967680649067503
mage30,20,24.0,5.0,MAGE,50.17150070102319,0.26113146792230424
mage30,20,24.0,5.0,CLERIC,49.99266450157775,0.6197904808512344
mage30,20,24.0,5.0,PALADIN,50.30251427728243,0.0
mage30,30,24.0,5.0,WARRIOR,113.71333181433047,0.20841441340699873
mage30,30,24.0,5.0,ROGUE,113.93028047776183,0.01759524329350004
mage30,30,24.0,5.0,RANGER,113.98914688092657,-0.03405595549396123
mage30,30,24.0,5.0,MAGE,113.58588505092585,0.32085125428005234
mage30,30,24.0,5.0,CLERIC,112.97291741447577,0.8651714018636403
mage30,30,24.0,5.0,PALADIN,113.95032678779685,0.0
mage30,40,24.0,5.0,WARRIOR,198.88474891014033,0.599569842194736
mage30,40,24.0,5.0,ROGUE,198.57389032056125,0.7570539925174424
mage30,40,24.0,5.0,RANGER,199.8386105367045,0.11939201738091487
mage30,40,24.0,5.0,MAGE,198.68931553427078,0.6985208778476526
mage30,40,24.0,5.0,CLERIC,198.3038109466541,0.8942798074381031
mage30,40,24.0,5.0,PALADIN,200.07720188533025,0.0
mage30,50,24.0,5.0,WARRIOR,302.0099609959294,1.1803037199989541
mage30,50,24.0,5.0,ROGUE,301.49919127404826,1.3517132530479037
mage30,50,24.0,5.0,RANGER,304.75278967208976,0.26966320115602294
mage30,50,24.0,5.0,MAGE,302.63322742492016,0.971925125485873
mage30,50,24.0,5.0,CLERIC,302.814659921719,0.9114274319896865
mage30,50,24.0,5.0,PALADIN,305.5745958003318,0.0
mage30,60,24.0,5.0,WARRIOR,421.1903449368975,1.8254472412262412
mage30,60,24.0,5.0,ROGUE,422.1195251336555,1.6013064861341464
mage30,60,24.0,5.0,RANGER,425.95604678900276,0.6861988934986352
mage30,60,24.0,5.0,MAGE,424.64524296738546,0.9969991590837335
mage30,60,24.0,5.0,CLERIC,425.1902442453468,0.8675430053809219
mage30,60,24.0,5.0,PALADIN,428.8789524688594,0.0
mage30,70,24.0,5.0,WARRIOR,553.9406982491652,2.5856999549846105
mage30,70,24.0,5.0,ROGUE,558.4944060724024,1.7492631001869485
mage30,70,24.0,5.0,RANGER,561.4712850533238,1.2097960771878746
mage30,70,24.0,5.0,MAGE,562.0060927301699,1.1134843527879301
mage30,70,24.0,5.0,CLERIC,563.534132930343,0.8393120181553915
mage30,70,24.0,5.0,PALADIN,568.2639426344352,0.0
mage30,80,24.0,5.0,WARRIOR,698.471102578873,3.5017603625025373
mage30,80,24.0,5.0,ROGUE,709.0409865646786,1.9588289663095226
mage30,80,24.0,5.0,RANGER,710.1987888789488,1.7926104793365871
mage30,80,24.0,5.0,MAGE,712.7919384468938,1.4222871778979629
mage30,80,24.0,5.0,CLERIC,716.0962174081003,0.9542948584686517
mage30,80,24.0,5.0,PALADIN,722.9298867925144,0.0
mage30,90,24.0,5.0,WARRIOR,851.7569129951708,4.53844704105586
mage30,90,24.0,5.0,ROGUE,871.182814032102,2.207416752045588
mage30,90,24.0,5.0,RANGER,869.1986671108708,2.4407288117035186
mage30,90,24.0,5.0,MAGE,874.1211957941218,1.8638437889686221
mage30,90,24.0,5.0,CLERIC,880.2108152680132,1.1591125631498889
mage30,90,24.0,5.0,PALADIN,890.4134494099889,0.0
mage30,100,24.0,5.0,WARRIOR,1014.592500008044,5.506151326265263
mage30,100,24.0,5.0,ROGUE,1045.0177383209952,2.4343854797434394
mage30,100,24.0,5.0,RANGER,1037.903681912895,3.136496869394634
mage30,100,24.0,5.0,MAGE,1045.6920199203123,2.368333889073737
mage30,100,24.0,5.0,CLERIC,1055.1858087029284,1.447298624994664
mage30,100,24.0,5.0,PALADIN,1070.4574984034248,0.0
mage30,20,24.0,12.0,WARRIOR,21.038474204077765,0.10666209863203768
mage30,20,24.0,12.0,ROGUE,21.093092406239133,-0.15255289947727624
mage30,20,24.0,12.0,RANGER,21.088260865418697,-0.12967680649069724
mage30,20,24.0,12.0,MAGE,21.0060608471412,0.26113146792230424
mage30,20,24.0,12.0,CLERIC,20.931184791318028,0.6197904808512122
mage30,20,24.0,12.0,PALADIN,21.060914282183994,0.0
mage30,30,24.0,12.0,WARRIOR,47.610080102193734,0.20841441340699873
mage30,30,24.0,12.0,ROGUE,47.70091327961656,0.017595243293477836
mage30,30,24.0,12.0,RANGER,47.72555976675473,-0.03405595549395013
mage30,30,24.0,12.0,MAGE,47.55672003862294,0.32085125428007455
mage30,30,24.0,12.0,CLERIC,47.300079609521006,0.8651714018636403
mage30,30,24.0,12.0,PALADIN,47.70930637136132,0.0
mage30,40,24.0,12.0,WARRIOR,83.2700851838304,0.599569842194736
mage30,40,24.0,12.0,ROGUE,83.13993331760524,0.7570539925174424
mage30,40,24.0,12.0,RANGER,83.66945285446799,0.11939201738091487
mage30,40,24.0,12.0,MAGE,83.18826013718606,0.6985208778476526
mage30,40,24.0,12.0,CLERIC,83.02685510223235,0.8942798074381253
mage30,40,24.0,12.0,PALADIN,83.76934750216252,0.0
mage30,50,24.0,12.0,WARRIOR,126.44707709518153,1.1803037199989763
mage30,50,24.0,12.0,ROGUE,126.23322541231784,1.3517132530478815
mage30,50,24.0,12.0,RANGER,127.59545865163624,0.26966320115600073
mage30,50,24.0,12.0,MAGE,126.70802947548565,0.971925125485873
mage30,50,24.0,12.0,CLERIC,126.78399256238063,0.9114274319896865
mage30,50,24.0,12.0,PALADIN,127.93953664996593,0.0
mage30,60,24.0,12.0,WARRIOR,176.3461305791163,1.8254472412262412
mage30,60,24.0,12.0,ROGUE,176.73516450232637,1.6013064861341686
mage30,60,24.0,12.0,RANGER,178.3414590362261,0.6861988934986352
mage30,60,24.0,12.0,MAGE,177.79264497942432,0.9969991590838001
mage30,60,24.0,12.0,CLERIC,178.02082890549121,0.8675430053809663
mage30,60,24.0,12.0,PALADIN,179.565236154782,0.0
mage30,70,24.0,12.0,WARRIOR,231.9267283326955,2.5856999549846327
mage30,70,24.0,12.0,ROGUE,233.8332980441547,1.7492631001869707
mage30,70,24.0,12.0,RANGER,235.07967298080345,1.2097960771878746
mage30,70,24.0,12.0,MAGE,235.30358899775283,1.1134843527879745
mage30,70,24.0,12.0,CLERIC,235.94335669401903,0.8393120181554581
mage30,70,24.0,12.0,PALADIN,237.9236576427913,0.0
mage30,80,24.0,12.0,WARRIOR,292.43945817316137,3.5017603625025373
mage30,80,24.0,12.0,ROGUE,296.8649113298482,1.9588289663095004
mage30,80,24.0,12.0,RANGER,297.34966593201665,1.7926104793365871
mage30,80,24.0,12.0,MAGE,298.435379072921,1.4222871778979407
mage30,80,24.0,12.0,CLERIC,299.81883150996595,0.9542948584686517
mage30,80,24.0,12.0,PALADIN,302.6799872037863,0.0
mage30,90,24.0,12.0,WARRIOR,356.6179462713345,4.53844704105586
mage30,90,24.0,12.0,ROGUE,364.7512819995999,2.207416752045588
mage30,90,24.0,12.0,RANGER,363.9205492055896,2.4407288117034964
mage30,90,24.0,12.0,MAGE,365.9815387234905,1.8638437889686221
mage30,90,24.0,12.0,CLERIC,368.53117179041385,1.159112563149911
mage30,90,24.0,12.0,PALADIN,372.8028629017601,0.0
mage30,100,24.0,12.0,WARRIOR,424.7947837403922,5.506151326265263
mage30,100,24.0,12.0,ROGUE,437.5333783281676,2.4343854797434394
mage30,100,24.0,12.0,RANGER,434.5548287593783,3.136496869394634
mage30,100,24.0,12.0,MAGE,437.815690001238,2.3683338890737593
mage30,100,24.0,12.0,CLERIC,441.7905981074545,1.4472986249946862
mage30,100,24.0,12.0,PALADIN,448.18462735921946,0.0
mage35,20,4.0,1.0,WARRIOR,41.90307672051852,0.10666209863203768
mage35,20,4.0,1.0,ROGUE,42.01186173474075,-0.15255289947727624
mage35,20,4.0,1.0,RANGER,42.002238583189296,-0.12967680649068614
mage35,20,4.0,1.0,MAGE,41.81431348060618,0.31916807864305063
mage35,20,4.0,1.0,CLERIC,41.689384584360695,0.6197904808512122
mage35,20,4.0,1.0,PALADIN,41.94777142154002,0.0
mage35,30,4.0,1.0,WARRIOR,94.82668846800568,0.20841441340699873
mage35,30,4.0,1.0,ROGUE,95.0076041354346,0.01759524329350004
mage35,30,4.0,1.0,RANGER,95.05669341973461,-0.03405595549396123
mage35,30,4.0,1.0,MAGE,94.60264505094932,0.44573373540786054
mage35,30,4.0,1.0,CLERIC,94.20924947020299,0.8651714018636403
mage35,30,4.0,1.0,PALADIN,95.02432095452956,0.0
mage35,40,4.0,1.0,WARRIOR,165.85198784548038,0.599569842194736
mage35,40,4.0,1.0,ROGUE,165.5927597482881,0.7570539925174646
mage35,40,4.0,1.0,RANGER,166.6474226274941,0.11939201738091487
mage35,40,4.0,1.0,MAGE,165.3365269215185,0.9132037873763821
mage35,40,4.0,1.0,CLERIC,165.3675378482479,0.8942798074381031
mage35,40,4.0,1.0,PALADIN,166.84638634728236,0.0
mage35,50,4.0,1.0,WARRIOR,251.84913702428713,1.1803037199989985
mage35,50,4.0,1.0,ROGUE,251.4232010278396,1.3517132530478815
mage35,50,4.0,1.0,RANGER,254.13640938053163,0.26966320115602294
mage35,50,4.0,1.0,MAGE,251.53694868025661,1.30588094287849
mage35,50,4.0,1.0,CLERIC,252.52018353333662,0.9114274319896865
mage35,50,4.0,1.0,PALADIN,254.82172175737014,0.0
mage35,60,4.0,1.0,WARRIOR,351.23485512038866,1.8254472412262412
mage35,60,4.0,1.0,ROGUE,352.0097078104186,1.6013064861341686
mage35,60,4.0,1.0,RANGER,355.20902171678085,0.6861988934986574
mage35,60,4.0,1.0,MAGE,352.36532255745226,1.4987682379259848
mage35,60,4.0,1.0,CLERIC,354.5704112911023,0.8675430053809663
mage35,60,4.0,1.0,PALADIN,357.6464620934088,0.0
mage35,70,4.0,1.0,WARRIOR,461.9367068444596,2.5856999549846105
mage35,70,4.0,1.0,ROGUE,465.7340894929031,1.7492631001869707
mage35,70,4.0,1.0,RANGER,468.21653874688934,1.209796077187919
mage35,70,4.0,1.0,MAGE,465.313655124949,1.8411986938454916
mage35,70,4.0,1.0,CLERIC,469.9367682913933,0.8393120181554359
mage35,70,4.0,1.0,PALADIN,473.8810040653942,0.0
mage35,80,4.0,1.0,WARRIOR,582.4620613200982,3.5017603625025595
mage35,80,4.0,1.0,ROGUE,591.2763936404414,1.9588289663095226
mage35,80,4.0,1.0,RANGER,592.2418966083967,1.7926104793366093
mage35,80,4.0,1.0,MAGE,588.4843310968396,2.442572393795084
mage35,80,4.0,1.0,CLERIC,597.1598214372049,0.9542948584686517
mage35,80,4.0,1.0,PALADIN,602.8584869100207,0.0
mage35,90,4.0,1.0,WARRIOR,710.2886367883605,4.53844704105586
mage35,90,4.0,1.0,ROGUE,726.4880905942443,2.207416752045588
mage35,90,4.0,1.0,RANGER,724.8334905665047,2.440728811703541
mage35,90,4.0,1.0,MAGE,719.3892941812685,3.2159800560695784
mage35,90,4.0,1.0,CLERIC,734.0166314172707,1.1591125631498889
mage35,90,4.0,1.0,PALADIN,742.5247104076378,0.0
mage35,100,4.0,1.0,WARRIOR,846.0788667887149,5.506151326265263
mage35,100,4.0,1.0,ROGUE,871.4507783230443,2.4343854797434616
mage35,100,4.0,1.0,RANGER,865.5182952976046,3.136496869394634
mage35,100,4.0,1.0,MAGE,857.60771275437,4.0878289989589645
mage35,100,4.0,1.0,CLERIC,879.9300342470788,1.447298624994664
mage35,100,4.0,1.0,PALADIN,892.6652495336518,0.0
mage35,20,4.0,5.0,WARRIOR,8.51971269421331,0.10666209863203768
mage35,20,4.0,5.0,ROGUE,8.541830809138158,-0.15255289947724293
mage35,20,4.0,5.0,RANGER,8.539874234756331,-0.12967680649068614
mage35,20,4.0,5.0,MAGE,8.501665396471795,0.31916807864307284
mage35,20,4.0,5.0,CLERIC,8.476264915492424,0.6197904808512344
mage35,20,4.0,5.0,PALADIN,8.528799998570378,0.0
mage35,30,4.0,5.0,WARRIOR,19.280115082706548,0.20841441340702094
mage35,30,4.0,5.0,ROGUE,19.316898766125707,0.017595243293522245
mage35,30,4.0,5.0,RANGER,19.326879574966785,-0.034055955493927925
mage35,30,4.0,5.0,MAGE,19.234562686707534,0.44573373540790495
mage35,30,4.0,5.0,CLERIC,19.15457769311181,0.8651714018636625
mage35,30,4.0,5.0,PALADIN,19.32029762146037,0.0
mage35,40,4.0,5.0,WARRIOR,33.720943586840406,0.5995698421947138
mage35,40,4.0,5.0,ROGUE,33.66823745919551,0.7570539925174202
mage35,40,4.0,5.0,RANGER,33.88267099065232,0.11939201738089267
mage35,40,4.0,5.0,MAGE,33.61614032844152,0.9132037873763599
mage35,40,4.0,5.0,CLERIC,33.62244545462301,0.8942798074381031
mage35,40,4.0,5.0,PALADIN,33.923124195090594,0.0
mage35,50,4.0,5.0,WARRIOR,51.20584113771813,1.1803037199989541
mage35,50,4.0,5.0,ROGUE,51.11924004300472,1.3517132530478815
mage35,50,4.0,5.0,RANGER,51.67088821429896,0.26966320115600073
mage35,50,4.0,5.0,MAGE,51.142367159056306,1.3058809428785123
mage35,50,4.0,5.0,CLERIC,51.34227797980703,0.9114274319896642
mage35,50,4.0,5.0,PALADIN,51.810225585523376,0.0
mage35,60,4.0,5.0,WARRIOR,71.41289585435285,1.8254472412262412
mage35,60,4.0,5.0,ROGUE,71.57043851747099,1.6013064861341464
mage35,60,4.0,5.0,RANGER,72.22092142789319,0.6861988934986352
mage35,60,4.0,5.0,MAGE,71.6427419307683,1.4987682379259404
mage35,60,4.0,5.0,CLERIC,72.09107947412454,0.8675430053809219
mage35,60,4.0,5.0,PALADIN,72.71650059160591,0.0
mage35,70,4.0,5.0,WARRIOR,93.92074122563699,2.5856999549846105
mage35,70,4.0,5.0,ROGUE,94.69282317490561,1.7492631001869485
mage35,70,4.0,5.0,RANGER,95.19755352115178,1.2097960771878746
mage35,70,4.0,5.0,MAGE,94.6073406685581,1.8411986938454472
mage35,70,4.0,5.0,CLERIC,95.54730973559448,0.8393120181554137
mage35,70,4.0,5.0,PALADIN,96.3492497892295,0.0
mage35,80,4.0,5.0,WARRIOR,118.42589628499924,3.501760362502493
mage35,80,4.0,5.0,ROGUE,120.21802194349223,1.9588289663095004
mage35,80,4.0,5.0,RANGER,120.41432752618856,1.792610479336565
mage35,80,4.0,5.0,MAGE,119.65034117736573,2.4425723937950394
mage35,80,4.0,5.0,CLERIC,121.41423755362254,0.9542948584686295
mage35,80,4.0,5.0,PALADIN,122.57288738004566,0.0
mage35,90,4.0,5.0,WARRIOR,144.67263853105783,4.352665390714994
mage35,90,4.0,5.0,ROGUE,147.7091968428131,2.20741675204561
mage35,90,4.0,5.0,RANGER,147.37278438904033,2.440728811703541
mage35,90,4.0,5.0,MAGE,146.26587309079736,3.215980056069556
mage35,90,4.0,5.0,CLERIC,149.23989601429977,1.159112563149911
mage35,90,4.0,5.0,PALADIN,150.9697543982334,0.0
mage35,100,4.0,5.0,WARRIOR,173.31812464216895,4.7185656025735545
mage35,100,4.0,5.0,ROGUE,177.18293833124136,2.4343854797434616
mage35,100,4.0,5.0,RANGER,175.97674883644243,3.136496869394634
mage35,100,4.0,5.0,MAGE,174.36837313263123,4.0878289989589645
mage35,100,4.0,5.0,CLERIC,178.90693642367987,1.4472986249946862
mage35,100,4.0,5.0,PALADIN,181.4962540545599,0.0
mage35,20,4.0,12.0,WARRIOR,7.215972222222222,-0.05653931286689895
mage35,20,4.0,12.0,ROGUE,7.221961805555555,-0.1394281043787471
mage35,20,4.0,12.0,RANGER,7.222048611111111,-0.14062838048991555
mage35,20,4.0,12.0,MAGE,7.18828125,0.3284667125553975
mage35,20,4.0,12.0,CLERIC,7.167795138888889,0.6152132052850368
mage35,20,4.0,12.0,PALADIN,7.211892361111111,0.0
mage35,30,4.0,12.0,WARRIOR,16.444791666666667,-0.18000042228837332
mage35,30,4.0,12.0,ROGUE,16.409635416666667,0.03385544781764338
mage35,30,4.0,12.0,RANGER,16.42230902777778,-0.04334381689879985
mage35,30,4.0,12.0,MAGE,16.342187499999998,0.446717871901936
mage35,30,4.0,12.0,CLERIC,16.276215277777776,0.853857558852722
mage35,30,4.0,12.0,PALADIN,16.415190972222224,0.0
mage35,40,4.0,12.0,WARRIOR,29.00876736111111,-0.12238876536968535
mage35,40,4.0,12.0,ROGUE,28.74973958333333,0.7774828878280848
mage35,40,4.0,12.0,RANGER,28.940451388888892,0.1133793649555459
mage35,40,4.0,12.0,MAGE,28.711197916666663,0.9127657194341277
mage35,40,4.0,12.0,CLERIC,28.72065972222222,0.8795207669662908
mage35,40,4.0,12.0,PALADIN,28.973263888888884,0.0
mage35,50,4.0,12.0,WARRIOR,44.49973958333334,0.009558420480781926
mage35,50,4.0,12.0,ROGUE,43.90147569444444,1.3724307704475747
mage35,50,4.0,12.0,RANGER,44.392100694444444,0.2520546659444678
mage35,50,4.0,12.0,MAGE,43.93550347222222,1.2939184450060148
mage35,50,4.0,12.0,CLERIC,44.114322916666666,0.8833188704380435
mage35,50,4.0,12.0,PALADIN,44.50399305555556,0.0
mage35,60,4.0,12.0,WARRIOR,62.858333333333334,0.038943391223655865
mage35,60,4.0,12.0,ROGUE,61.88923611111112,1.6054106518702094
mage35,60,4.0,12.0,RANGER,62.47986111111111,0.6449300330106267
mage35,60,4.0,12.0,MAGE,61.97838541666666,1.459262091538971
mage35,60,4.0,12.0,CLERIC,62.377604166666664,0.8099194255416942
mage35,60,4.0,12.0,PALADIN,62.8828125,0.0
mage35,70,4.0,12.0,WARRIOR,83.93159722222224,0.0276142526776324
mage35,70,4.0,12.0,ROGUE,82.52552083333333,1.7318927015422592
mage35,70,4.0,12.0,RANGER,83.0064236111111,1.1425027765170626
mage35,70,4.0,12.0,MAGE,82.49539930555557,1.7690380461031552
mage35,70,4.0,12.0,CLERIC,83.33585069444445,0.7426858980301709
mage35,70,4.0,12.0,PALADIN,83.95477430555556,0.0
mage35,80,4.0,12.0,WARRIOR,107.68767361111111,0.02128067762836583
mage35,80,4.0,12.0,ROGUE,105.67986111111111,1.9215857641330159
mage35,80,4.0,12.0,RANGER,105.91006944444445,1.700046882017947
mage35,80,4.0,12.0,MAGE,105.24618055555555,2.3415668950773405
mage35,80,4.0,12.0,CLERIC,106.83741319444444,0.8172952313476145
mage35,80,4.0,12.0,PALADIN,107.71059027777777,0.0
mage35,90,4.0,12.0,WARRIOR,133.85625,0.015628809927736853
mage35,90,4.0,12.0,ROGUE,131.05225694444445,2.1555624148021924
mage35,90,4.0,12.0,RANGER,130.84861111111113,2.314551910074192
mage35,90,4.0,12.0,MAGE,129.8703125,3.085276043274998
mage35,90,4.0,12.0,CLERIC,132.58359375,0.975668521497508
mage35,90,4.0,12.0,PALADIN,133.87717013888889,0.0
mage35,100,4.0,12.0,WARRIOR,162.50173611111111,0.013888740504919284
mage35,100,4.0,12.0,ROGUE,158.76024305555555,2.3709100134615246
mage35,100,4.0,12.0,RANGER,157.83255208333333,2.9726145907753354
mage35,100,4.0,12.0,MAGE,156.3810763888889,3.9283711997157855
mage35,100,4.0,12.0,CLERIC,160.57196180555556,1.2158684044504708
mage35,100,4.0,12.0,PALADIN,162.52430555555557,0.0
mage35,20,8.0,1.0,WARRIOR,83.63228175340005,0.10666209863203768
mage35,20,8.0,1.0,ROGUE,83.84940039174398,-0.15255289947725403
mage35,20,8.0,1.0,RANGER,83.83019401873051,-0.12967680649066393
mage35,20,8.0,1.0,MAGE,83.45512358577417,0.31916807864307284
mage35,20,8.0,1.0,CLERIC,83.20578417044604,0.6197904808512344
mage35,20,8.0,1.0,PALADIN,83.72148570025209,0.0
mage35,30,8.0,1.0,WARRIOR,189.25990519962963,0.20841441340699873
mage35,30,8.0,1.0,ROGUE,189.62098584707076,0.01759524329350004
mage35,30,8.0,1.0,RANGER,189.71896072569444,-0.03405595549396123
mage35,30,8.0,1.0,MAGE,188.81274800625158,0.44573373540788275
mage35,30,8.0,1.0,CLERIC,188.02758919156696,0.8651714018636625
mage35,30,8.0,1.0,PALADIN,189.6543501208661,0.0
mage35,40,8.0,1.0,WARRIOR,331.0157931687804,0.5995698421947138
mage35,40,8.0,1.0,ROGUE,330.4984126096539,0.7570539925174646
mage35,40,8.0,1.0,RANGER,332.6033621735463,0.11939201738091487
mage35,40,8.0,1.0,MAGE,329.98701016286475,0.9132037873763599
mage35,40,8.0,1.0,CLERIC,330.048903340279,0.8942798074381031
mage35,40,8.0,1.0,PALADIN,333.0004640375221,0.0
mage35,50,8.0,1.0,WARRIOR,502.6532568824985,1.1803037199989541
mage35,50,8.0,1.0,ROGUE,501.80315225888324,1.3517132530478815
mage35,50,8.0,1.0,RANGER,507.21831083832257,0.26966320115600073
mage35,50,8.0,1.0,MAGE,502.030175581757,1.30588094287849
mage35,50,8.0,1.0,CLERIC,503.9925654752487,0.9114274319896642
mage35,50,8.0,1.0,PALADIN,508.58609197217856,0.0
mage35,60,8.0,1.0,WARRIOR,701.0123042029335,1.825447241226219
mage35,60,8.0,1.0,ROGUE,702.5587944266032,1.6013064861341464
mage35,60,8.0,1.0,RANGER,708.9441470778904,0.6861988934986352
mage35,60,8.0,1.0,MAGE,703.2685483408072,1.4987682379259626
mage35,60,8.0,1.0,CLERIC,707.6695760623247,0.8675430053809219
mage35,60,8.0,1.0,PALADIN,713.8089139706623,0.0
mage35,70,8.0,1.0,WARRIOR,921.9566638679881,2.5856999549845883
mage35,70,8.0,1.0,ROGUE,929.5356723904001,1.7492631001869707
mage35,70,8.0,1.0,RANGER,934.4902702790617,1.2097960771878746
mage35,70,8.0,1.0,MAGE,928.6965481954378,1.8411986938454694
mage35,70,8.0,1.0,CLERIC,937.923591486142,0.8393120181554359
mage35,70,8.0,1.0,PALADIN,945.7956969106002,0.0
mage35,80,8.0,1.0,WARRIOR,1162.5072676139723,3.501760362502515
mage35,80,8.0,1.0,ROGUE,1180.0993582616281,1.9588289663095004
mage35,80,8.0,1.0,RANGER,1182.0263579611574,1.792610479336565
mage35,80,8.0,1.0,MAGE,1174.5268184961822,2.4425723937950616
mage35,80,8.0,1.0,CLERIC,1191.8418012916827,0.9542948584686517
mage35,80,8.0,1.0,PALADIN,1203.2154863224894,0.0
mage35,90,8.0,1.0,WARRIOR,1417.6300178224126,4.53844704105586
mage35,90,8.0,1.0,ROGUE,1449.9617077835335,2.207416752045588
mage35,90,8.0,1.0,RANGER,1446.6593732883352,2.440728811703541
mage35,90,8.0,1.0,MAGE,1435.793570544358,3.215980056069556
mage35,90,8.0,1.0,CLERIC,1464.9875506709843,1.1591125631498889
mage35,90,8.0,1.0,PALADIN,1481.9684054193935,0.0
mage35,100,8.0,1.0,WARRIOR,1688.647032885361,5.506151326265241
mage35,100,8.0,1.0,ROGUE,1739.2855783127984,2.4343854797434394
mage35,100,8.0,1.0,RANGER,1727.4452283740577,3.136496869394634
mage35,100,8.0,1.0,MAGE,1711.656887281544,4.087828998958942
mage35,100,8.0,1.0,CLERIC,1756.2089065263276,1.447298624994664
mage35,100,8.0,1.0,PALADIN,1781.626493882517,0.0
mage35,20,8.0,5.0,WARRIOR,16.865553700789615,0.10666209863201548
mage35,20,8.0,5.0,ROGUE,16.90933854053881,-0.15255289947728734
mage35,20,8.0,5.0,RANGER,16.905465321864572,-0.12967680649069724
mage35,20,8.0,5.0,MAGE,16.829827417505392,0.31916807864305063
mage35,20,8.0,5.0,CLERIC,16.779544832709494,0.61979048085119
mage35,20,8.0,5.0,PALADIN,16.883542854312786,0.0
mage35,30,8.0,5.0,WARRIOR,38.16675842903134,0.20841441340697653
mage35,30,8.0,5.0,ROGUE,38.23957510845294,0.017595243293477836
mage35,30,8.0,5.0,RANGER,38.25933303615875,-0.034055955493972334
mage35,30,8.0,5.0,MAGE,38.076583277767995,0.44573373540783834
mage35,30,8.0,5.0,CLERIC,37.91824563738461,0.8651714018636403
mage35,30,8.0,5.0,PALADIN,38.246303454727666,0.0
mage35,40,8.0,5.0,WARRIOR,66.75370465150041,0.5995698421946916
mage35,40,8.0,5.0,ROGUE,66.64936803146865,0.7570539925174424
mage35,40,8.0,5.0,RANGER,67.07385889986276,0.11939201738091487
mage35,40,8.0,5.0,MAGE,66.54623697671076,0.9132037873763599
mage35,40,8.0,5.0,CLERIC,66.55871855302924,0.8942798074381031
mage35,40,8.0,5.0,PALADIN,67.15393973313853,0.0
mage35,50,8.0,5.0,WARRIOR,101.3666651093604,1.1803037199989763
mage35,50,8.0,5.0,ROGUE,101.19523028921346,1.3517132530478815
mage35,50,8.0,5.0,RANGER,102.28726850585714,0.26966320115600073
mage35,50,8.0,5.0,MAGE,101.24101253935639,1.30588094287849
mage35,50,8.0,5.0,CLERIC,101.63675436818943,0.9114274319896865
mage35,50,8.0,5.0,PALADIN,102.56309962848508,0.0
mage35,60,8.0,5.0,WARRIOR,141.3683856708618,1.8254472412262412
mage35,60,8.0,5.0,ROGUE,141.6802558407079,1.6013064861341686
mage35,60,8.0,5.0,RANGER,142.96794650011512,0.6861988934986352
mage35,60,8.0,5.0,MAGE,141.8233870874393,1.4987682379259626
mage35,60,8.0,5.0,CLERIC,142.710912428369,0.8675430053809441
mage35,60,8.0,5.0,PALADIN,143.94899096705663,0.0
mage35,70,8.0,5.0,WARRIOR,185.92473263034267,2.5856999549846105
mage35,70,8.0,5.0,ROGUE,187.453139754405,1.7492631001869707
mage35,70,8.0,5.0,RANGER,188.45229982758622,1.2097960771878968
mage35,70,8.0,5.0,MAGE,187.2839192826558,1.8411986938454916
mage35,70,8.0,5.0,CLERIC,189.14467437454422,0.8393120181554359
mage35,70,8.0,5.0,PALADIN,190.73218835827072,0.0
mage35,80,8.0,5.0,WARRIOR,234.43493754377403,3.501760362502515
mage35,80,8.0,5.0,ROGUE,237.98261486772952,1.9588289663095226
mage35,80,8.0,5.0,RANGER,238.37121979674066,1.792610479336565
mage35,80,8.0,5.0,MAGE,236.8588386572342,2.442572393795084
mage35,80,8.0,5.0,CLERIC,240.35063352451812,0.9542948584686517
mage35,80,8.0,5.0,PALADIN,242.64428726253945,0.0
mage35,90,8.0,5.0,WARRIOR,285.8838081679293,4.538447041055882
mage35,90,8.0,5.0,ROGUE,292.40392028067095,2.20741675204561
mage35,90,8.0,5.0,RANGER,291.73796093340644,2.440728811703563
mage35,90,8.0,5.0,MAGE,289.5467283634151,3.2159800560696006
mage35,90,8.0,5.0,CLERIC,295.4340798650425,1.159112563149911
mage35,90,8.0,5.0,PALADIN,298.85849340058456,0.0
mage35,100,8.0,5.0,WARRIOR,340.5379671307276,5.506151326265285
mage35,100,8.0,5.0,ROGUE,350.74989832919215,2.4343854797434616
mage35,100,8.0,5.0,RANGER,348.362135451733,3.136496869394656
mage35,100,8.0,5.0,MAGE,345.17820803806603,4.0878289989589645
mage35,100,8.0,5.0,CLERIC,354.1627108795296,1.4472986249947084
mage35,100,8.0,5.0,PALADIN,359.288502924333,0.0
mage35,20,8.0,12.0,WARRIOR,7.215972222222222,-0.05653931286689895
mage35,20,8.0,12.0,ROGUE,7.221961805555555,-0.1394281043787471
mage35,20,8.0,12.0,RANGER,7.222048611111111,-0.14062838048991555
mage35,20,8.0,12.0,MAGE,7.18828125,0.3284667125553975
mage35,20,8.0,12.0,CLERIC,7.167795138888889,0.6152132052850368
mage35,20,8.0,12.0,PALADIN,7.211892361111111,0.0
mage35,30,8.0,12.0,WARRIOR,16.444791666666667,-0.18000042228837332
mage35,30,8.0,12.0,ROGUE,16.409635416666667,0.03385544781764338
mage35,30,8.0,12.0,RANGER,16.42230902777778,-0.04334381689879985
mage35,30,8.0,12.0,MAGE,16.342187499999998,0.446717871901936
mage35,30,8.0,12.0,CLERIC,16.276215277777776,0.853857558852722
mage35,30,8.0,12.0,PALADIN,16.415190972222224,0.0
mage35,40,8.0,12.0,WARRIOR,29.00876736111111,-0.12238876536968535
mage35,40,8.0,12.0,ROGUE,28.74973958333333,0.7774828878280848
mage35,40,8.0,12.0,RANGER,28.940451388888892,0.1133793649555459
mage35,40,8.0,12.0,MAGE,28.711197916666663,0.9127657194341277
mage35,40,8.0,12.0,CLERIC,28.72065972222222,0.8795207669662908
mage35,40,8.0,12.0,PALADIN,28.973263888888884,0.0
mage35,50,8.0,12.0,WARRIOR,44.49973958333334,0.009558420480781926
mage35,50,8.0,12.0,ROGUE,43.90147569444444,1.3724307704475747
mage35,50,8.0,12.0,RANGER,44.392100694444444,0.2520546659444678
mage35,50,8.0,12.0,MAGE,43.93550347222222,1.2939184450060148
mage35,50,8.0,12.0,CLERIC,44.114322916666666,0.8833188704380435
mage35,50,8.0,12.0,PALADIN,44.50399305555556,0.0
mage35,60,8.0,12.0,WARRIOR,62.858333333333334,0.038943391223655865
mage35,60,8.0,12.0,ROGUE,61.88923611111112,1.6054106518702094
mage35,60,8.0,12.0,RANGER,62.47986111111111,0.6449300330106267
mage35,60,8.0,12.0,MAGE,61.97838541666666,1.459262091538971
mage35,60,8.0,12.0,CLERIC,62.377604166666664,0.8099194255416942
mage35,60,8.0,12.0,PALADIN,62.8828125,0.0
mage35,70,8.0,12.0,WARRIOR,83.93159722222224,0.0276142526776324
mage35,70,8.0,12.0,ROGUE,82.52552083333333,1.7318927015422592
mage35,70,8.0,12.0,RANGER,83.0064236111111,1.1425027765170626
mage35,70,8.0,12.0,MAGE,82.49539930555557,1.7690380461031552
mage35,70,8.0,12.0,CLERIC,83.33585069444445,0.7426858980301709
mage35,70,8.0,12.0,PALADIN,83.95477430555556,0.0
mage35,80,8.0,12.0,WARRIOR,107.68767361111111,0.02128067762836583
mage35,80,8.0,12.0,ROGUE,105.67986111111111,1.9215857641330159
mage35,80,8.0,12.0,RANGER,105.91006944444445,1.700046882017947
mage35,80,8.0,12.0,MAGE,105.24618055555555,2.3415668950773405
mage35,80,8.0,12.0,CLERIC,106.83741319444444,0.8172952313476145
mage35,80,8.0,12.0,PALADIN,107.71059027777777,0.0
mage35,90,8.0,12.0,WARRIOR,133.85625,0.015628809927736853
mage35,90,8.0,12.0,ROGUE,131.05225694444445,2.1555624148021924
mage35,90,8.0,12.0,RANGER,130.84861111111113,2.314551910074192
mage35,90,8.0,12.0,MAGE,129.8703125,3.085276043274998
mage35,90,8.0,12.0,CLERIC,132.58359375,0.975668521497508
mage35,90,8.0,12.0,PALADIN,133.87717013888889,0.0
mage35,100,8.0,12.0,WARRIOR,162.50173611111111,0.013888740504919284
mage35,100,8.0,12.0,ROGUE,158.76024305555555,2.3709100134615246
mage35,100,8.0,12.0,RANGER,157.83255208333333,2.9726145907753354
mage35,100,8.0,12.0,MAGE,156.3810763888889,3.9283711997157855
mage35,100,8.0,12.0,CLERIC,160.57196180555556,1.2158684044504708
mage35,100,8.0,12.0,PALADIN,162.52430555555557,0.0
mage35,20,10.0,1.0,WARRIOR,104.49688426984082,0.10666209863201548
mage35,20,10.0,1.0,ROGUE,104.76816972024561,-0.15255289947727624
mage35,20,10.0,1.0,RANGER,104.74417173650113,-0.12967680649069724
mage35,20,10.0,1.0,MAGE,104.27552863835817,0.31916807864305063
mage35,20,10.0,1.0,CLERIC,103.96398396348872,0.6197904808512122
mage35,20,10.0,1.0,PALADIN,104.6083428396081,0.0
mage35,30,10.0,1.0,WARRIOR,236.47651356544162,0.20841441340699873
mage35,30,10.0,1.0,ROGUE,236.92767670288885,0.01759524329350004
mage35,30,10.0,1.0,RANGER,237.05009437867432,-0.03405595549393903
mage35,30,10.0,1.0,MAGE,235.91779948390268,0.44573373540788275
mage35,30,10.0,1.0,CLERIC,234.93675905224896,0.8651714018636625
mage35,30,10.0,1.0,PALADIN,236.96936470403438,0.0
mage35,40,10.0,1.0,WARRIOR,413.5976958304304,0.5995698421947138
mage35,40,10.0,1.0,ROGUE,412.9512390403368,0.7570539925174424
mage35,40,10.0,1.0,RANGER,415.58133194657233,0.11939201738093708
mage35,40,10.0,1.0,MAGE,412.3122517835378,0.9132037873763821
mage35,40,10.0,1.0,CLERIC,412.3895860862946,0.8942798074381031
mage35,40,10.0,1.0,PALADIN,416.0775028826419,0.0
mage35,50,10.0,1.0,WARRIOR,628.0553168116043,1.1803037199989541
mage35,50,10.0,1.0,ROGUE,626.993127874405,1.3517132530479037
mage35,50,10.0,1.0,RANGER,633.7592615672179,0.26966320115602294
mage35,50,10.0,1.0,MAGE,627.2767890325072,1.3058809428785123
mage35,50,10.0,1.0,CLERIC,629.7287564462046,0.9114274319897087
mage35,50,10.0,1.0,PALADIN,635.4682770795829,0.0
mage35,60,10.0,1.0,WARRIOR,875.9010287442059,1.825447241226219
mage35,60,10.0,1.0,ROGUE,877.8333377346954,1.6013064861341686
mage35,60,10.0,1.0,RANGER,885.8117097584453,0.6861988934986352
mage35,60,10.0,1.0,MAGE,878.7201612324848,1.4987682379259626
mage35,60,10.0,1.0,CLERIC,884.2191584479358,0.8675430053809441
mage35,60,10.0,1.0,PALADIN,891.8901399092891,0.0
mage35,70,10.0,1.0,WARRIOR,1151.966642379752,2.5856999549846105
mage35,70,10.0,1.0,ROGUE,1161.4364638391485,1.7492631001869707
mage35,70,10.0,1.0,RANGER,1167.6271360451476,1.2097960771878968
mage35,70,10.0,1.0,MAGE,1160.3879947306818,1.8411986938454916
mage35,70,10.0,1.0,CLERIC,1171.917003083516,0.8393120181554581
mage35,70,10.0,1.0,PALADIN,1181.753043333203,0.0
mage35,80,10.0,1.0,WARRIOR,1452.5298707609093,3.501760362502515
mage35,80,10.0,1.0,ROGUE,1474.5108405722212,1.9588289663095226
mage35,80,10.0,1.0,RANGER,1476.9185886375376,1.792610479336565
mage35,80,10.0,1.0,MAGE,1467.5480621958536,2.4425723937950616
mage35,80,10.0,1.0,CLERIC,1489.1827912189215,0.9542948584686739
mage35,80,10.0,1.0,PALADIN,1503.393986028724,0.0
mage35,90,10.0,1.0,WARRIOR,1771.3007083394386,4.5384470410558375
mage35,90,10.0,1.0,ROGUE,1811.6985163781778,2.2074167520455656
mage35,90,10.0,1.0,RANGER,1807.5723146492505,2.4407288117035186
mage35,90,10.0,1.0,MAGE,1793.9957087259027,3.215980056069534
mage35,90,10.0,1.0,CLERIC,1830.4730102978408,1.1591125631498889
mage35,90,10.0,1.0,PALADIN,1851.690252925271,0.0
mage35,100,10.0,1.0,WARRIOR,2109.931115933684,5.506151326265218
mage35,100,10.0,1.0,ROGUE,2173.202978307675,2.4343854797434394
mage35,100,10.0,1.0,RANGER,2158.408694912284,3.136496869394634
mage35,100,10.0,1.0,MAGE,2138.6814745451306,4.087828998958942
mage35,100,10.0,1.0,CLERIC,2194.3483426659513,1.447298624994664
mage35,100,10.0,1.0,PALADIN,2226.107116056949,0.0
mage35,20,10.0,5.0,WARRIOR,21.038474204077765,0.10666209863201548
mage35,20,10.0,5.0,ROGUE,21.09309240623913,-0.15255289947727624
mage35,20,10.0,5.0,RANGER,21.08826086541869,-0.12967680649068614
mage35,20,10.0,5.0,MAGE,20.99390842802219,0.31916807864305063
mage35,20,10.0,5.0,CLERIC,20.931184791318024,0.6197904808512122
mage35,20,10.0,5.0,PALADIN,21.06091428218399,0.0
mage35,30,10.0,5.0,WARRIOR,47.61008010219373,0.20841441340702094
mage35,30,10.0,5.0,ROGUE,47.70091327961656,0.017595243293477836
mage35,30,10.0,5.0,RANGER,47.72555976675472,-0.03405595549393903
mage35,30,10.0,5.0,MAGE,47.49759357329822,0.44573373540786054
mage35,30,10.0,5.0,CLERIC,47.300079609521,0.8651714018636625
mage35,30,10.0,5.0,PALADIN,47.70930637136132,0.0
mage35,40,10.0,5.0,WARRIOR,83.27008518383039,0.599569842194736
mage35,40,10.0,5.0,ROGUE,83.13993331760523,0.7570539925174424
mage35,40,10.0,5.0,RANGER,83.66945285446799,0.11939201738089267
mage35,40,10.0,5.0,MAGE,83.0112853008454,0.9132037873763377
mage35,40,10.0,5.0,CLERIC,83.02685510223235,0.8942798074381031
mage35,40,10.0,5.0,PALADIN,83.7693475021625,0.0
mage35,50,10.0,5.0,WARRIOR,126.44707709518151,1.1803037199989985
mage35,50,10.0,5.0,ROGUE,126.23322541231784,1.3517132530478815
mage35,50,10.0,5.0,RANGER,127.5954586516362,0.26966320115602294
mage35,50,10.0,5.0,MAGE,126.29033522950643,1.3058809428785123
mage35,50,10.0,5.0,CLERIC,126.78399256238063,0.9114274319896865
mage35,50,10.0,5.0,PALADIN,127.93953664996593,0.0
mage35,60,10.0,5.0,WARRIOR,176.3461305791163,1.825447241226219
mage35,60,10.0,5.0,ROGUE,176.73516450232637,1.6013064861341464
mage35,60,10.0,5.0,RANGER,178.3414590362261,0.6861988934986352
mage35,60,10.0,5.0,MAGE,176.91370966577477,1.4987682379259848
mage35,60,10.0,5.0,CLERIC,178.02082890549121,0.8675430053809441
mage35,60,10.0,5.0,PALADIN,179.56523615478199,0.0
mage35,70,10.0,5.0,WARRIOR,231.92672833269546,2.5856999549846327
mage35,70,10.0,5.0,ROGUE,233.8332980441547,1.7492631001869485
mage35,70,10.0,5.0,RANGER,235.07967298080342,1.2097960771878746
mage35,70,10.0,5.0,MAGE,233.62220858970468,1.8411986938454694
mage35,70,10.0,5.0,CLERIC,235.94335669401903,0.8393120181554359
mage35,70,10.0,5.0,PALADIN,237.92365764279128,0.0
mage35,80,10.0,5.0,WARRIOR,292.43945817316137,3.5017603625025373
mage35,80,10.0,5.0,ROGUE,296.8649113298482,1.9588289663095004
mage35,80,10.0,5.0,RANGER,297.34966593201665,1.7926104793365871
mage35,80,10.0,5.0,MAGE,295.46308739716847,2.442572393795084
mage35,80,10.0,5.0,CLERIC,299.81883150996595,0.9542948584686517
mage35,80,10.0,5.0,PALADIN,302.6799872037863,0.0
mage35,90,10.0,5.0,WARRIOR,356.6179462713345,4.53844704105586
mage35,90,10.0,5.0,ROGUE,364.7512819995999,2.207416752045588
mage35,90,10.0,5.0,RANGER,363.9205492055895,2.440728811703541
mage35,90,10.0,5.0,MAGE,361.18715599972404,3.2159800560695784
mage35,90,10.0,5.0,CLERIC,368.53117179041385,1.159112563149911
mage35,90,10.0,5.0,PALADIN,372.8028629017601,0.0
mage35,100,10.0,5.0,WARRIOR,424.7947837403922,5.506151326265263
mage35,100,10.0,5.0,ROGUE,437.5333783281676,2.4343854797434394
mage35,100,10.0,5.0,RANGER,434.55482875937827,3.136496869394634
mage35,100,10.0,5.0,MAGE,430.58312549078335,4.087828998958942
mage35,100,10.0,5.0,CLERIC,441.7905981074545,1.447298624994664
mage35,100,10.0,5.0,PALADIN,448.1846273592194,0.0
mage35,20,10.0,12.0,WARRIOR,8.867456069487325,0.10666209863199327
mage35,20,10.0,12.0,ROGUE,8.890476964613187,-0.15255289947726514
mage35,20,10.0,12.0,RANGER,8.888440530052508,-0.12967680649069724
mage35,20,10.0,12.0,MAGE,8.848672147348196,0.31916807864305063
mage35,20,10.0,12.0,CLERIC,8.822234912043136,0.6197904808512122
mage35,20,10.0,12.0,PALADIN,8.876914284226311,0.0
mage35,30,10.0,12.0,WARRIOR,20.067058555470084,0.20841441340699873
mage35,30,10.0,12.0,ROGUE,20.105343613722678,0.01759524329350004
mage35,30,10.0,12.0,RANGER,20.115731802516457,-0.03405595549396123
mage35,30,10.0,12.0,MAGE,20.019646878001726,0.44573373540786054
mage35,30,10.0,12.0,CLERIC,19.936397190789844,0.8651714018636625
mage35,30,10.0,12.0,PALADIN,20.108881197846507,0.0
mage35,40,10.0,12.0,WARRIOR,35.097308631201244,0.599569842194736
mage35,40,10.0,12.0,ROGUE,35.042451233040225,0.7570539925174424
mage35,40,10.0,12.0,RANGER,35.26563715353609,0.11939201738091487
mage35,40,10.0,12.0,MAGE,34.988227688786075,0.9132037873763599
mage35,40,10.0,12.0,CLERIC,34.99479016705661,0.8942798074381253
mage35,40,10.0,12.0,PALADIN,35.30774150917593,0.0
mage35,50,10.0,12.0,WARRIOR,53.2958754698699,1.1803037199989541
mage35,50,10.0,12.0,ROGUE,53.205739636596775,1.3517132530478593
mage35,50,10.0,12.0,RANGER,53.779904059780556,0.26966320115600073
mage35,50,10.0,12.0,MAGE,53.22981071656883,1.305880942878468
mage35,50,10.0,12.0,CLERIC,53.4378811626563,0.9114274319896642
mage35,50,10.0,12.0,PALADIN,53.924928670646786,0.0
mage35,60,10.0,12.0,WARRIOR,74.32770793004075,1.825447241226219
mage35,60,10.0,12.0,ROGUE,74.49168090593922,1.6013064861341242
mage35,60,10.0,12.0,RANGER,75.16871413923579,0.686198893498613
mage35,60,10.0,12.0,MAGE,74.56693547896293,1.4987682379259404
mage35,60,10.0,12.0,CLERIC,75.03357251388475,0.8675430053808997
mage35,60,10.0,12.0,PALADIN,75.68452102391636,0.0
mage35,70,10.0,12.0,WARRIOR,97.75424086749976,2.5856999549846105
mage35,70,10.0,12.0,ROGUE,98.5578363657181,1.7492631001869485
mage35,70,10.0,12.0,RANGER,99.08316795058657,1.2097960771878746
mage35,70,10.0,12.0,MAGE,98.46886477747884,1.8411986938454694
mage35,70,10.0,12.0,CLERIC,99.44719992888409,0.8393120181554137
mage35,70,10.0,12.0,PALADIN,100.28187222960625,0.0
mage35,80,10.0,12.0,WARRIOR,123.25960633744819,3.501760362502515
mage35,80,10.0,12.0,ROGUE,125.12487998200214,1.9588289663094782
mage35,80,10.0,12.0,RANGER,125.3291980374616,1.7926104793365427
mage35,80,10.0,12.0,MAGE,124.53402857236028,2.4425723937950394
mage35,80,10.0,12.0,CLERIC,126.36992071907656,0.9542948584686295
mage35,80,10.0,12.0,PALADIN,127.57586237514958,0.0
mage35,90,10.0,12.0,WARRIOR,150.31004346973603,4.53844704105586
mage35,90,10.0,12.0,ROGUE,153.73814365272392,2.2074167520455656
mage35,90,10.0,12.0,RANGER,153.38800007838898,2.4407288117035186
mage35,90,10.0,12.0,MAGE,152.2359087271564,3.215980056069556
mage35,90,10.0,12.0,CLERIC,155.33132034141414,1.1591125631498667
mage35,90,10.0,12.0,PALADIN,157.13178518999803,0.0
mage35,100,10.0,12.0,WARRIOR,179.0457352955372,5.506151326265263
mage35,100,10.0,12.0,ROGUE,184.4148949978227,2.4343854797434616
mage35,100,10.0,12.0,RANGER,183.15947327874625,3.136496869394634
mage35,100,10.0,12.0,MAGE,181.48544958702436,4.087828998958987
mage35,100,10.0,12.0,CLERIC,186.2092603593403,1.4472986249946862
mage35,100,10.0,12.0,PALADIN,188.90426442413383,0.0
mage35,20,12.0,1.0,WARRIOR,125.36148678628157,0.10666209863203768
mage35,20,12.0,1.0,ROGUE,125.68693904874723,-0.15255289947727624
mage35,20,12.0,1.0,RANGER,125.65814945427174,-0.12967680649068614
mage35,20,12.0,1.0,MAGE,125.09593369094216,0.31916807864305063
mage35,20,12.0,1.0,CLERIC,124.7221837565314,0.6197904808512122
mage35,20,12.0,1.0,PALADIN,125.49519997896414,0.0
mage35,30,12.0,1.0,WARRIOR,283.6931219312536,0.20841441340699873
mage35,30,12.0,1.0,ROGUE,284.2343675587069,0.017595243293522245
mage35,30,12.0,1.0,RANGER,284.38122803165425,-0.03405595549395013
mage35,30,12.0,1.0,MAGE,283.0228509615538,0.44573373540788275
mage35,30,12.0,1.0,CLERIC,281.84592891293084,0.8651714018637069
mage35,30,12.0,1.0,PALADIN,284.2843792872026,0.0
mage35,40,12.0,1.0,WARRIOR,496.17959849208034,0.599569842194736
mage35,40,12.0,1.0,ROGUE,495.40406547101963,0.7570539925174424
mage35,40,12.0,1.0,RANGER,498.5593017195985,0.11939201738091487
mage35,40,12.0,1.0,MAGE,494.637493404211,0.9132037873763599
mage35,40,12.0,1.0,CLERIC,494.7302688323101,0.8942798074381031
mage35,40,12.0,1.0,PALADIN,499.15454172776174,0.0
mage35,50,12.0,1.0,WARRIOR,753.4573767407098,1.1803037199989541
mage35,50,12.0,1.0,ROGUE,752.1831034899268,1.3517132530478815
mage35,50,12.0,1.0,RANGER,760.3002122961134,0.26966320115600073
mage35,50,12.0,1.0,MAGE,752.5234024832573,1.30588094287849
mage35,50,12.0,1.0,CLERIC,755.4649474171606,0.9114274319896865
mage35,50,12.0,1.0,PALADIN,762.350462186987,0.0
mage35,60,12.0,1.0,WARRIOR,1050.7897532854784,1.825447241226219
mage35,60,12.0,1.0,ROGUE,1053.1078810427878,1.6013064861341464
mage35,60,12.0,1.0,RANGER,1062.679272439,0.6861988934986574
mage35,60,12.0,1.0,MAGE,1054.1717741241623,1.4987682379259626
mage35,60,12.0,1.0,CLERIC,1060.7687408335469,0.8675430053809441
mage35,60,12.0,1.0,PALADIN,1069.9713658479159,0.0
mage35,70,12.0,1.0,WARRIOR,1381.9766208915162,2.5856999549846105
mage35,70,12.0,1.0,ROGUE,1393.3372552878968,1.749263100186993
mage35,70,12.0,1.0,RANGER,1400.7640018112338,1.2097960771878746
mage35,70,12.0,1.0,MAGE,1392.0794412659263,1.8411986938454916
mage35,70,12.0,1.0,CLERIC,1405.9104146808907,0.8393120181554137
mage35,70,12.0,1.0,PALADIN,1417.710389755806,0.0
mage35,80,12.0,1.0,WARRIOR,1742.5524739078462,3.501760362502515
mage35,80,12.0,1.0,ROGUE,1768.9223228828146,1.9588289663095226
mage35,80,12.0,1.0,RANGER,1771.8108193139176,1.7926104793365871
mage35,80,12.0,1.0,MAGE,1760.5693058955248,2.4425723937950616
mage35,80,12.0,1.0,CLERIC,1786.5237811461607,0.9542948584686517
mage35,80,12.0,1.0,PALADIN,1803.5724857349583,0.0
mage35,90,12.0,1.0,WARRIOR,2124.9713988564645,4.53844704105586
mage35,90,12.0,1.0,ROGUE,2173.4353249728224,2.207416752045588
mage35,90,12.0,1.0,RANGER,2168.485256010166,2.440728811703541
mage35,90,12.0,1.0,MAGE,2152.1978469074465,3.2159800560696006
mage35,90,12.0,1.0,CLERIC,2195.9584699246975,1.159112563149911
mage35,90,12.0,1.0,PALADIN,2221.412100431149,0.0
mage35,100,12.0,1.0,WARRIOR,2531.2151989820068,5.506151326265263
mage35,100,12.0,1.0,ROGUE,2607.120378302552,2.4343854797434616
mage35,100,12.0,1.0,RANGER,2589.3721614505107,3.136496869394656
mage35,100,12.0,1.0,MAGE,2565.7060618087175,4.0878289989589645
mage35,100,12.0,1.0,CLERIC,2632.4877788055765,1.4472986249946862
mage35,100,12.0,1.0,PALADIN,2670.5877382313824,0.0
mage35,20,12.0,5.0,WARRIOR,25.211394707365915,0.10666209863203768
mage35,20,12.0,5.0,ROGUE,25.27684627193945,-0.15255289947726514
mage35,20,12.0,5.0,RANGER,25.271056408972818,-0.12967680649069724
mage35,20,12.0,5.0,MAGE,25.15798943853899,0.31916807864305063
mage35,20,12.0,5.0,CLERIC,25.08282474992656,0.6197904808512122
mage35,20,12.0,5.0,PALADIN,25.238285710055198,0.0
mage35,30,12.0,5.0,WARRIOR,57.053401775356114,0.20841441340702094
mage35,30,12.0,5.0,ROGUE,57.162251450780154,0.017595243293522245
mage35,30,12.0,5.0,RANGER,57.191786497350705,-0.03405595549393903
mage35,30,12.0,5.0,MAGE,56.91860386882843,0.44573373540788275
mage35,30,12.0,5.0,CLERIC,56.6819135816574,0.8651714018636625
mage35,30,12.0,5.0,PALADIN,57.17230928799498,0.0
mage35,40,12.0,5.0,WARRIOR,99.7864657161604,0.599569842194736
mage35,40,12.0,5.0,ROGUE,99.63049860374181,0.7570539925174424
mage35,40,12.0,5.0,RANGER,100.2650468090732,0.11939201738091487
mage35,40,12.0,5.0,MAGE,99.47633362498001,0.9132037873763599
mage35,40,12.0,5.0,CLERIC,99.49499165143544,0.8942798074381253
mage35,40,12.0,5.0,PALADIN,100.38475527118648,0.0
mage35,50,12.0,5.0,WARRIOR,151.52748908100267,1.1803037199989541
mage35,50,12.0,5.0,ROGUE,151.27122053542217,1.3517132530478815
mage35,50,12.0,5.0,RANGER,152.90364879741531,0.26966320115600073
mage35,50,12.0,5.0,MAGE,151.33965791965645,1.3058809428785123
mage35,50,12.0,5.0,CLERIC,151.9312307565718,0.9114274319896865
mage35,50,12.0,5.0,PALADIN,153.31597367144676,0.0
mage35,60,12.0,5.0,WARRIOR,211.32387548737077,1.825447241226219
mage35,60,12.0,5.0,ROGUE,211.7900731639448,1.6013064861341464
mage35,60,12.0,5.0,RANGER,213.71497157233705,0.686198893498613
mage35,60,12.0,5.0,MAGE,212.00403224411028,1.4987682379259626
mage35,60,12.0,5.0,CLERIC,213.33074538261346,0.8675430053809219
mage35,60,12.0,5.0,PALADIN,215.1814813425073,0.0
mage35,70,12.0,5.0,WARRIOR,277.92872403504833,2.5856999549845883
mage35,70,12.0,5.0,ROGUE,280.21345633390433,1.7492631001869707
mage35,70,12.0,5.0,RANGER,281.70704613402063,1.2097960771878746
mage35,70,12.0,5.0,MAGE,279.9604978967536,1.8411986938454472
mage35,70,12.0,5.0,CLERIC,282.7420390134939,0.8393120181554137
mage35,70,12.0,5.0,PALADIN,285.11512692731185,0.0
mage35,80,12.0,5.0,WARRIOR,350.44397880254877,3.501760362502515
mage35,80,12.0,5.0,ROGUE,355.74720779196684,1.9588289663095004
mage35,80,12.0,5.0,RANGER,356.3281120672927,1.792610479336565
mage35,80,12.0,5.0,MAGE,354.06733613710264,2.442572393795084
mage35,80,12.0,5.0,CLERIC,359.2870294954137,0.9542948584686295
mage35,80,12.0,5.0,PALADIN,362.71568714503314,0.0
mage35,90,12.0,5.0,WARRIOR,427.3520843747397,4.53844704105586
mage35,90,12.0,5.0,ROGUE,437.0986437185287,2.207416752045588
mage35,90,12.0,5.0,RANGER,436.1031374777726,2.4407288117035186
mage35,90,12.0,5.0,MAGE,432.8275836360329,3.2159800560695784
mage35,90,12.0,5.0,CLERIC,441.6282637157851,1.159112563149911
mage35,90,12.0,5.0,PALADIN,446.7472324029356,0.0
mage35,100,12.0,5.0,WARRIOR,509.0516003500568,5.506151326265241
mage35,100,12.0,5.0,ROGUE,524.3168583271429,2.4343854797434394
mage35,100,12.0,5.0,RANGER,520.7475220670235,3.136496869394634
mage35,100,12.0,5.0,MAGE,515.9880429435007,4.087828998958942
mage35,100,12.0,5.0,CLERIC,529.4184853353793,1.447298624994664
mage35,100,12.0,5.0,PALADIN,537.0807517941058,0.0
mage35,20,12.0,12.0,WARRIOR,10.606172945857386,0.10666209863201548
mage35,20,12.0,12.0,ROGUE,10.633707741988323,-0.15255289947727624
mage35,20,12.0,12.0,RANGER,10.631272006533392,-0.12967680649069724
mage35,20,12.0,12.0,MAGE,10.583705901730196,0.31916807864305063
mage35,20,12.0,12.0,CLERIC,10.552084894796693,0.61979048085119
mage35,20,12.0,12.0,PALADIN,10.61748571250598,0.0
mage35,30,12.0,12.0,WARRIOR,24.00177591928775,0.20841441340699873
mage35,30,12.0,12.0,ROGUE,24.04756785170752,0.017595243293477836
mage35,30,12.0,12.0,RANGER,24.05999294026478,-0.03405595549396123
mage35,30,12.0,12.0,MAGE,23.945067834472653,0.44573373540786054
mage35,30,12.0,12.0,CLERIC,23.84549467918001,0.8651714018636403
mage35,30,12.0,12.0,PALADIN,24.051799079777194,0.0
mage35,40,12.0,12.0,WARRIOR,41.97913385300541,0.599569842194736
mage35,40,12.0,12.0,ROGUE,41.913520102263796,0.7570539925174424
mage35,40,12.0,12.0,RANGER,42.18046796795493,0.11939201738091487
mage35,40,12.0,12.0,MAGE,41.84866449050883,0.9132037873763821
mage35,40,12.0,12.0,CLERIC,41.856513729224574,0.8942798074381031
mage35,40,12.0,12.0,PALADIN,42.23082807960259,0.0
mage35,50,12.0,12.0,WARRIOR,63.74604713062871,1.1803037199989763
mage35,50,12.0,12.0,ROGUE,63.63823760455692,1.3517132530479037
mage35,50,12.0,12.0,RANGER,64.3249832871885,0.26966320115604514
mage35,50,12.0,12.0,MAGE,63.667028504131345,1.3058809428785123
mage35,50,12.0,12.0,CLERIC,63.915897076902624,0.9114274319897087
mage35,50,12.0,12.0,PALADIN,64.49844409626382,0.0
mage35,60,12.0,12.0,WARRIOR,88.90176830848013,1.825447241226219
mage35,60,12.0,12.0,ROGUE,89.09789284828022,1.6013064861341686
mage35,60,12.0,12.0,RANGER,89.90767769594869,0.6861988934986352
mage35,60,12.0,12.0,MAGE,89.18790321993606,1.4987682379259626
mage35,60,12.0,12.0,CLERIC,89.74603771268566,0.8675430053809441
mage35,60,12.0,12.0,PALADIN,90.52462318546861,0.0
mage35,70,12.0,12.0,WARRIOR,116.92173907681342,2.5856999549846327
mage35,70,12.0,12.0,ROGUE,117.88290231978044,1.749263100186993
mage35,70,12.0,12.0,RANGER,118.5112400977604,1.2097960771878746
mage35,70,12.0,12.0,MAGE,117.77648532208254,1.8411986938454694
mage35,70,12.0,12.0,CLERIC,118.94665089533191,0.8393120181554359
mage35,70,12.0,12.0,PALADIN,119.94498443148983,0.0
mage35,80,12.0,12.0,WARRIOR,147.42815659969295,3.501760362502515
mage35,80,12.0,12.0,ROGUE,149.65917017455155,1.9588289663095448
mage35,80,12.0,12.0,RANGER,149.9035505938266,1.7926104793365871
mage35,80,12.0,12.0,MAGE,148.95246554733285,2.442572393795084
mage35,80,12.0,12.0,CLERIC,151.14833654634646,0.9542948584686517
mage35,80,12.0,12.0,PALADIN,152.59073735066914,0.0
mage35,90,12.0,12.0,WARRIOR,179.78260101282157,4.5384470410558375
mage35,90,12.0,12.0,ROGUE,183.8828777022776,2.20741675204561
mage35,90,12.0,12.0,RANGER,183.4640785251319,2.440728811703541
mage35,90,12.0,12.0,MAGE,182.08608690895178,3.2159800560695784
mage35,90,12.0,12.0,CLERIC,185.7884419769855,1.159112563149911
mage35,90,12.0,12.0,PALADIN,187.9419391488212,0.0
mage35,100,12.0,12.0,WARRIOR,214.15274221623082,5.506151326265263
mage35,100,12.0,12.0,ROGUE,220.57467833072909,2.4343854797434616
mage35,100,12.0,12.0,RANGER,219.0730954902651,3.136496869394656
mage35,100,12.0,12.0,MAGE,217.07083185898998,4.0878289989589645
mage35,100,12.0,12.0,CLERIC,222.72088003764233,1.4472986249947084
mage35,100,12.0,12.0,PALADIN,225.94431627200322,0.0
mage35,20,24.0,1.0,WARRIOR,250.54910188492607,0.10666209863203768
mage35,20,24.0,1.0,ROGUE,251.1995550197569,-0.15255289947727624
mage35,20,24.0,1.0,RANGER,251.14201576089533,-0.12967680649068614
mage35,20,24.0,1.0,MAGE,250.01836400644606,0.31916807864307284
mage35,20,24.0,1.0,CLERIC,249.2713825147874,0.6197904808512122
mage35,20,24.0,1.0,PALADIN,250.81634281510026,0.0
mage35,30,24.0,1.0,WARRIOR,566.9927721261254,0.20841441340699873
mage35,30,24.0,1.0,ROGUE,568.0745126936152,0.017595243293522245
mage35,30,24.0,1.0,RANGER,568.3680299495335,-0.034055955493927925
mage35,30,24.0,1.0,MAGE,565.6531598274605,0.44573373540788275
mage35,30,24.0,1.0,CLERIC,563.3009480770228,0.8651714018636847
mage35,30,24.0,1.0,PALADIN,568.1744667862122,0.0
mage35,40,24.0,1.0,WARRIOR,991.6710144619803,0.5995698421947138
mage35,40,24.0,1.0,ROGUE,990.1210240551169,0.7570539925174424
mage35,40,24.0,1.0,RANGER,996.427120357755,0.11939201738093708
mage35,40,24.0,1.0,MAGE,988.5889431282495,0.9132037873763821
mage35,40,24.0,1.0,CLERIC,988.7743653084034,0.8942798074381253
mage35,40,24.0,1.0,PALADIN,997.6167747984808,0.0
mage35,50,24.0,1.0,WARRIOR,1505.8697363153437,1.1803037199989541
mage35,50,24.0,1.0,ROGUE,1503.3229571830575,1.3517132530478815
mage35,50,24.0,1.0,RANGER,1519.5459166694857,0.26966320115602294
mage35,50,24.0,1.0,MAGE,1504.0030831877582,1.3058809428785123
mage35,50,24.0,1.0,CLERIC,1509.8820932428962,0.9114274319897087
mage35,50,24.0,1.0,PALADIN,1523.6435728314123,0.0
mage35,60,24.0,1.0,WARRIOR,2100.122100533112,1.8254472412262412
mage35,60,24.0,1.0,ROGUE,2104.7551408913414,1.6013064861341464
mage35,60,24.0,1.0,RANGER,2123.884648522329,0.6861988934986352
mage35,60,24.0,1.0,MAGE,2106.8814514742267,1.498768237926007
mage35,60,24.0,1.0,CLERIC,2120.0662351472133,0.8675430053809663
mage35,60,24.0,1.0,PALADIN,2138.4587214796766,0.0
mage35,70,24.0,1.0,WARRIOR,2762.0364919621006,2.5856999549846327
mage35,70,24.0,1.0,ROGUE,2784.7420039803874,1.749263100186993
mage35,70,24.0,1.0,RANGER,2799.585196407749,1.209796077187919
mage35,70,24.0,1.0,MAGE,2782.228120477392,1.8411986938454916
mage35,70,24.0,1.0,CLERIC,2809.8708842651354,0.8393120181554581
mage35,70,24.0,1.0,PALADIN,2833.454468291424,0.0
mage35,80,24.0,1.0,WARRIOR,3482.6880927894676,3.5017603625025373
mage35,80,24.0,1.0,ROGUE,3535.3912167463736,1.9588289663095448
mage35,80,24.0,1.0,RANGER,3541.1642033721982,1.7926104793366093
mage35,80,24.0,1.0,MAGE,3518.6967680935513,2.442572393795106
mage35,80,24.0,1.0,CLERIC,3570.5697207095936,0.9542948584686739
mage35,80,24.0,1.0,PALADIN,3604.6434839723647,0.0
mage35,90,24.0,1.0,WARRIOR,4246.99554195862,4.53844704105586
mage35,90,24.0,1.0,ROGUE,4343.8561765406885,2.20741675204561
mage35,90,24.0,1.0,RANGER,4333.962904175657,2.440728811703541
mage35,90,24.0,1.0,MAGE,4301.4106759967135,3.2159800560695784
mage35,90,24.0,1.0,CLERIC,4388.871227685837,1.159112563149911
mage35,90,24.0,1.0,PALADIN,4439.7431854664155,0.0
mage35,100,24.0,1.0,WARRIOR,5058.919697271944,5.506151326265241
mage35,100,24.0,1.0,ROGUE,5210.624778271813,2.4343854797434394
mage35,100,24.0,1.0,RANGER,5175.152960679869,3.136496869394634
mage35,100,24.0,1.0,MAGE,5127.853585390237,4.0878289989589645
mage35,100,24.0,1.0,CLERIC,5261.324395643322,1.447298624994664
mage35,100,24.0,1.0,PALADIN,5337.471471277976,0.0
mage35,20,24.0,5.0,WARRIOR,50.24891772709483,0.10666209863201548
mage35,20,24.0,5.0,ROGUE,50.37936946614139,-0.15255289947726514
mage35,20,24.0,5.0,RANGER,50.36782967029753,-0.12967680649067503
mage35,20,24.0,5.0,MAGE,50.14247550163978,0.31916807864305063
mage35,20,24.0,5.0,CLERIC,49.99266450157775,0.6197904808512344
mage35,20,24.0,5.0,PALADIN,50.30251427728243,0.0
mage35,30,24.0,5.0,WARRIOR,113.71333181433047,0.20841441340699873
mage35,30,24.0,5.0,ROGUE,113.93028047776183,0.01759524329350004
mage35,30,24.0,5.0,RANGER,113.98914688092657,-0.03405595549396123
mage35,30,24.0,5.0,MAGE,113.44466564200975,0.44573373540788275
mage35,30,24.0,5.0,CLERIC,112.97291741447577,0.8651714018636403
mage35,30,24.0,5.0,PALADIN,113.95032678779685,0.0
mage35,40,24.0,5.0,WARRIOR,198.88474891014033,0.599569842194736
mage35,40,24.0,5.0,ROGUE,198.57389032056125,0.7570539925174424
mage35,40,24.0,5.0,RANGER,199.8386105367045,0.11939201738091487
mage35,40,24.0,5.0,MAGE,198.26662356978773,0.9132037873763599
mage35,40,24.0,5.0,CLERIC,198.3038109466541,0.8942798074381031
mage35,40,24.0,5.0,PALADIN,200.07720188533025,0.0
mage35,50,24.0,5.0,WARRIOR,302.0099609959294,1.1803037199989541
mage35,50,24.0,5.0,ROGUE,301.49919127404826,1.3517132530479037
mage35,50,24.0,5.0,RANGER,304.75278967208976,0.26966320115602294
mage35,50,24.0,5.0,MAGE,301.6355940605566,1.30588094287849
mage35,50,24.0,5.0,CLERIC,302.814659921719,0.9114274319896865
mage35,50,24.0,5.0,PALADIN,305.5745958003318,0.0
mage35,60,24.0,5.0,WARRIOR,421.1903449368975,1.8254472412262412
mage35,60,24.0,5.0,ROGUE,422.1195251336555,1.6013064861341464
mage35,60,24.0,5.0,RANGER,425.95604678900276,0.6861988934986352
mage35,60,24.0,5.0,MAGE,422.5459677141231,1.4987682379259848
mage35,60,24.0,5.0,CLERIC,425.1902442453468,0.8675430053809219
mage35,60,24.0,5.0,PALADIN,428.8789524688594,0.0
mage35,70,24.0,5.0,WARRIOR,553.9406982491652,2.5856999549846105
mage35,70,24.0,5.0,ROGUE,558.4944060724024,1.7492631001869485
mage35,70,24.0,5.0,RANGER,561.4712850533238,1.2097960771878746
mage35,70,24.0,5.0,MAGE,557.9902337390466,1.8411986938454694
mage35,70,24.0,5.0,CLERIC,563.534132930343,0.8393120181553915
mage35,70,24.0,5.0,PALADIN,568.2639426344352,0.0
mage35,80,24.0,5.0,WARRIOR,698.471102578873,3.5017603625025373
mage35,80,24.0,5.0,ROGUE,709.0409865646786,1.9588289663095226
mage35,80,24.0,5.0,RANGER,710.1987888789488,1.7926104793365871
mage35,80,24.0,5.0,MAGE,705.692828576708,2.442572393795084
mage35,80,24.0,5.0,CLERIC,716.0962174081003,0.9542948584686517
mage35,80,24.0,5.0,PALADIN,722.9298867925144,0.0
mage35,90,24.0,5.0,WARRIOR,851.7569129951708,4.53844704105586
mage35,90,24.0,5.0,ROGUE,871.182814032102,2.207416752045588
mage35,90,24.0,5.0,RANGER,869.1986671108708,2.4407288117035186
mage35,90,24.0,5.0,MAGE,862.6701494538861,3.2159800560696006
mage35,90,24.0,5.0,CLERIC,880.2108152680132,1.1591125631498889
mage35,90,24.0,5.0,PALADIN,890.4134494099889,0.0
mage35,100,24.0,5.0,WARRIOR,1014.592500008044,5.506151326265263
mage35,100,24.0,5.0,ROGUE,1045.0177383209952,2.4343854797434394
mage35,100,24.0,5.0,RANGER,1037.903681912895,3.136496869394634
mage35,100,24.0,5.0,MAGE,1028.4175476598045,4.087828998958987
mage35,100,24.0,5.0,CLERIC,1055.1858087029284,1.447298624994664
mage35,100,24.0,5.0,PALADIN,1070.4574984034248,0.0
mage35,20,24.0,12.0,WARRIOR,21.038474204077765,0.10666209863203768
mage35,20,24.0,12.0,ROGUE,21.093092406239133,-0.15255289947727624
mage35,20,24.0,12.0,RANGER,21.088260865418697,-0.12967680649069724
mage35,20,24.0,12.0,MAGE,20.99390842802219,0.31916807864307284
mage35,20,24.0,12.0,CLERIC,20.931184791318028,0.6197904808512122
mage35,20,24.0,12.0,PALADIN,21.060914282183994,0.0
mage35,30,24.0,12.0,WARRIOR,47.610080102193734,0.20841441340699873
mage35,30,24.0,12.0,ROGUE,47.70091327961656,0.017595243293477836
mage35,30,24.0,12.0,RANGER,47.72555976675473,-0.03405595549395013
mage35,30,24.0,12.0,MAGE,47.49759357329822,0.44573373540786054
mage35,30,24.0,12.0,CLERIC,47.300079609521006,0.8651714018636403
mage35,30,24.0,12.0,PALADIN,47.70930637136132,0.0
mage35,40,24.0,12.0,WARRIOR,83.2700851838304,0.599569842194736
mage35,40,24.0,12.0,ROGUE,83.13993331760524,0.7570539925174424
mage35,40,24.0,12.0,RANGER,83.66945285446799,0.11939201738091487
mage35,40,24.0,12.0,MAGE,83.0112853008454,0.9132037873763599
mage35,40,24.0,12.0,CLERIC,83.02685510223235,0.8942798074381253
mage35,40,24.0,12.0,PALADIN,83.76934750216252,0.0
mage35,50,24.0,12.0,WARRIOR,126.44707709518153,1.1803037199989763
mage35,50,24.0,12.0,ROGUE,126.23322541231784,1.3517132530478815
mage35,50,24.0,12.0,RANGER,127.59545865163624,0.26966320115600073
mage35,50,24.0,12.0,MAGE,126.29033522950644,1.30588094287849
mage35,50,24.0,12.0,CLERIC,126.78399256238063,0.9114274319896865
mage35,50,24.0,12.0,PALADIN,127.93953664996593,0.0
mage35,60,24.0,12.0,WARRIOR,176.3461305791163,1.8254472412262412
mage35,60,24.0,12.0,ROGUE,176.73516450232637,1.6013064861341686
mage35,60,24.0,12.0,RANGER,178.3414590362261,0.6861988934986352
mage35,60,24.0,12.0,MAGE,176.91370966577477,1.4987682379259848
mage35,60,24.0,12.0,CLERIC,178.02082890549121,0.8675430053809663
mage35,60,24.0,12.0,PALADIN,179.565236154782,0.0
mage35,70,24.0,12.0,WARRIOR,231.9267283326955,2.5856999549846327
mage35,70,24.0,12.0,ROGUE,233.8332980441547,1.7492631001869707
mage35,70,24.0,12.0,RANGER,235.07967298080345,1.2097960771878746
mage35,70,24.0,12.0,MAGE,233.6222085897047,1.8411986938454694
mage35,70,24.0,12.0,CLERIC,235.94335669401903,0.8393120181554581
mage35,70,24.0,12.0,PALADIN,237.9236576427913,0.0
mage35,80,24.0,12.0,WARRIOR,292.43945817316137,3.5017603625025373
mage35,80,24.0,12.0,ROGUE,296.8649113298482,1.9588289663095004
mage35,80,24.0,12.0,RANGER,297.34966593201665,1.7926104793365871
mage35,80,24.0,12.0,MAGE,295.4630873971685,2.4425723937950616
mage35,80,24.0,12.0,CLERIC,299.81883150996595,0.9542948584686517
mage35,80,24.0,12.0,PALADIN,302.6799872037863,0.0
mage35,90,24.0,12.0,WARRIOR,356.6179462713345,4.53844704105586
mage35,90,24.0,12.0,ROGUE,364.7512819995999,2.207416752045588
mage35,90,24.0,12.0,RANGER,363.9205492055896,2.4407288117034964
mage35,90,24.0,12.0,MAGE,361.18715599972415,3.215980056069556
mage35,90,24.0,12.0,CLERIC,368.53117179041385,1.159112563149911
mage35,90,24.0,12.0,PALADIN,372.8028629017601,0.0
mage35,100,24.0,12.0,WARRIOR,424.7947837403922,5.506151326265263
mage35,100,24.0,12.0,ROGUE,437.5333783281676,2.4343854797434394
mage35,100,24.0,12.0,RANGER,434.5548287593783,3.136496869394634
mage35,100,24.0,12.0,MAGE,430.58312549078335,4.0878289989589645
mage35,100,24.0,12.0,CLERIC,441.7905981074545,1.4472986249946862
mage35,100,24.0,12.0,PALADIN,448.18462735921946,0.0
