level,gap_h,session_min,progress_gap_pct,sale_gap_pct
2,4.0,1,0.03249435290388902,0.03249435290388902
2,4.0,5,0.03249435290388902,0.03249435290388902
2,4.0,12,0.0,0.0
2,8.0,1,0.03249435290391123,0.03249435290388902
2,8.0,5,0.03249435290386682,0.03249435290386682
2,8.0,12,0.0,0.0
2,12.0,1,0.03249435290393343,0.03249435290391123
2,12.0,5,0.03249435290391123,0.03249435290391123
2,12.0,12,0.03249435290388902,0.03249435290388902
2,24.0,1,0.03249435290388902,0.03249435290388902
2,24.0,5,0.03249435290388902,0.03249435290391123
2,24.0,12,0.03249435290388902,0.03249435290388902
3,4.0,1,3.2377739119671567,5.495036251253871
3,4.0,5,3.237773911967179,5.495036251253893
3,4.0,12,3.273809523809512,5.471284101769536
3,8.0,1,3.2377739119671567,5.495036251253871
3,8.0,5,3.2377739119671567,5.495036251253871
3,8.0,12,3.273809523809512,5.471284101769536
3,12.0,1,3.2377739119671567,5.495036251253893
3,12.0,5,3.2377739119671567,5.495036251253871
3,12.0,12,3.2377739119671567,5.495036251253871
3,24.0,1,3.2377739119671567,5.495036251253915
3,24.0,5,3.2377739119671567,5.495036251253871
3,24.0,12,3.2377739119671567,5.495036251253893
4,4.0,1,1.851241280963345,3.0079906638695864
4,4.0,5,1.851241280963345,3.0079906638696086
4,4.0,12,1.8888888888889177,2.9811198998797472
4,8.0,1,1.8512412809633227,3.0079906638695864
4,8.0,5,1.8512412809633227,3.007990663869564
4,8.0,12,1.8888888888889177,2.9811198998797472
4,12.0,1,1.8512412809633227,3.0079906638695864
4,12.0,5,1.851241280963345,3.0079906638696086
4,12.0,12,1.851241280963345,3.007990663869564
4,24.0,1,1.851241280963345,3.0079906638695864
4,24.0,5,1.8512412809633227,3.0079906638695864
4,24.0,12,1.8512412809633227,3.0079906638695864
5,4.0,1,0.7765185598119784,1.064904181875459
5,4.0,5,0.7765185598119562,1.064904181875459
5,4.0,12,0.7602339181286499,1.0485729394900334
5,8.0,1,0.7765185598119562,1.0649041818754368
5,8.0,5,0.7765185598119562,1.064904181875459
5,8.0,12,0.7602339181286499,1.0485729394900334
5,12.0,1,0.7765185598120006,1.064904181875459
5,12.0,5,0.7765185598119562,1.064904181875459
5,12.0,12,0.7765185598119784,1.0649041818754812
5,24.0,1,0.7765185598119784,1.064904181875459
5,24.0,5,0.7765185598120006,1.064904181875459
5,24.0,12,0.7765185598119784,1.064904181875459
6,4.0,1,0.8583310057901361,1.1844883005576623
6,4.0,5,0.8583310057901361,1.1844883005576845
6,4.0,12,0.8369723435225573,1.2349149033497264
6,8.0,1,0.8583310057901361,1.1844883005576623
6,8.0,5,0.8583310057901583,1.1844883005576623
6,8.0,12,0.8369723435225573,1.2349149033497264
6,12.0,1,0.8583310057901361,1.1844883005576623
6,12.0,5,0.8583310057901361,1.1844883005576845
6,12.0,12,0.8583310057901583,1.1844883005576845
6,24.0,1,0.8583310057901361,1.18448830055764
6,24.0,5,0.8583310057901805,1.1844883005576623
6,24.0,12,0.8583310057901583,1.1844883005576623
7,4.0,1,1.2221580119766928,1.3001200185547068
7,4.0,5,1.222158011976715,1.300120018554729
7,4.0,12,1.1937329022631005,1.271673015624919
7,8.0,1,1.222158011976715,1.300120018554729
7,8.0,5,1.222158011976715,1.300120018554729
7,8.0,12,1.1937329022631005,1.271673015624919
7,12.0,1,1.2221580119767372,1.300120018554729
7,12.0,5,1.222158011976715,1.300120018554729
7,12.0,12,1.222158011976715,1.300120018554729
7,24.0,1,1.222158011976715,1.300120018554729
7,24.0,5,1.2221580119766928,1.3001200185547068
7,24.0,12,1.2221580119766928,1.300120018554729
8,4.0,1,1.4331297851236435,2.473872146114253
8,4.0,5,1.4331297851236657,2.4738721461142754
8,4.0,12,1.4492753623188248,2.438870668592119
8,8.0,1,1.4331297851236435,2.473872146114253
8,8.0,5,1.4331297851236435,2.4738721461142754
8,8.0,12,1.4492753623188248,2.438870668592119
8,12.0,1,1.4331297851236657,2.4738721461142754
8,12.0,5,1.4331297851236435,2.4738721461142754
8,12.0,12,1.4331297851236435,2.4738721461142754
8,24.0,1,1.4331297851236435,2.473872146114253
8,24.0,5,1.4331297851236435,2.4738721461142976
8,24.0,12,1.4331297851236435,2.473872146114253
9,4.0,1,1.5540025640256028,2.828109216617225
9,4.0,5,1.554002564025625,2.828109216617225
9,4.0,12,1.5700316760776767,2.7886569868981637
9,8.0,1,1.554002564025625,2.8281092166172472
9,8.0,5,1.554002564025625,2.828109216617225
9,8.0,12,1.5700316760776767,2.7886569868981637
9,12.0,1,1.554002564025625,2.8281092166172472
9,12.0,5,1.5540025640256028,2.8281092166172472
9,12.0,12,1.554002564025625,2.8281092166172472
9,24.0,1,1.5540025640256028,2.828109216617225
9,24.0,5,1.554002564025625,2.8281092166172694
9,24.0,12,1.5540025640256028,2.828109216617225
10,4.0,1,1.6328631379047165,2.6737409030819226
10,4.0,5,1.6328631379047387,2.6737409030819226
10,4.0,12,1.5914257875933924,2.631879170191409
10,8.0,1,1.6328631379046943,2.6737409030819004
10,8.0,5,1.6328631379047165,2.6737409030819226
10,8.0,12,1.5914257875933924,2.631879170191409
10,12.0,1,1.6328631379047387,2.673740903081945
10,12.0,5,1.6328631379047165,2.673740903081945
10,12.0,12,1.6328631379047387,2.6737409030819226
10,24.0,1,1.6328631379047165,2.673740903081945
10,24.0,5,1.6328631379047165,2.6737409030819226
10,24.0,12,1.6328631379047165,2.6737409030819226
11,4.0,1,1.9016550221875983,2.8906535296147506
11,4.0,5,1.9016550221875983,2.8906535296147506
11,4.0,12,1.8575308858319373,2.8461011499200994
11,8.0,1,1.9016550221876205,2.890653529614773
11,8.0,5,1.9016550221876205,2.890653529614795
11,8.0,12,1.8575308858319373,2.8461011499200994
11,12.0,1,1.9016550221876205,2.890653529614795
11,12.0,5,1.9016550221875983,2.890653529614795
11,12.0,12,1.9016550221875983,2.890653529614773
11,24.0,1,1.9016550221875983,2.890653529614773
11,24.0,5,1.9016550221875983,2.890653529614773
11,24.0,12,1.9016550221876205,2.890653529614773
12,4.0,1,1.9847987344330686,2.873351432376303
12,4.0,5,1.9847987344330908,2.8733514323763254
12,4.0,12,1.938236783105518,2.8263838054187973
12,8.0,1,1.9847987344330464,2.873351432376303
12,8.0,5,1.9847987344330686,2.873351432376303
12,8.0,12,1.938236783105518,2.8263838054187973
12,12.0,1,1.9847987344330908,2.873351432376303
12,12.0,5,1.9847987344330686,2.873351432376303
12,12.0,12,1.9847987344330686,2.8733514323763254
12,24.0,1,1.9847987344330686,2.8733514323763254
12,24.0,5,1.9847987344330464,2.873351432376303
12,24.0,12,1.9847987344330686,2.873351432376303
13,4.0,1,2.041521866412732,2.512288026057008
13,4.0,5,2.041521866412732,2.512288026057008
13,4.0,12,1.9941634241245065,2.4647110967098707
13,8.0,1,2.041521866412732,2.51228802605703
13,8.0,5,2.041521866412732,2.512288026057008
13,8.0,12,1.9941634241245065,2.4647110967098707
13,12.0,1,2.041521866412732,2.51228802605703
13,12.0,5,2.041521866412732,2.512288026057008
13,12.0,12,2.04152186641271,2.512288026057008
13,24.0,1,2.0415218664127543,2.512288026057008
13,24.0,5,2.04152186641271,2.5122880260569858
13,24.0,12,2.0415218664127543,2.51228802605703
14,4.0,1,2.1214556488097447,2.776799131069385
14,4.0,5,2.1214556488097447,2.776799131069363
14,4.0,12,2.0745811939214764,2.729623868987363
14,8.0,1,2.1214556488097447,2.776799131069385
14,8.0,5,2.1214556488097447,2.776799131069385
14,8.0,12,2.0745811939214764,2.729623868987363
14,12.0,1,2.1214556488097447,2.776799131069385
14,12.0,5,2.1214556488097447,2.776799131069385
14,12.0,12,2.1214556488097225,2.776799131069363
14,24.0,1,2.1214556488097225,2.776799131069385
14,24.0,5,2.1214556488097225,2.776799131069385
14,24.0,12,2.121455648809767,2.7767991310694073
15,4.0,1,2.137804334357085,2.8232643503741217
15,4.0,5,2.1378043343571074,2.823264350374144
15,4.0,12,2.090607932670796,2.7757512075314406
15,8.0,1,2.1378043343571074,2.823264350374144
15,8.0,5,2.137804334357085,2.8232643503741217
15,8.0,12,2.090607932670796,2.7757512075314406
15,12.0,1,2.1378043343571074,2.8232643503741217
15,12.0,5,2.137804334357085,2.8232643503741217
15,12.0,12,2.137804334357085,2.8232643503741217
15,24.0,1,2.1378043343571074,2.8232643503741217
15,24.0,5,2.137804334357085,2.8232643503741217
15,24.0,12,2.1378043343571074,2.8232643503741217
16,4.0,1,2.099940624556096,2.86912400094681
16,4.0,5,2.099940624556096,2.86912400094681
16,4.0,12,2.0517430045333684,2.820563277793209
16,8.0,1,2.099940624556096,2.86912400094681
16,8.0,5,2.099940624556118,2.8691240009468544
16,8.0,12,2.0517430045333684,2.820563277793209
16,12.0,1,2.099940624556096,2.869124000946832
16,12.0,5,2.099940624556096,2.86912400094681
16,12.0,12,2.099940624556096,2.86912400094681
16,24.0,1,2.099940624556096,2.869124000946832
16,24.0,5,2.0999406245560737,2.8691240009467878
16,24.0,12,2.0999406245560737,2.8691240009467878
17,4.0,1,2.0613163967599712,2.745875369543316
17,4.0,5,2.061316396759949,2.745875369543316
17,4.0,12,2.0121070372153937,2.696335946564221
17,8.0,1,2.061316396759949,2.745875369543316
17,8.0,5,2.0613163967599712,2.745875369543316
17,8.0,12,2.0121070372153937,2.696335946564221
17,12.0,1,2.061316396759949,2.7458753695432936
17,12.0,5,2.061316396759949,2.7458753695432936
17,12.0,12,2.0613163967599712,2.745875369543316
17,24.0,1,2.0613163967599712,2.745875369543316
17,24.0,5,2.061316396759927,2.7458753695432936
17,24.0,12,2.061316396759949,2.7458753695432936
18,4.0,1,1.9903194502387311,2.9644738949891947
18,4.0,5,1.9903194502387311,2.9644738949891947
18,4.0,12,1.9398790248671194,2.9135516909072567
18,8.0,1,1.9903194502387311,2.964473894989217
18,8.0,5,1.9903194502387311,2.9644738949891947
18,8.0,12,1.9398790248671194,2.9135516909072567
18,12.0,1,1.9903194502387311,2.9644738949891947
18,12.0,5,1.990319450238709,2.9644738949891725
18,12.0,12,1.990319450238709,2.9644738949891947
18,24.0,1,1.990319450238709,2.9644738949891725
18,24.0,5,1.990319450238709,2.9644738949891725
18,24.0,12,1.990319450238709,2.9644738949891947
19,4.0,1,1.92897939226655,3.0233783131960346
19,4.0,5,1.9289793922665277,3.0233783131960346
19,4.0,12,1.8780367964186029,2.9718887529591953
19,8.0,1,1.9289793922665055,3.0233783131960124
19,8.0,5,1.9289793922665277,3.0233783131960124
19,8.0,12,1.8780367964186029,2.9718887529591953
19,12.0,1,1.9289793922665055,3.02337831319599
19,12.0,5,1.9289793922665055,3.0233783131960124
19,12.0,12,1.9289793922664833,3.02337831319599
19,24.0,1,1.9289793922665055,3.0233783131960124
19,24.0,5,1.9289793922665055,3.0233783131960124
19,24.0,12,1.9289793922665055,3.0233783131960124
20,4.0,1,1.8222290163434351,2.9914293249721835
20,4.0,5,1.8222290163434574,2.9914293249721835
20,4.0,12,1.771040302205229,2.9396528230694496
20,8.0,1,1.8222290163434351,2.9914293249721835
20,8.0,5,1.8222290163434351,2.9914293249721835
20,8.0,12,1.771040302205229,2.9396528230694496
20,12.0,1,1.8222290163434351,2.9914293249721835
20,12.0,5,1.8222290163434351,2.9914293249721613
20,12.0,12,1.8222290163434351,2.9914293249721835
20,24.0,1,1.8222290163434574,2.9914293249721835
20,24.0,5,1.8222290163434574,2.9914293249721835
20,24.0,12,1.822229016343413,2.9914293249721835
21,4.0,1,1.7692409644099572,2.9679097590021852
21,4.0,5,1.769240964409935,2.9679097590021852
21,4.0,12,1.7186321905353186,2.9167048997347678
21,8.0,1,1.7692409644099572,2.9679097590022074
21,8.0,5,1.769240964409935,2.9679097590022074
21,8.0,12,1.7186321905353186,2.9167048997347678
21,12.0,1,1.7692409644099572,2.9679097590022074
21,12.0,5,1.769240964409935,2.9679097590021852
21,12.0,12,1.769240964409935,2.9679097590021852
21,24.0,1,1.769240964409935,2.9679097590021852
21,24.0,5,1.7692409644099572,2.9679097590022074
21,24.0,12,1.769240964409935,2.9679097590021852
22,4.0,1,1.7517015586045348,3.043044647340243
22,4.0,5,1.7517015586045348,3.043044647340243
22,4.0,12,1.701784454078048,2.9924940388334376
22,8.0,1,1.751701558604557,3.043044647340243
22,8.0,5,1.751701558604557,3.043044647340243
22,8.0,12,1.701784454078048,2.9924940388334376
22,12.0,1,1.751701558604557,3.043044647340243
22,12.0,5,1.751701558604557,3.043044647340243
22,12.0,12,1.7517015586045348,3.043044647340243
22,24.0,1,1.751701558604557,3.043044647340265
22,24.0,5,1.7517015586045126,3.0430446473402206
22,24.0,12,1.7517015586045348,3.043044647340243
23,4.0,1,1.7494670805085821,3.188059971592505
23,4.0,5,1.7494670805086043,3.188059971592505
23,4.0,12,1.6995341471947256,3.137421057550105
23,8.0,1,1.7494670805086043,3.188059971592505
23,8.0,5,1.7494670805086043,3.188059971592505
23,8.0,12,1.6995341471947256,3.137421057550105
23,12.0,1,1.7494670805086043,3.188059971592505
23,12.0,5,1.7494670805086043,3.188059971592483
23,12.0,12,1.7494670805085821,3.188059971592505
23,24.0,1,1.7494670805086043,3.188059971592505
23,24.0,5,1.7494670805086043,3.188059971592505
23,24.0,12,1.7494670805086265,3.188059971592505
24,4.0,1,1.63394292598118,3.0349242493665773
24,4.0,5,1.63394292598118,3.0349242493666218
24,4.0,12,1.5826148576827626,2.9828886451507497
24,8.0,1,1.63394292598118,3.0349242493665995
24,8.0,5,1.63394292598118,3.0349242493666218
24,8.0,12,1.5826148576827626,2.9828886451507497
24,12.0,1,1.63394292598118,3.0349242493666218
24,12.0,5,1.6339429259812022,3.034924249366644
24,12.0,12,1.63394292598118,3.0349242493665773
24,24.0,1,1.63394292598118,3.0349242493666218
24,24.0,5,1.63394292598118,3.0349242493665995
24,24.0,12,1.6339429259812022,3.0349242493666218
25,4.0,1,1.5459907187134192,3.0027619366263636
25,4.0,5,1.5459907187134414,3.0027619366263636
25,4.0,12,1.4932555143349457,2.949270196934517
25,8.0,1,1.5459907187134414,3.002761936626386
25,8.0,5,1.5459907187134414,3.002761936626386
25,8.0,12,1.4932555143349457,2.949270196934517
25,12.0,1,1.5459907187134414,3.002761936626386
25,12.0,5,1.5459907187134414,3.002761936626386
25,12.0,12,1.5459907187134192,3.0027619366263414
25,24.0,1,1.5459907187134636,3.002761936626386
25,24.0,5,1.5459907187134414,3.0027619366263636
25,24.0,12,1.5459907187134192,3.0027619366263636
26,4.0,1,1.4914928077469192,2.9996542514511004
26,4.0,5,1.4914928077469414,2.9996542514511226
26,4.0,12,1.4374982085017196,2.9448572935993456
26,8.0,1,1.4914928077469636,2.999654251451145
26,8.0,5,1.4914928077469192,2.9996542514510782
26,8.0,12,1.4374982085017196,2.9448572935993456
26,12.0,1,1.4914928077469192,2.9996542514511004
26,12.0,5,1.4914928077469414,2.999654251451145
26,12.0,12,1.4914928077469414,2.9996542514511226
26,24.0,1,1.4914928077469414,2.999654251451145
26,24.0,5,1.4914928077469414,2.9996542514511004
26,24.0,12,1.4914928077469192,2.9996542514511004
27,4.0,1,1.4452295471000909,3.0890057717244845
27,4.0,5,1.4452295471000909,3.0890057717244845
27,4.0,12,1.3903459265653284,3.033232839874045
27,8.0,1,1.4452295471000909,3.0890057717244845
27,8.0,5,1.4452295471000909,3.0890057717244845
27,8.0,12,1.3903459265653284,3.033232839874045
27,12.0,1,1.4452295471000909,3.0890057717245067
27,12.0,5,1.4452295471000909,3.0890057717245067
27,12.0,12,1.445229547100113,3.0890057717245067
27,24.0,1,1.445229547100113,3.0890057717244845
27,24.0,5,1.4452295471000909,3.0890057717244845
27,24.0,12,1.4452295471000909,3.0890057717244845
28,4.0,1,1.36881014444723,3.1541201529343033
28,4.0,5,1.3688101444472078,3.154120152934281
28,4.0,12,1.3128022900009917,3.0971258867608764
28,8.0,1,1.36881014444723,3.154120152934281
28,8.0,5,1.3688101444472078,3.154120152934281
28,8.0,12,1.3128022900009917,3.0971258867608764
28,12.0,1,1.36881014444723,3.154120152934281
28,12.0,5,1.36881014444723,3.1541201529343033
28,12.0,12,1.3688101444472078,3.154120152934281
28,24.0,1,1.36881014444723,3.154120152934281
28,24.0,5,1.3688101444472078,3.154120152934259
28,24.0,12,1.3688101444472078,3.154120152934281
29,4.0,1,1.3147524786438103,3.212094802217713
29,4.0,5,1.3147524786438325,3.2120948022177354
29,4.0,12,1.2577604046907442,3.154035425908641
29,8.0,1,1.3147524786438547,3.2120948022177576
29,8.0,5,1.3147524786438325,3.2120948022177576
29,8.0,12,1.2577604046907442,3.154035425908641
29,12.0,1,1.3147524786438547,3.2120948022177798
29,12.0,5,1.314752478643877,3.2120948022177798
29,12.0,12,1.3147524786438547,3.2120948022177798
29,24.0,1,1.314752478643877,3.2120948022177798
29,24.0,5,1.3147524786438103,3.2120948022177354
29,24.0,12,1.3147524786438547,3.2120948022177576
30,4.0,1,1.2255111043839806,3.1269660151918455
30,4.0,5,1.2255111043839584,3.1269660151918455
30,4.0,12,1.167097931004868,3.0674555886186727
30,8.0,1,1.2255111043840028,3.1269660151918677
30,8.0,5,1.2255111043839806,3.1269660151918233
30,8.0,12,1.167097931004868,3.0674555886186727
30,12.0,1,1.2255111043839806,3.1269660151918455
30,12.0,5,1.2255111043840028,3.12696601519189
30,12.0,12,1.2255111043839806,3.1269660151918677
30,24.0,1,1.2255111043840028,3.12696601519189
30,24.0,5,1.2255111043839806,3.1269660151918455
30,24.0,12,1.2255111043840028,3.1269660151918677
31,4.0,1,1.140605329799449,3.093984310681064
31,4.0,5,1.140605329799449,3.0939843106810416
31,4.0,12,1.0807061283577113,3.032928246071598
31,8.0,1,1.140605329799449,3.093984310681064
31,8.0,5,1.1406053297994712,3.093984310681086
31,8.0,12,1.0807061283577113,3.032928246071598
31,12.0,1,1.140605329799449,3.093984310681064
31,12.0,5,1.140605329799449,3.093984310681064
31,12.0,12,1.140605329799449,3.093984310681064
31,24.0,1,1.1406053297994712,3.093984310681086
31,24.0,5,1.140605329799449,3.0939843106810416
31,24.0,12,1.140605329799449,3.093984310681064
32,4.0,1,1.134324331101011,3.262899899916394
32,4.0,5,1.1343243311010331,3.2628998999163716
32,4.0,12,1.054221131612465,3.200064401717384
32,8.0,1,1.1343243311010331,3.262899899916394
32,8.0,5,1.1343243311010331,3.262899899916394
32,8.0,12,1.054221131612465,3.200064401717384
32,12.0,1,1.1343243311010331,3.2628998999163716
32,12.0,5,1.1343243311010331,3.262899899916394
32,12.0,12,1.1343243311010553,3.262899899916416
32,24.0,1,1.1343243311010553,3.262899899916394
32,24.0,5,1.1343243311010331,3.2628998999163494
32,24.0,12,1.1343243311010553,3.262899899916394
33,4.0,1,1.2059282199122556,3.2691664743593973
33,4.0,5,1.2059282199122778,3.269166474359375
33,4.0,12,1.115403401269921,3.204499092868218
33,8.0,1,1.2059282199122778,3.2691664743594195
33,8.0,5,1.2059282199122556,3.269166474359375
33,8.0,12,1.115403401269921,3.204499092868218
33,12.0,1,1.2059282199122556,3.269166474359375
33,12.0,5,1.2059282199122778,3.2691664743594417
33,12.0,12,1.2059282199122556,3.2691664743593973
33,24.0,1,1.2059282199122778,3.2691664743593973
33,24.0,5,1.2059282199122334,3.269166474359375
33,24.0,12,1.2059282199122778,3.269166474359375
34,4.0,1,1.254207243586447,3.3185625705280497
34,4.0,5,1.2542072435864249,3.3185625705280497
34,4.0,12,1.117828314968028,3.2509060891481534
34,8.0,1,1.254207243586447,3.318562570528072
34,8.0,5,1.254207243586447,3.318562570528072
34,8.0,12,1.117828314968028,3.2509060891481534
34,12.0,1,1.254207243586447,3.3185625705280497
34,12.0,5,1.2542072435864693,3.3185625705280497
34,12.0,12,1.2542072435864249,3.3185625705280497
34,24.0,1,1.254207243586447,3.3185625705280497
34,24.0,5,1.254207243586447,3.3185625705280497
34,24.0,12,1.254207243586447,3.3185625705280275
35,4.0,1,1.3446648068749179,3.458203300031304
35,4.0,5,1.3446648068749179,3.458203300031304
35,4.0,12,1.1596816808264965,3.3871389154950693
35,8.0,1,1.34466480687494,3.458203300031304
35,8.0,5,1.3446648068749179,3.458203300031304
35,8.0,12,1.1596816808264965,3.3871389154950693
35,12.0,1,1.3446648068749623,3.458203300031304
35,12.0,5,1.34466480687494,3.458203300031326
35,12.0,12,1.34466480687494,3.458203300031304
35,24.0,1,1.34466480687494,3.458203300031304
35,24.0,5,1.34466480687494,3.4582033000312817
35,24.0,12,1.34466480687494,3.458203300031326
36,4.0,1,1.4028566751130844,3.502636030992834
36,4.0,5,1.4028566751130622,3.5026360309928117
36,4.0,12,1.2169185376009084,3.4276563922998493
36,8.0,1,1.4028566751130622,3.5026360309928117
36,8.0,5,1.40285667511304,3.5026360309927895
36,8.0,12,1.2169185376009084,3.4276563922998493
36,12.0,1,1.4028566751130622,3.5026360309927895
36,12.0,5,1.4028566751130622,3.5026360309927895
36,12.0,12,1.40285667511304,3.5026360309928117
36,24.0,1,1.4028566751130622,3.502636030992834
36,24.0,5,1.40285667511304,3.5026360309927673
36,24.0,12,1.40285667511304,3.5026360309927895
37,4.0,1,1.389167015969761,3.486640160404475
37,4.0,5,1.3891670159697833,3.486640160404475
37,4.0,12,1.2506569322330074,3.407305006374872
37,8.0,1,1.389167015969761,3.486640160404497
37,8.0,5,1.3891670159697833,3.486640160404475
37,8.0,12,1.2506569322330074,3.407305006374872
37,12.0,1,1.3891670159697833,3.486640160404475
37,12.0,5,1.3891670159697833,3.486640160404497
37,12.0,12,1.389167015969761,3.486640160404497
37,24.0,1,1.3891670159697833,3.486640160404497
37,24.0,5,1.3891670159697833,3.486640160404475
37,24.0,12,1.389167015969761,3.486640160404475
38,4.0,1,1.4242545845484456,3.5870624605633505
38,4.0,5,1.4242545845484456,3.5870624605633727
38,4.0,12,1.27640637326627,3.5040658057965413
38,8.0,1,1.4242545845484234,3.5870624605633727
38,8.0,5,1.4242545845484456,3.5870624605633727
38,8.0,12,1.27640637326627,3.5040658057965413
38,12.0,1,1.4242545845484678,3.5870624605633727
38,12.0,5,1.4242545845484456,3.5870624605633727
38,12.0,12,1.4242545845484456,3.5870624605633727
38,24.0,1,1.4242545845484456,3.5870624605633727
38,24.0,5,1.4242545845484234,3.5870624605633727
38,24.0,12,1.4242545845484456,3.5870624605633727
39,4.0,1,1.4795564619993984,3.635846906700002
39,4.0,5,1.4795564619993984,3.635846906700002
39,4.0,12,1.317131039789654,3.5492203402505362
39,8.0,1,1.4795564619994206,3.6358469067000243
39,8.0,5,1.4795564619993762,3.635846906700002
39,8.0,12,1.317131039789654,3.5492203402505362
39,12.0,1,1.4795564619994206,3.6358469067000465
39,12.0,5,1.4795564619994206,3.6358469067000465
39,12.0,12,1.479556461999354,3.6358469067000243
39,24.0,1,1.4795564619994206,3.6358469067000465
39,24.0,5,1.4795564619993762,3.635846906700002
39,24.0,12,1.4795564619993984,3.6358469067000465
40,4.0,1,1.5504840776187967,3.7264356911642427
40,4.0,5,1.5504840776187745,3.7264356911642427
40,4.0,12,1.3552120723756556,3.6364518830222625
40,8.0,1,1.5504840776187745,3.726435691164265
40,8.0,5,1.5504840776187745,3.7264356911642427
40,8.0,12,1.3552120723756556,3.6364518830222625
40,12.0,1,1.5504840776187967,3.7264356911642427
40,12.0,5,1.5504840776187745,3.726435691164265
40,12.0,12,1.5504840776187745,3.7264356911642427
40,24.0,1,1.5504840776187745,3.7264356911642427
40,24.0,5,1.5504840776187745,3.7264356911642427
40,24.0,12,1.5504840776187745,3.7264356911642427
41,4.0,1,1.6569727070335771,3.873396172963206
41,4.0,5,1.656972707033555,3.873396172963206
41,4.0,12,1.3939654971713233,3.780492902433452
41,8.0,1,1.6569727070335771,3.8733961729632505
41,8.0,5,1.656972707033555,3.8733961729632282
41,8.0,12,1.3939654971713233,3.780492902433452
41,12.0,1,1.6569727070335771,3.873396172963206
41,12.0,5,1.6569727070335771,3.873396172963206
41,12.0,12,1.6569727070335771,3.873396172963206
41,24.0,1,1.6569727070335327,3.873396172963206
41,24.0,5,1.6569727070335327,3.873396172963206
41,24.0,12,1.6569727070335771,3.873396172963206
42,4.0,1,1.7425618778619256,3.943743914340425
42,4.0,5,1.7425618778619256,3.943743914340425
42,4.0,12,1.4004466319286202,3.8478160824822805
42,8.0,1,1.7425618778619478,3.9437439143404474
42,8.0,5,1.7425618778619034,3.943743914340403
42,8.0,12,1.4004466319286202,3.8478160824822805
42,12.0,1,1.7425618778619478,3.943743914340403
42,12.0,5,1.7425618778619478,3.9437439143404474
42,12.0,12,1.7425618778619256,3.943743914340425
42,24.0,1,1.7425618778619256,3.943743914340425
42,24.0,5,1.7425618778619256,3.943743914340403
42,24.0,12,1.7425618778619256,3.943743914340403
43,4.0,1,1.843353943078485,4.056429795605654
43,4.0,5,1.843353943078485,4.056429795605698
43,4.0,12,1.4216097421142493,3.957593352346178
43,8.0,1,1.843353943078485,4.056429795605676
43,8.0,5,1.843353943078463,4.056429795605676
43,8.0,12,1.4216097421142493,3.957593352346178
43,12.0,1,1.843353943078485,4.056429795605698
43,12.0,5,1.843353943078485,4.056429795605676
43,12.0,12,1.8433539430785073,4.056429795605676
43,24.0,1,1.8433539430785073,4.056429795605698
43,24.0,5,1.843353943078485,4.056429795605632
43,24.0,12,1.843353943078485,4.056429795605676
44,4.0,1,1.9714348725792252,4.188661860291409
44,4.0,5,1.9714348725792252,4.188661860291409
44,4.0,12,1.4406061006138948,4.087413468020729
44,8.0,1,1.9714348725792252,4.188661860291387
44,8.0,5,1.9714348725792252,4.188661860291365
44,8.0,12,1.4406061006138948,4.087413468020729
44,12.0,1,1.9714348725792252,4.188661860291387
44,12.0,5,1.9714348725792474,4.188661860291387
44,12.0,12,1.9714348725792252,4.188661860291387
44,24.0,1,1.9714348725792252,4.188661860291387
44,24.0,5,1.971434872579203,4.188661860291365
44,24.0,12,1.9714348725792474,4.188661860291365
45,4.0,1,2.071961834965297,4.218277928142866
45,4.0,5,2.071961834965297,4.218277928142888
45,4.0,12,1.4678417182210746,4.114267680933481
45,8.0,1,2.071961834965297,4.218277928142911
45,8.0,5,2.071961834965297,4.218277928142911
45,8.0,12,1.4678417182210746,4.114267680933481
45,12.0,1,2.071961834965297,4.218277928142888
45,12.0,5,2.071961834965297,4.218277928142888
45,12.0,12,2.071961834965297,4.218277928142888
45,24.0,1,2.071961834965319,4.218277928142911
45,24.0,5,2.0719618349652746,4.218277928142888
45,24.0,12,2.071961834965297,4.218277928142888
46,4.0,1,2.1861459187504817,4.429474880232798
46,4.0,5,2.1861459187504817,4.42947488023282
46,4.0,12,1.4883395522388154,4.32283321812299
46,8.0,1,2.186145918750504,4.42947488023282
46,8.0,5,2.1861459187504595,4.429474880232798
46,8.0,12,1.4883395522388154,4.32283321812299
46,12.0,1,2.1861459187504817,4.429474880232798
46,12.0,5,2.186145918750504,4.42947488023282
46,12.0,12,2.1861459187504817,4.42947488023282
46,24.0,1,2.186145918750504,4.42947488023282
46,24.0,5,2.1861459187504595,4.4294748802327755
46,24.0,12,2.1861459187504817,4.429474880232798
47,4.0,1,2.2627742802997064,4.546128470122857
47,4.0,5,2.262774280299684,4.546128470122857
47,4.0,12,1.4760924068767833,4.435948617150509
47,8.0,1,2.262774280299684,4.546128470122857
47,8.0,5,2.262774280299662,4.54612847012279
47,8.0,12,1.4760924068767833,4.435948617150509
47,12.0,1,2.262774280299684,4.546128470122834
47,12.0,5,2.2627742802997064,4.546128470122834
47,12.0,12,2.2627742802997064,4.546128470122834
47,24.0,1,2.2627742802997064,4.546128470122834
47,24.0,5,2.26277428029964,4.546128470122834
47,24.0,12,2.262774280299684,4.546128470122834
48,4.0,1,2.3340504141888596,4.582866742855596
48,4.0,5,2.3340504141888596,4.582866742855596
48,4.0,12,1.4722775557266754,4.469092331356661
48,8.0,1,2.334050414188882,4.582866742855596
48,8.0,5,2.3340504141888374,4.582866742855596
48,8.0,12,1.4722775557266754,4.469092331356661
48,12.0,1,2.334050414188882,4.582866742855618
48,12.0,5,2.334050414188882,4.582866742855618
48,12.0,12,2.334050414188882,4.582866742855596
48,24.0,1,2.334050414188904,4.582866742855596
48,24.0,5,2.3340504141888596,4.582866742855596
48,24.0,12,2.3340504141888596,4.582866742855574
49,4.0,1,2.4285721717904662,4.722648316681499
49,4.0,5,2.428572171790444,4.722648316681521
49,4.0,12,1.464242123337245,4.605291869090866
49,8.0,1,2.4285721717904662,4.722648316681521
49,8.0,5,2.428572171790444,4.722648316681499
49,8.0,12,1.464242123337245,4.605291869090866
49,12.0,1,2.428572171790444,4.722648316681499
49,12.0,5,2.428572171790444,4.722648316681499
49,12.0,12,2.4285721717904662,4.722648316681521
49,24.0,1,2.4285721717904662,4.722648316681521
49,24.0,5,2.428572171790444,4.722648316681499
49,24.0,12,2.428572171790444,4.722648316681499
50,4.0,1,2.5094520689468602,4.774834516493454
50,4.0,5,2.509452068946838,4.774834516493454
50,4.0,12,1.4652000063721582,4.65366488777561
50,8.0,1,2.5094520689468824,4.774834516493454
50,8.0,5,2.509452068946838,4.774834516493454
50,8.0,12,1.4652000063721582,4.65366488777561
50,12.0,1,2.5094520689468602,4.774834516493454
50,12.0,5,2.5094520689468602,4.774834516493454
50,12.0,12,2.5094520689468824,4.774834516493454
50,24.0,1,2.509452068946838,4.774834516493454
50,24.0,5,2.509452068946838,4.774834516493454
50,24.0,12,2.5094520689468824,4.774834516493431
51,4.0,1,2.5866418065603414,4.8652916515713684
51,4.0,5,2.5866418065603414,4.8652916515713684
51,4.0,12,1.4644704726524793,4.7401312380811245
51,8.0,1,2.5866418065603414,4.8652916515713684
51,8.0,5,2.5866418065603414,4.8652916515713684
51,8.0,12,1.4644704726524793,4.7401312380811245
51,12.0,1,2.5866418065603414,4.8652916515713684
51,12.0,5,2.586641806560319,4.8652916515713684
51,12.0,12,2.5866418065603636,4.8652916515713684
51,24.0,1,2.586641806560319,4.8652916515713684
51,24.0,5,2.586641806560319,4.865291651571346
51,24.0,12,2.5866418065603414,4.8652916515713684
52,4.0,1,2.661337599264413,4.962420637982912
52,4.0,5,2.661337599264435,4.962420637982934
52,4.0,12,1.4600566257702674,4.83247915247893
52,8.0,1,2.661337599264435,4.962420637982956
52,8.0,5,2.661337599264413,4.962420637982912
52,8.0,12,1.4600566257702674,4.83247915247893
52,12.0,1,2.661337599264413,4.962420637982912
52,12.0,5,2.661337599264435,4.9624206379828895
52,12.0,12,2.661337599264435,4.962420637982934
52,24.0,1,2.661337599264435,4.962420637982912
52,24.0,5,2.661337599264435,4.962420637982912
52,24.0,12,2.661337599264413,4.9624206379828895
53,4.0,1,2.738872485355892,4.994914950873719
53,4.0,5,2.738872485355892,4.994914950873697
53,4.0,12,1.4518634926871332,4.860990415896249
53,8.0,1,2.738872485355892,4.994914950873719
53,8.0,5,2.738872485355892,4.9949149508736745
53,8.0,12,1.4518634926871332,4.860990415896249
53,12.0,1,2.738872485355892,4.9949149508736745
53,12.0,5,2.738872485355892,4.994914950873697
53,12.0,12,2.738872485355892,4.994914950873719
53,24.0,1,2.73887248535587,4.9949149508736745
53,24.0,5,2.73887248535587,4.994914950873697
53,24.0,12,2.738872485355892,4.994914950873719
54,4.0,1,2.809887568799363,5.070136010637194
54,4.0,5,2.809887568799363,5.070136010637216
54,4.0,12,1.4410225810790767,4.9325180344991
54,8.0,1,2.8098875687994074,5.070136010637238
54,8.0,5,2.809887568799363,5.070136010637194
54,8.0,12,1.4410225810790767,4.9325180344991
54,12.0,1,2.809887568799385,5.070136010637216
54,12.0,5,2.809887568799385,5.070136010637194
54,12.0,12,2.809887568799385,5.070136010637216
54,24.0,1,2.809887568799385,5.070136010637194
54,24.0,5,2.809887568799385,5.070136010637216
54,24.0,12,2.809887568799385,5.070136010637194
55,4.0,1,2.8879808125343853,5.2195209310978985
55,4.0,5,2.8879808125343853,5.219520931097876
55,4.0,12,1.438932849800345,5.078247874224773
55,8.0,1,2.8879808125344075,5.2195209310978985
55,8.0,5,2.8879808125343853,5.219520931097876
55,8.0,12,1.438932849800345,5.078247874224773
55,12.0,1,2.887980812534363,5.219520931097876
55,12.0,5,2.8879808125344075,5.219520931097876
55,12.0,12,2.8879808125344075,5.2195209310978985
55,24.0,1,2.8879808125344075,5.219520931097876
55,24.0,5,2.8879808125343853,5.219520931097876
55,24.0,12,2.887980812534363,5.219520931097854
56,4.0,1,2.967914099270308,5.291907842842591
56,4.0,5,2.9679140992702857,5.291907842842569
56,4.0,12,1.441042966936612,5.146978972735616
56,8.0,1,2.9679140992702857,5.291907842842569
56,8.0,5,2.9679140992702635,5.291907842842547
56,8.0,12,1.441042966936612,5.146978972735616
56,12.0,1,2.9679140992702857,5.291907842842569
56,12.0,5,2.967914099270308,5.291907842842569
56,12.0,12,2.9679140992702857,5.291907842842569
56,24.0,1,2.9679140992702857,5.291907842842569
56,24.0,5,2.9679140992702857,5.291907842842569
56,24.0,12,2.9679140992702857,5.291907842842547
57,4.0,1,3.0488789745094724,5.3785455352675315
57,4.0,5,3.0488789745094946,5.378545535267576
57,4.0,12,1.436486124354186,5.229587413414105
57,8.0,1,3.048878974509517,5.378545535267576
57,8.0,5,3.0488789745094946,5.378545535267554
57,8.0,12,1.436486124354186,5.229587413414105
57,12.0,1,3.048878974509517,5.378545535267576
57,12.0,5,3.0488789745094946,5.378545535267576
57,12.0,12,3.0488789745094946,5.378545535267554
57,24.0,1,3.0488789745094946,5.3785455352675315
57,24.0,5,3.0488789745094946,5.378545535267554
57,24.0,12,3.0488789745094724,5.3785455352675315
58,4.0,1,3.13596661171458,5.445636420025246
58,4.0,5,3.13596661171458,5.445636420025246
58,4.0,12,1.4300823517713335,5.292514305637108
58,8.0,1,3.1359666117146023,5.445636420025268
58,8.0,5,3.135966611714558,5.445636420025224
58,8.0,12,1.4300823517713335,5.292514305637108
58,12.0,1,3.135966611714558,5.445636420025224
58,12.0,5,3.13596661171458,5.445636420025224
58,12.0,12,3.135966611714558,5.445636420025224
58,24.0,1,3.13596661171458,5.445636420025246
58,24.0,5,3.135966611714558,5.445636420025202
58,24.0,12,3.13596661171458,5.445636420025224
59,4.0,1,3.2197307969489053,5.496019883349446
59,4.0,5,3.2197307969489053,5.496019883349446
59,4.0,12,1.4195293891271499,5.338393049797063
59,8.0,1,3.2197307969489497,5.496019883349468
59,8.0,5,3.2197307969489053,5.496019883349446
59,8.0,12,1.4195293891271499,5.338393049797063
59,12.0,1,3.2197307969489275,5.496019883349446
59,12.0,5,3.2197307969489275,5.496019883349468
59,12.0,12,3.2197307969489053,5.496019883349446
59,24.0,1,3.2197307969489497,5.496019883349446
59,24.0,5,3.2197307969489275,5.496019883349468
59,24.0,12,3.2197307969489275,5.496019883349446
60,4.0,1,3.3129539238568206,5.562863303890708
60,4.0,5,3.3129539238568206,5.562863303890708
60,4.0,12,1.4112413843713423,5.4011144775388376
60,8.0,1,3.312953923856843,5.5628633038907305
60,8.0,5,3.3129539238568206,5.562863303890708
60,8.0,12,1.4112413843713423,5.4011144775388376
60,12.0,1,3.3129539238568206,5.562863303890708
60,12.0,5,3.312953923856865,5.5628633038907305
60,12.0,12,3.3129539238568206,5.5628633038907305
60,24.0,1,3.3129539238568206,5.5628633038907305
60,24.0,5,3.3129539238567984,5.562863303890708
60,24.0,12,3.3129539238568206,5.5628633038907305
61,4.0,1,3.4082269378028496,5.628385648499767
61,4.0,5,3.4082269378028496,5.628385648499767
61,4.0,12,1.407175886047729,5.462679542382576
61,8.0,1,3.408226937802872,5.62838564849979
61,8.0,5,3.408226937802872,5.62838564849979
61,8.0,12,1.407175886047729,5.462679542382576
61,12.0,1,3.4082269378028496,5.62838564849979
61,12.0,5,3.408226937802894,5.62838564849979
61,12.0,12,3.4082269378028496,5.628385648499812
61,24.0,1,3.408226937802872,5.628385648499767
61,24.0,5,3.4082269378028496,5.628385648499767
61,24.0,12,3.408226937802894,5.628385648499767
62,4.0,1,3.497888236017155,5.688880210510683
62,4.0,5,3.497888236017177,5.688880210510683
62,4.0,12,1.4003089385148604,5.519666878268015
62,8.0,1,3.4978882360171992,5.688880210510683
62,8.0,5,3.497888236017177,5.688880210510683
62,8.0,12,1.4003089385148604,5.519666878268015
62,12.0,1,3.4978882360171326,5.688880210510661
62,12.0,5,3.497888236017177,5.688880210510683
62,12.0,12,3.497888236017155,5.688880210510683
62,24.0,1,3.497888236017155,5.688880210510683
62,24.0,5,3.497888236017155,5.688880210510683
62,24.0,12,3.497888236017155,5.688880210510683
63,4.0,1,3.5935014807709997,5.747167028899591
63,4.0,5,3.5935014807709997,5.747167028899591
63,4.0,12,1.3946326214252291,5.5748073282432475
63,8.0,1,3.593501480771022,5.7471670288996135
63,8.0,5,3.5935014807709997,5.747167028899569
63,8.0,12,1.3946326214252291,5.5748073282432475
63,12.0,1,3.5935014807709997,5.747167028899591
63,12.0,5,3.593501480771022,5.747167028899569
63,12.0,12,3.5935014807709997,5.747167028899591
63,24.0,1,3.5935014807709775,5.747167028899591
63,24.0,5,3.5935014807709997,5.747167028899591
63,24.0,12,3.593501480771022,5.747167028899547
64,4.0,1,3.6941594090868834,5.796960265722695
64,4.0,5,3.6932108935002983,5.796960265722673
64,4.0,12,1.3873996815804146,5.62180976040394
64,8.0,1,3.6941594090869057,5.796960265722695
64,8.0,5,3.6941594090868612,5.796960265722695
64,8.0,12,1.3873996815804146,5.62180976040394
64,12.0,1,3.6941594090868612,5.796960265722673
64,12.0,5,3.6941594090868834,5.796960265722673
64,12.0,12,3.6941594090869057,5.796960265722695
64,24.0,1,3.6941594090868834,5.79696026572265
64,24.0,5,3.6941594090868834,5.796960265722673
64,24.0,12,3.6941594090869057,5.79696026572265
65,4.0,1,3.806436245538314,5.884283284562186
65,4.0,5,3.8006400762444104,5.884283284562164
65,4.0,12,1.381682094196135,5.706663174523574
65,8.0,1,3.806436245538336,5.884283284562186
65,8.0,5,3.806436245538314,5.884283284562164
65,8.0,12,1.381682094196135,5.706663174523574
65,12.0,1,3.806436245538336,5.884283284562208
65,12.0,5,3.806436245538314,5.884283284562186
65,12.0,12,3.806436245538314,5.884283284562186
65,24.0,1,3.806436245538336,5.884283284562164
65,24.0,5,3.806436245538314,5.884283284562164
65,24.0,12,3.806436245538314,5.884283284562186
66,4.0,1,3.9137279854913,5.928435577965163
66,4.0,5,3.89399411477811,5.928435577965163
66,4.0,12,1.3764626536935998,5.747964101545766
66,8.0,1,3.9137279854913,5.928435577965185
66,8.0,5,3.9137279854912776,5.928435577965163
66,8.0,12,1.3764626536935998,5.747964101545766
66,12.0,1,3.9137279854913,5.928435577965163
66,12.0,5,3.913727985491322,5.928435577965185
66,12.0,12,3.9137279854912776,5.928435577965163
66,24.0,1,3.9137279854913,5.928435577965163
66,24.0,5,3.9137279854912776,5.928435577965163
66,24.0,12,3.913727985491322,5.928435577965185
67,4.0,1,4.027839653947085,5.968404535699379
67,4.0,5,3.981835038722159,5.968404535699379
67,4.0,12,1.3741063608307291,5.785471862554603
67,8.0,1,4.027839653947107,5.9684045356993565
67,8.0,5,4.027839653947085,5.968404535699379
67,8.0,12,1.3741063608307291,5.785471862554603
67,12.0,1,4.027839653947085,5.968404535699379
67,12.0,5,4.027839653947085,5.9684045356993565
67,12.0,12,4.027839653947107,5.9684045356993565
67,24.0,1,4.027839653947107,5.968404535699379
67,24.0,5,4.027839653947107,5.968404535699379
67,24.0,12,4.027839653947085,5.9684045356993565
68,4.0,1,4.137290777409763,6.059226180592447
68,4.0,5,4.0559663782293365,6.059226180592425
68,4.0,12,1.3801417648043657,5.873831821526521
68,8.0,1,4.137290777409786,6.05922618059247
68,8.0,5,4.137290777409763,6.05922618059247
68,8.0,12,1.3801417648043657,5.873831821526521
68,12.0,1,4.137290777409763,6.059226180592447
68,12.0,5,4.137290777409786,6.059226180592514
68,12.0,12,4.137290777409741,6.059226180592425
68,24.0,1,4.137290777409763,6.059226180592447
68,24.0,5,4.137290777409763,6.059226180592425
68,24.0,12,4.137290777409763,6.059226180592447
69,4.0,1,4.255502751840479,6.112456769792174
69,4.0,5,4.1270692555805955,6.112456769792174
69,4.0,12,1.4140641468349369,5.952668441081443
69,8.0,1,4.255502751840501,6.112456769792196
69,8.0,5,4.255502751840479,6.112456769792174
69,8.0,12,1.4140641468349369,5.952668441081443
69,12.0,1,4.2555027518404565,6.112456769792174
69,12.0,5,4.255502751840479,6.112456769792174
69,12.0,12,4.255502751840479,6.112456769792152
69,24.0,1,4.255502751840479,6.112456769792152
69,24.0,5,4.255502751840479,6.112456769792174
69,24.0,12,4.2555027518404565,6.112456769792152
70,4.0,1,4.376699012641283,6.205560689172729
70,4.0,5,4.18643187776393,6.205560689172751
70,4.0,12,1.4561637776879577,6.068652745725789
70,8.0,1,4.376699012641283,6.205560689172729
70,8.0,5,4.376699012641261,6.205560689172729
70,8.0,12,1.4561637776879577,6.068652745725789
70,12.0,1,4.376699012641261,6.205560689172729
70,12.0,5,4.376699012641305,6.205560689172751
70,12.0,12,4.376699012641283,6.205560689172707
70,24.0,1,4.376699012641305,6.205560689172729
70,24.0,5,4.376699012641283,6.205560689172729
70,24.0,12,4.376699012641283,6.205560689172729
71,4.0,1,4.5005961682874185,6.271730212865001
71,4.0,5,4.233754978153126,6.271730212865001
71,4.0,12,1.4989659815134448,6.182119518856899
71,8.0,1,4.500596168287441,6.271730212865023
71,8.0,5,4.5005961682874185,6.271730212865023
71,8.0,12,1.4989659815134448,6.182119518856899
71,12.0,1,4.5005961682874185,6.271730212865023
71,12.0,5,4.500596168287441,6.271730212865001
71,12.0,12,4.5005961682874185,6.271730212865001
71,24.0,1,4.5005961682874185,6.271730212865023
71,24.0,5,4.5005961682874185,6.271730212865023
71,24.0,12,4.5005961682874185,6.271730212865001
72,4.0,1,4.625034939150541,6.307409167066558
72,4.0,5,4.266921889174924,6.307409167066558
72,4.0,12,1.5451363071865343,6.298569276906574
72,8.0,1,4.625034939150541,6.307409167066558
72,8.0,5,4.625034939150541,6.30740916706658
72,8.0,12,1.5451363071865343,6.298569276906574
72,12.0,1,4.6250349391505186,6.307409167066558
72,12.0,5,4.6250349391505186,6.307409167066558
72,12.0,12,4.6250349391505186,6.307409167066558
72,24.0,1,4.625034939150541,6.307409167066558
72,24.0,5,4.6250349391505186,6.30740916706658
72,24.0,12,4.625034939150541,6.3074091670665355
73,4.0,1,4.750170507804774,6.3471957167287485
73,4.0,5,4.29038262821384,6.3471957167287485
73,4.0,12,1.5839526265220893,6.406264715741239
73,8.0,1,4.750170507804774,6.347195716728771
73,8.0,5,4.750170507804752,6.3471957167287485
73,8.0,12,1.5839526265220893,6.406264715741239
73,12.0,1,4.750170507804774,6.3471957167287485
73,12.0,5,4.750170507804752,6.347195716728793
73,12.0,12,4.750170507804752,6.3471957167287485
73,24.0,1,4.750170507804774,6.347195716728726
73,24.0,5,4.750170507804774,6.347195716728726
73,24.0,12,4.750170507804752,6.3471957167287485
74,4.0,1,4.882565769270597,6.407634823572939
74,4.0,5,4.301178024933572,6.407634823572939
74,4.0,12,1.630070198708422,6.5231470804011815
74,8.0,1,4.882565769270575,6.407634823572939
74,8.0,5,4.882565769270575,6.407634823572939
74,8.0,12,1.630070198708422,6.5231470804011815
74,12.0,1,4.882565769270553,6.407634823572939
74,12.0,5,4.882565769270575,6.407634823572961
74,12.0,12,4.882565769270597,6.407634823572939
74,24.0,1,4.882565769270597,6.407634823572939
74,24.0,5,4.882565769270575,6.407634823572916
74,24.0,12,4.882565769270553,6.407634823572916
75,4.0,1,5.016116429097139,6.4325009384337495
75,4.0,5,4.300149578940937,6.432500938433772
75,4.0,12,1.6760713513674697,6.637791036311991
75,8.0,1,5.016116429097117,6.432500938433772
75,8.0,5,5.016116429097139,6.432500938433794
75,8.0,12,1.6760713513674697,6.637791036311991
75,12.0,1,5.016116429097117,6.4325009384337495
75,12.0,5,5.016116429097117,6.432500938433772
75,12.0,12,5.016116429097139,6.4325009384337495
75,24.0,1,5.016116429097139,6.4325009384337495
75,24.0,5,5.016116429097162,6.432500938433772
75,24.0,12,5.016116429097139,6.4325009384337495
76,4.0,1,5.20530122840781,6.4827884820073844
76,4.0,5,4.341949196452655,6.482788482007407
76,4.0,12,1.7275103708793704,6.756028965754379
76,8.0,1,5.205301228407788,6.482788482007407
76,8.0,5,5.205301228407766,6.482788482007407
76,8.0,12,1.7275103708793704,6.756028965754379
76,12.0,1,5.205301228407788,6.4827884820073844
76,12.0,5,5.205301228407788,6.4827884820073844
76,12.0,12,5.205301228407788,6.4827884820073844
76,24.0,1,5.205301228407788,6.4827884820073844
76,24.0,5,5.205301228407788,6.4827884820073844
76,24.0,12,5.205301228407788,6.4827884820073844
77,4.0,1,5.402784584198428,6.525729273339742
77,4.0,5,4.379766784034578,6.525729273339742
77,4.0,12,1.7779220502777582,6.871238665306989
77,8.0,1,5.402784584198406,6.525729273339764
77,8.0,5,5.402784584198406,6.525729273339764
77,8.0,12,1.7779220502777582,6.871238665306989
77,12.0,1,5.4027845841983835,6.525729273339742
77,12.0,5,5.4027845841983835,6.525729273339764
77,12.0,12,5.402784584198428,6.525729273339764
77,24.0,1,5.402784584198406,6.525729273339764
77,24.0,5,5.402784584198428,6.525729273339764
77,24.0,12,5.402784584198406,6.525729273339764
78,4.0,1,5.595065981018865,6.602628405222988
78,4.0,5,4.407881330641095,6.60262840522301
78,4.0,12,1.8278912000887493,6.985459831099994
78,8.0,1,5.595065981018843,6.60262840522301
78,8.0,5,5.595065981018843,6.602628405223032
78,8.0,12,1.8278912000887493,6.985459831099994
78,12.0,1,5.595065981018843,6.602628405223032
78,12.0,5,5.595065981018843,6.60262840522301
78,12.0,12,5.595065981018865,6.60262840522301
78,24.0,1,5.595065981018865,6.60262840522301
78,24.0,5,5.595065981018821,6.602628405223032
78,24.0,12,5.595065981018887,6.602628405222988
79,4.0,1,5.7958085499743905,6.626977267812939
79,4.0,5,4.428825827669236,6.626977267812917
79,4.0,12,1.8824031369999439,7.106560723690558
79,8.0,1,5.795808549974368,6.626977267812961
79,8.0,5,5.7958085499743905,6.626977267812939
79,8.0,12,1.8824031369999439,7.106560723690558
79,12.0,1,5.7958085499743905,6.626977267812939
79,12.0,5,5.7958085499743905,6.6269772678129835
79,12.0,12,5.7958085499743905,6.626977267812961
79,24.0,1,5.7958085499743905,6.626977267812961
79,24.0,5,5.7958085499743905,6.626977267812961
79,24.0,12,5.795808549974413,6.626977267812939
80,4.0,1,6.002287467209255,6.664130033544846
80,4.0,5,4.444668612710578,6.664130033544868
80,4.0,12,1.9304035666724673,7.227052937341827
80,8.0,1,6.002287467209255,6.664130033544846
80,8.0,5,6.002287467209255,6.664130033544846
80,8.0,12,1.9304035666724673,7.227052937341827
80,12.0,1,6.002287467209255,6.664130033544846
80,12.0,5,6.002287467209255,6.6641300335448905
80,12.0,12,6.002287467209255,6.664130033544824
80,24.0,1,6.002287467209277,6.664130033544868
80,24.0,5,6.002287467209255,6.664130033544868
80,24.0,12,6.002287467209277,6.664130033544846
81,4.0,1,6.208694724884567,6.710215950767484
81,4.0,5,4.450925201499456,6.710215950767484
81,4.0,12,1.9779597842872754,7.349845525753218
81,8.0,1,6.208694724884545,6.7102159507675285
81,8.0,5,6.208694724884545,6.710215950767506
81,8.0,12,1.9779597842872754,7.349845525753218
81,12.0,1,6.208694724884567,6.710215950767506
81,12.0,5,6.208694724884545,6.710215950767484
81,12.0,12,6.208694724884567,6.710215950767484
81,24.0,1,6.208694724884545,6.710215950767506
81,24.0,5,6.208694724884545,6.7102159507675285
81,24.0,12,6.208694724884567,6.710215950767484
82,4.0,1,6.4186788472538225,6.770781645381874
82,4.0,5,4.4499679967821,6.770781645381874
82,4.0,12,2.0303814119388086,7.473816658852472
82,8.0,1,6.4186788472538225,6.770781645381896
82,8.0,5,6.4186788472538225,6.770781645381896
82,8.0,12,2.0303814119388086,7.473816658852472
82,12.0,1,6.4186788472538225,6.770781645381896
82,12.0,5,6.4186788472538225,6.770781645381874
82,12.0,12,6.418678847253845,6.770781645381874
82,24.0,1,6.4186788472538225,6.770781645381896
82,24.0,5,6.4186788472538225,6.770781645381896
82,24.0,12,6.418678847253867,6.7707816453818515
83,4.0,1,6.625669441797988,6.809347582487946
83,4.0,5,4.4436544783637455,6.809347582487901
83,4.0,12,2.082643400320028,7.592379609186595
83,8.0,1,6.625669441797988,6.809347582487946
83,8.0,5,6.625669441797988,6.809347582487901
83,8.0,12,2.082643400320028,7.592379609186595
83,12.0,1,6.62566944179801,6.809347582487879
83,12.0,5,6.625669441797966,6.809347582487946
83,12.0,12,6.625669441798032,6.809347582487901
83,24.0,1,6.625669441797988,6.8093475824879235
83,24.0,5,6.625669441797988,6.8093475824879235
83,24.0,12,6.625669441797988,6.8093475824879235
84,4.0,1,6.839844280997132,6.8586304701669265
84,4.0,5,4.428945036303178,6.858630470166904
84,4.0,12,2.1368349646283535,7.718349797215596
84,8.0,1,6.839844280997132,6.8586304701669265
84,8.0,5,6.839844280997109,6.858630470166904
84,8.0,12,2.1368349646283535,7.718349797215596
84,12.0,1,6.839844280997132,6.858630470166882
84,12.0,5,6.839844280997109,6.8586304701669265
84,12.0,12,6.839844280997132,6.8586304701669265
84,24.0,1,6.839844280997109,6.8586304701669265
84,24.0,5,6.839844280997109,6.8586304701669265
84,24.0,12,6.839844280997109,6.858630470166904
85,4.0,1,7.059432184073167,6.923540409763529
85,4.0,5,4.410010231066663,6.923540409763507
85,4.0,12,2.1901369002279347,7.843527329767719
85,8.0,1,7.059432184073167,6.923540409763551
85,8.0,5,7.059432184073122,6.923540409763551
85,8.0,12,2.1901369002279347,7.843527329767719
85,12.0,1,7.059432184073167,6.923540409763529
85,12.0,5,7.059432184073144,6.923540409763551
85,12.0,12,7.059432184073167,6.923540409763529
85,24.0,1,7.059432184073167,6.923540409763551
85,24.0,5,7.059432184073167,6.923540409763529
85,24.0,12,7.059432184073167,6.923540409763529
86,4.0,1,7.2792656423196656,6.983876266583322
86,4.0,5,4.383885378306718,6.9838762665833
86,4.0,12,2.2449918241266076,7.968145702488139
86,8.0,1,7.279265642319688,6.983876266583344
86,8.0,5,7.279265642319688,6.9838762665833
86,8.0,12,2.2449918241266076,7.968145702488139
86,12.0,1,7.279265642319688,6.9838762665833
86,12.0,5,7.279265642319688,6.983876266583322
86,12.0,12,7.279265642319688,6.983876266583278
86,24.0,1,7.2792656423196656,6.9838762665833
86,24.0,5,7.2792656423196656,6.983876266583322
86,24.0,12,7.2792656423196656,6.983876266583322
87,4.0,1,7.502589568484885,7.041435452003109
87,4.0,5,4.352471819358739,7.041435452003109
87,4.0,12,2.299229469693853,8.094660303987645
87,8.0,1,7.5025895684849075,7.041435452003131
87,8.0,5,7.5025895684849075,7.041435452003109
87,8.0,12,2.299229469693853,8.094660303987645
87,12.0,1,7.5025895684849075,7.041435452003109
87,12.0,5,7.502589568484885,7.041435452003131
87,12.0,12,7.5025895684849075,7.041435452003109
87,24.0,1,7.5025895684849075,7.041435452003109
87,24.0,5,7.50258956848493,7.041435452003109
87,24.0,12,7.5025895684849075,7.041435452003109
88,4.0,1,7.722547098682164,7.095331273080441
88,4.0,5,4.3179948028478465,7.094994407709465
88,4.0,12,2.3531083006396614,8.216988120615397
88,8.0,1,7.722547098682142,7.095331273080463
88,8.0,5,7.722547098682142,7.0953312730804186
88,8.0,12,2.3531083006396614,8.216988120615397
88,12.0,1,7.722547098682164,7.0953312730804186
88,12.0,5,7.722547098682142,7.095331273080441
88,12.0,12,7.722547098682164,7.095331273080441
88,24.0,1,7.7225470986821865,7.0953312730804186
88,24.0,5,7.722547098682164,7.095331273080441
88,24.0,12,7.7225470986821865,7.095331273080441
89,4.0,1,7.956351007636342,7.134742941775429
89,4.0,5,4.277428728545196,7.1330211904422125
89,4.0,12,2.412238522974519,8.34176621728977
89,8.0,1,7.956351007636342,7.1347429417754515
89,8.0,5,7.956351007636342,7.1347429417754515
89,8.0,12,2.412238522974519,8.34176621728977
89,12.0,1,7.956351007636364,7.134742941775429
89,12.0,5,7.95635100763632,7.1347429417754515
89,12.0,12,7.956351007636342,7.134742941775429
89,24.0,1,7.956351007636364,7.1347429417754515
89,24.0,5,7.956351007636342,7.1347429417754515
89,24.0,12,7.956351007636364,7.134742941775429
90,4.0,1,8.193976948998326,7.18526689656569
90,4.0,5,4.232596812598488,7.18140003291321
90,4.0,12,2.472300214756018,8.469901251678124
90,8.0,1,8.193976948998305,7.185266896565712
90,8.0,5,8.193976948998284,7.18526689656569
90,8.0,12,2.472300214756018,8.469901251678124
90,12.0,1,8.193976948998284,7.185266896565734
90,12.0,5,8.193976948998305,7.185266896565712
90,12.0,12,8.193976948998305,7.18526689656569
90,24.0,1,8.193976948998305,7.185266896565712
90,24.0,5,8.193976948998305,7.185266896565712
90,24.0,12,8.193976948998305,7.18526689656569
91,4.0,1,8.434120048864902,7.219445480141418
91,4.0,5,4.184224322806318,7.213299335161127
91,4.0,12,2.5368611025981647,8.596773215635656
91,8.0,1,8.434120048864902,7.219445480141462
91,8.0,5,8.434120048864902,7.219445480141418
91,8.0,12,2.5368611025981647,8.596773215635656
91,12.0,1,8.434120048864923,7.219445480141418
91,12.0,5,8.434120048864902,7.219445480141462
91,12.0,12,8.434120048864923,7.219445480141418
91,24.0,1,8.434120048864902,7.21944548014144
91,24.0,5,8.434120048864923,7.219445480141418
91,24.0,12,8.434120048864902,7.219445480141418
92,4.0,1,8.67011709211345,7.345402091042019
92,4.0,5,4.131820994709412,7.278655100642384
92,4.0,12,2.598356445814054,8.723392121599982
92,8.0,1,8.67011709211345,7.3454020910420414
92,8.0,5,8.67011709211345,7.345402091041997
92,8.0,12,2.598356445814054,8.723392121599982
92,12.0,1,8.67011709211345,7.345402091041997
92,12.0,5,8.670117092113427,7.345402091042019
92,12.0,12,8.670117092113472,7.345402091042019
92,24.0,1,8.670117092113472,7.345402091042019
92,24.0,5,8.670117092113472,7.345402091042019
92,24.0,12,8.67011709211345,7.345402091041997
93,4.0,1,8.900987357207168,7.516256007124866
93,4.0,5,4.0775947027669845,7.344581831581154
93,4.0,12,2.661527512737649,8.848226949697246
93,8.0,1,8.900987357207146,7.5162560071248885
93,8.0,5,8.900987357207146,7.5162560071248885
93,8.0,12,2.661527512737649,8.848226949697246
93,12.0,1,8.900987357207168,7.516256007124844
93,12.0,5,8.900987357207146,7.516256007124866
93,12.0,12,8.900987357207146,7.516256007124866
93,24.0,1,8.900987357207168,7.516256007124866
93,24.0,5,8.900987357207146,7.516256007124866
93,24.0,12,8.900987357207168,7.516256007124866
94,4.0,1,9.133723207330192,7.666132245420387
94,4.0,5,4.020165916642426,7.390825651272803
94,4.0,12,2.722602866652002,8.973772928977652
94,8.0,1,9.133723207330192,7.6661322454204095
94,8.0,5,9.133723207330169,7.666132245420365
94,8.0,12,2.722602866652002,8.973772928977652
94,12.0,1,9.133723207330169,7.666132245420365
94,12.0,5,9.133723207330146,7.666132245420387
94,12.0,12,9.133723207330192,7.666132245420387
94,24.0,1,9.133723207330146,7.666132245420343
94,24.0,5,9.133723207330192,7.6661322454204095
94,24.0,12,9.133723207330192,7.666132245420387
95,4.0,1,9.362655360669404,7.82726514686507
95,4.0,5,3.9597971283242828,7.447977648991011
95,4.0,12,2.788765918665148,9.09323768484629
95,8.0,1,9.362655360669425,7.82726514686507
95,8.0,5,9.362655360669425,7.827265146865092
95,8.0,12,2.788765918665148,9.09323768484629
95,12.0,1,9.362655360669425,7.827265146865048
95,12.0,5,9.36265536066938,7.827265146865026
95,12.0,12,9.362655360669446,7.827265146865048
95,24.0,1,9.362655360669425,7.82726514686507
95,24.0,5,9.362655360669425,7.82726514686507
95,24.0,12,9.362655360669425,7.82726514686507
96,4.0,1,9.583277618733653,7.968349311025169
96,4.0,5,3.8951765745762756,7.491867036525113
96,4.0,12,2.853887794807397,9.211305238028867
96,8.0,1,9.583277618733632,7.968349311025191
96,8.0,5,9.583277618733632,7.968349311025169
96,8.0,12,2.853887794807397,9.211305238028867
96,12.0,1,9.583277618733653,7.968349311025169
96,12.0,5,9.583277618733632,7.968349311025191
96,12.0,12,9.583277618733677,7.968349311025191
96,24.0,1,9.583277618733632,7.968349311025169
96,24.0,5,9.583277618733653,7.968349311025169
96,24.0,12,9.583277618733653,7.968349311025169
97,4.0,1,9.791553442539147,8.11071723294614
97,4.0,5,3.8339745884015786,7.539433676792551
97,4.0,12,2.914958477872376,9.314925513172923
97,8.0,1,9.791553442539147,8.110717232946186
97,8.0,5,9.791553442539126,8.110717232946163
97,8.0,12,2.914958477872376,9.314925513172923
97,12.0,1,9.791553442539147,8.11071723294614
97,12.0,5,9.791553442539126,8.11071723294614
97,12.0,12,9.791553442539126,8.11071723294614
97,24.0,1,9.791553442539103,8.110717232946163
97,24.0,5,9.791553442539126,8.11071723294614
97,24.0,12,9.791553442539147,8.110717232946163
98,4.0,1,9.993174728835562,8.260869093648004
98,4.0,5,3.768363356966775,7.59748287483355
98,4.0,12,2.9775496745706453,9.416944948077234
98,8.0,1,9.993174728835562,8.260869093648049
98,8.0,5,9.993174728835541,8.260869093647983
98,8.0,12,2.9775496745706453,9.416944948077234
98,12.0,1,9.993174728835541,8.260869093647983
98,12.0,5,9.993174728835541,8.260869093648004
98,12.0,12,9.993174728835541,8.260869093648004
98,24.0,1,9.993174728835541,8.260869093648004
98,24.0,5,9.993174728835541,8.260869093648004
98,24.0,12,9.993174728835562,8.260869093648026
99,4.0,1,10.185701457518114,8.389631244216567
99,4.0,5,3.704588098358874,7.6377730055313675
99,4.0,12,3.041867496004058,9.51211112803394
99,8.0,1,10.185701457518137,8.389631244216611
99,8.0,5,10.18570145751816,8.389631244216588
99,8.0,12,3.041867496004058,9.51211112803394
99,12.0,1,10.18570145751816,8.389631244216522
99,12.0,5,10.185701457518137,8.389631244216567
99,12.0,12,10.18570145751816,8.389631244216567
99,24.0,1,10.185701457518114,8.389631244216567
99,24.0,5,10.185701457518114,8.389631244216567
99,24.0,12,10.185701457518137,8.389631244216545
100,4.0,1,10.368291407257013,8.506840665998826
100,4.0,5,3.6414852838258183,7.668021379589973
100,4.0,12,3.1027401655650433,9.598720951148088
100,8.0,1,10.36829140725699,8.506840665998826
100,8.0,5,10.36829140725699,8.506840665998805
100,8.0,12,3.1027401655650433,9.598720951148088
100,12.0,1,10.36829140725699,8.506840665998805
100,12.0,5,10.36829140725699,8.506840665998826
100,12.0,12,10.368291407257013,8.506840665998826
100,24.0,1,10.368291407257013,8.50684066599885
100,24.0,5,10.36829140725699,8.50684066599885
100,24.0,12,10.368291407256969,8.506840665998826
