level,hero_class,gap_h,cap_h,raw_proc_pct,effective_proc_pct,search_s,sale_bonus_pct,baseline_kills_day,kills_day,uplift_pct,sale_rate_index,charge_minutes
10,WARRIOR,4.0,8.423423423423424,11.651561543172075,13.513423274204914,4.833333333333333,5.476190476190475,3682.7306900549115,3719.6514959808355,1.0025388504684152,3923.3466969512147,12
10,WARRIOR,8.0,8.423423423423424,11.651561543172075,13.513423274204914,4.833333333333333,5.476190476190475,3682.7306900549115,3719.6514959808355,1.0025388504684152,3923.3466969512147,12
10,WARRIOR,12.0,8.423423423423424,11.651561543172075,13.513423274204914,4.833333333333333,5.476190476190475,2455.153793369941,2611.016628184746,6.34839394728377,2754.000872109149,12
10,WARRIOR,24.0,8.423423423423424,11.651561543172075,13.513423274204914,4.833333333333333,5.476190476190475,1227.5768966849705,1305.508314092373,6.34839394728377,1377.0004360545745,12
10,ROGUE,4.0,8.349056603773585,11.236077481840193,13.195932026118868,4.745283018867925,5.624999999999999,3616.3160812740894,3667.2857924337695,1.409437394690416,3873.570618258169,12
10,ROGUE,8.0,8.349056603773585,11.236077481840193,13.195932026118868,4.745283018867925,5.624999999999999,3616.3160812740894,3667.2857924337695,1.409437394690416,3873.570618258169,12
10,ROGUE,12.0,8.349056603773585,11.236077481840193,13.195932026118868,4.745283018867925,5.624999999999999,2410.8773875160596,2551.531388603684,5.834141620637978,2695.055029212641,12
10,ROGUE,24.0,8.349056603773585,11.236077481840193,13.195932026118868,4.745283018867925,5.624999999999999,1205.4386937580298,1275.765694301842,5.834141620637978,1347.5275146063204,12
10,RANGER,4.0,8.377752027809965,11.240471869328493,13.19926993488144,4.745283018867925,5.909090909090909,3618.4089869364107,3668.5323628321944,1.3852324620225342,3885.3092751813697,12
10,RANGER,8.0,8.377752027809965,11.240471869328493,13.19926993488144,4.745283018867925,5.909090909090909,3618.4089869364107,3668.5323628321944,1.3852324620225342,3885.3092751813697,12
10,RANGER,12.0,8.377752027809965,11.240471869328493,13.19926993488144,4.745283018867925,5.909090909090909,2412.272657957607,2561.1712034836582,6.172542106086754,2712.5131382349655,12
10,RANGER,24.0,8.377752027809965,11.240471869328493,13.19926993488144,4.745283018867925,5.909090909090909,1206.1363289788035,1280.5856017418291,6.172542106086754,1356.2565691174827,12
10,MAGE,4.0,8.351001177856302,11.305755395683454,13.248909066315917,4.814516129032258,5.769230769230769,3637.266673238999,3678.8311917722413,1.1427404770469884,3891.0714528360245,12
10,MAGE,8.0,8.351001177856302,11.305755395683454,13.248909066315917,4.814516129032258,5.769230769230769,3637.266673238999,3678.8311917722413,1.1427404770469884,3891.0714528360245,12
10,MAGE,12.0,8.351001177856302,11.305755395683454,13.248909066315917,4.814516129032258,5.769230769230769,2424.8444488259993,2560.1603013020413,5.580393106929216,2707.86185714639,12
10,MAGE,24.0,8.351001177856302,11.305755395683454,13.248909066315917,4.814516129032258,5.769230769230769,1212.4222244129996,1280.0801506510206,5.580393106929216,1353.930928573195,12
10,CLERIC,4.0,8.35873388042204,10.805755395683454,12.871170515872981,4.814516129032258,5.769230769230769,3590.418455051323,3631.205753007099,1.1360040192081922,3840.6983926036623,12
10,CLERIC,8.0,8.35873388042204,10.805755395683454,12.871170515872981,4.814516129032258,5.769230769230769,3590.418455051323,3631.205753007099,1.1360040192081922,3840.6983926036623,12
10,CLERIC,12.0,8.35873388042204,10.805755395683454,12.871170515872981,4.814516129032258,5.769230769230769,2393.6123033675485,2529.3568795369883,5.671117915731894,2675.2813148948917,12
10,CLERIC,24.0,8.35873388042204,10.805755395683454,12.871170515872981,4.814516129032258,5.769230769230769,1196.8061516837743,1264.6784397684942,5.671117915731894,1337.6406574474458,12
10,PALADIN,4.0,8.394495412844037,11.687385740402194,13.540976430784482,4.833333333333333,6.549295774647887,3666.365389762846,3703.5541079195445,1.0143211110528183,3946.1108206213175,12
10,PALADIN,8.0,8.394495412844037,11.687385740402194,13.540976430784482,4.833333333333333,6.549295774647887,3666.365389762846,3703.5541079195445,1.0143211110528183,3946.1108206213175,12
10,PALADIN,12.0,8.394495412844037,11.687385740402194,13.540976430784482,4.833333333333333,6.549295774647887,2444.2435931752307,2590.7889975125254,5.995531899785922,2760.467431856656,12
10,PALADIN,24.0,8.394495412844037,11.687385740402194,13.540976430784482,4.833333333333333,6.549295774647887,1222.1217965876153,1295.3944987562627,5.995531899785922,1380.233715928328,12
20,WARRIOR,4.0,8.769771528998243,13.877483443708611,15.276742568164947,4.820652173913044,6.304347826086956,3838.4965518616896,3900.940373231574,1.6267781024734473,4146.869222848347,12
20,WARRIOR,8.0,8.769771528998243,13.877483443708611,15.276742568164947,4.820652173913044,6.304347826086956,3838.4965518616896,3900.940373231574,1.6267781024734473,4146.869222848347,12
20,WARRIOR,12.0,8.769771528998243,13.877483443708611,15.276742568164947,4.820652173913044,6.304347826086956,2558.9977012411264,2850.8629851238366,11.405453148361723,3030.5913037512087,12
20,WARRIOR,24.0,8.769771528998243,13.877483443708611,15.276742568164947,4.820652173913044,6.304347826086956,1279.4988506205632,1425.4314925619183,11.405453148361723,1515.2956518756043,12
20,ROGUE,4.0,8.643410852713178,13.467610234077299,14.944471596648118,4.673387096774194,6.549295774647887,3719.2530424245797,3807.7136118996186,2.37844987867164,4057.092038594453,12
20,ROGUE,8.0,8.643410852713178,13.467610234077299,14.944471596648118,4.673387096774194,6.549295774647887,3719.2530424245797,3807.7136118996186,2.37844987867164,4057.092038594453,12
20,ROGUE,12.0,8.643410852713178,13.467610234077299,14.944471596648118,4.673387096774194,6.549295774647887,2479.5020282830533,2742.636096426405,10.612375595657841,2922.2594464036274,12
20,ROGUE,24.0,8.643410852713178,13.467610234077299,14.944471596648118,4.673387096774194,6.549295774647887,1239.7510141415266,1371.3180482132025,10.612375595657841,1461.1297232018137,12
20,RANGER,4.0,8.649951783992286,13.579454253611555,15.034813161266758,4.666666666666667,6.044776119402985,3743.1927214192665,3835.7924089781236,2.4738156555227375,4067.6574725059063,12
20,RANGER,8.0,8.649951783992286,13.579454253611555,15.034813161266758,4.666666666666667,6.044776119402985,3743.1927214192665,3835.7924089781236,2.4738156555227375,4067.6574725059063,12
20,RANGER,12.0,8.649951783992286,13.579454253611555,15.034813161266758,4.666666666666667,6.044776119402985,2495.461814279511,2764.9516159220325,10.799195567748177,2932.0867509143345,12
20,RANGER,24.0,8.649951783992286,13.579454253611555,15.034813161266758,4.666666666666667,6.044776119402985,1247.7309071397556,1382.4758079610162,10.799195567748177,1466.0433754571673,12
20,MAGE,4.0,8.646034816247582,13.7597503900156,15.180964253335045,4.7749999999999995,6.304347826086956,3691.101805486527,3767.6450221639834,2.0737227177988204,4005.1704692134517,12
20,MAGE,8.0,8.646034816247582,13.7597503900156,15.180964253335045,4.7749999999999995,6.304347826086956,3691.101805486527,3767.6450221639834,2.0737227177988204,4005.1704692134517,12
20,MAGE,12.0,8.646034816247582,13.7597503900156,15.180964253335045,4.7749999999999995,6.304347826086956,2460.734536991018,2714.599169740974,10.31662005526126,2885.7369434855136,12
20,MAGE,24.0,8.646034816247582,13.7597503900156,15.180964253335045,4.7749999999999995,6.304347826086956,1230.367268495509,1357.299584870487,10.31662005526126,1442.8684717427568,12
20,CLERIC,4.0,8.651252408477841,13.7597503900156,15.180964253335045,4.7749999999999995,6.304347826086956,3681.3130477466157,3757.6102064963443,2.0725528570962215,3994.503023862418,12
20,CLERIC,8.0,8.651252408477841,13.7597503900156,15.180964253335045,4.7749999999999995,6.304347826086956,3681.3130477466157,3757.6102064963443,2.0725528570962215,3994.503023862418,12
20,CLERIC,12.0,8.651252408477841,13.7597503900156,15.180964253335045,4.7749999999999995,6.304347826086956,2454.2086984977436,2709.002862422701,10.381927343054432,2879.78782548848,12
20,CLERIC,24.0,8.651252408477841,13.7597503900156,15.180964253335045,4.7749999999999995,6.304347826086956,1227.1043492488718,1354.5014312113506,10.381927343054432,1439.89391274424,12
20,PALADIN,4.0,8.660287081339712,13.406593406593407,14.895289890092513,4.820652173913044,8.548387096774194,3838.898869871924,3901.7814165500845,1.638036030895984,4235.320795706785,12
20,PALADIN,8.0,8.660287081339712,13.406593406593407,14.895289890092513,4.820652173913044,8.548387096774194,3838.898869871924,3901.7814165500845,1.638036030895984,4235.320795706785,12
20,PALADIN,12.0,8.660287081339712,13.406593406593407,14.895289890092513,4.820652173913044,8.548387096774194,2559.2659132479494,2815.8789329966717,10.026821301388589,3056.591164365742,12
20,PALADIN,24.0,8.660287081339712,13.406593406593407,14.895289890092513,4.820652173913044,8.548387096774194,1279.6329566239747,1407.9394664983358,10.026821301388589,1528.295582182871,12
30,WARRIOR,4.0,9.09090909090909,16.106090373280946,17.13801369448206,4.759708737864078,6.549295774647887,3938.6791892738374,4040.282747231467,2.57963528063736,4304.8928144797255,12
30,WARRIOR,8.0,9.09090909090909,16.106090373280946,17.13801369448206,4.759708737864078,6.549295774647887,3938.6791892738374,4040.282747231467,2.57963528063736,4304.8928144797255,12
30,WARRIOR,12.0,9.09090909090909,16.106090373280946,17.13801369448206,4.759708737864078,6.549295774647887,2625.7861261825583,3060.8202630541414,16.56776736436063,3261.282435211913,12
30,WARRIOR,24.0,9.09090909090909,16.106090373280946,17.13801369448206,4.759708737864078,6.549295774647887,1312.8930630912791,1530.4101315270707,16.56776736436063,1630.6412176059564,12
30,ROGUE,4.0,8.888006354249404,16.20289855072464,17.220828736610507,4.609589041095891,6.891891891891891,3862.8943425507705,3995.919233312252,3.443658535937111,4271.313666959448,12
30,ROGUE,8.0,8.888006354249404,16.20289855072464,17.220828736610507,4.609589041095891,6.891891891891891,3862.8943425507705,3995.919233312252,3.443658535937111,4271.313666959448,12
30,ROGUE,12.0,8.888006354249404,16.20289855072464,17.220828736610507,4.609589041095891,6.891891891891891,2575.262895033847,2959.646294728892,14.925986796776836,3163.6219177439916,12
30,ROGUE,24.0,8.888006354249404,16.20289855072464,17.220828736610507,4.609589041095891,6.891891891891891,1287.6314475169236,1479.823147364446,14.925986796776836,1581.8109588719958,12
30,RANGER,4.0,8.900235663786331,15.982758620689655,17.03273382917823,4.614583333333333,6.666666666666667,3874.514165884537,4015.5284937129663,3.6395357402503326,4283.23039329383,12
30,RANGER,8.0,8.900235663786331,15.982758620689655,17.03273382917823,4.614583333333333,6.666666666666667,3874.514165884537,4015.5284937129663,3.6395357402503326,4283.23039329383,12
30,RANGER,12.0,8.900235663786331,15.982758620689655,17.03273382917823,4.614583333333333,6.666666666666667,2583.0094439230247,2978.262492391196,15.302036521704254,3176.8133252172756,12
30,RANGER,24.0,8.900235663786331,15.982758620689655,17.03273382917823,4.614583333333333,6.666666666666667,1291.5047219615124,1489.131246195598,15.302036521704254,1588.4066626086378,12
30,MAGE,4.0,8.90795631825273,16.823123382226058,17.755009039271098,4.754807692307692,6.891891891891891,3835.957227729564,3953.2532866678703,3.057804140525633,4225.7072293976835,12
30,MAGE,8.0,8.90795631825273,16.823123382226058,17.755009039271098,4.754807692307692,6.891891891891891,3835.957227729564,3953.2532866678703,3.057804140525633,4225.7072293976835,12
30,MAGE,12.0,8.90795631825273,16.823123382226058,17.755009039271098,4.754807692307692,6.891891891891891,2557.304818486376,2934.6172993855353,14.75430219235594,3136.867951099944,12
30,MAGE,24.0,8.90795631825273,16.823123382226058,17.755009039271098,4.754807692307692,6.891891891891891,1278.652409243188,1467.3086496927676,14.75430219235594,1568.433975549972,12
30,CLERIC,4.0,8.91135303265941,15.823123382226056,16.896841933794253,4.754807692307692,6.891891891891891,3822.5763308307924,3942.90361048663,3.147805805350279,4214.644264722871,12
30,CLERIC,8.0,8.91135303265941,15.823123382226056,16.896841933794253,4.754807692307692,6.891891891891891,3822.5763308307924,3942.90361048663,3.147805805350279,4214.644264722871,12
30,CLERIC,12.0,8.91135303265941,15.823123382226056,16.896841933794253,4.754807692307692,6.891891891891891,2548.3842205538617,2928.0505038994806,14.898314009459025,3129.8485791682288,12
30,CLERIC,24.0,8.91135303265941,15.823123382226056,16.896841933794253,4.754807692307692,6.891891891891891,1274.1921102769309,1464.0252519497403,14.898314009459025,1564.9242895841144,12
30,PALADIN,4.0,8.912198912198912,16.129158512720156,17.157733411547913,4.759708737864078,9.495412844036696,3965.7056723920828,4068.264908150498,2.586153492741494,4454.563456768458,12
30,PALADIN,8.0,8.912198912198912,16.129158512720156,17.157733411547913,4.759708737864078,9.495412844036696,3965.7056723920828,4068.264908150498,2.586153492741494,4454.563456768458,12
30,PALADIN,12.0,8.912198912198912,16.129158512720156,17.157733411547913,4.759708737864078,9.495412844036696,2643.803781594722,3021.4321740796563,14.283525695585176,3308.329632811073,12
30,PALADIN,24.0,8.912198912198912,16.129158512720156,17.157733411547913,4.759708737864078,9.495412844036696,1321.901890797361,1510.7160870398282,14.283525695585176,1654.1648164055366,12
40,WARRIOR,4.0,9.33806146572104,19.871794871794872,20.46271655048959,4.731651376146789,7.307692307692308,4149.437491968699,4294.339366031612,3.492084754701663,4608.156473549307,12
40,WARRIOR,8.0,9.33806146572104,19.871794871794872,20.46271655048959,4.731651376146789,7.307692307692308,4149.437491968699,4294.339366031612,3.492084754701663,4608.156473549307,12
40,WARRIOR,12.0,9.33806146572104,19.871794871794872,20.46271655048959,4.731651376146789,7.307692307692308,2766.2916613124657,3341.733746222393,20.801931081876933,3585.937366138645,12
40,WARRIOR,24.0,9.33806146572104,19.871794871794872,20.46271655048959,4.731651376146789,7.307692307692308,1383.1458306562329,1670.8668731111966,20.801931081876933,1792.9686830693224,12
40,ROGUE,4.0,9.102564102564102,18.895789025946407,19.582153682845934,4.555232558139535,7.592592592592593,4049.0246484749996,4224.865493418923,4.342795122527865,4545.642317919248,12
40,ROGUE,8.0,9.102564102564102,18.895789025946407,19.582153682845934,4.555232558139535,7.592592592592593,4049.0246484749996,4224.865493418923,4.342795122527865,4545.642317919248,12
40,ROGUE,12.0,9.102564102564102,18.895789025946407,19.582153682845934,4.555232558139535,7.592592592592593,2699.34976565,3204.759081546405,18.72337265544035,3448.0833821823358,12
40,ROGUE,24.0,9.102564102564102,18.895789025946407,19.582153682845934,4.555232558139535,7.592592592592593,1349.674882825,1602.3795407732025,18.72337265544035,1724.0416910911679,12
40,RANGER,4.0,9.100834938985228,18.951099317664898,19.631731797848776,4.572085889570553,7.40506329113924,3991.6320492072964,4184.129842384214,4.8225335102003,4493.967305396209,12
40,RANGER,8.0,9.100834938985228,18.951099317664898,19.631731797848776,4.572085889570553,7.40506329113924,3991.6320492072964,4184.129842384214,4.8225335102003,4493.967305396209,12
40,RANGER,12.0,9.100834938985228,18.951099317664898,19.631731797848776,4.572085889570553,7.40506329113924,2661.0880328048643,3173.2562549017503,19.246571920322598,3408.2378889672596,12
40,RANGER,24.0,9.100834938985228,18.951099317664898,19.631731797848776,4.572085889570553,7.40506329113924,1330.5440164024321,1586.6281274508751,19.246571920322598,1704.1189444836298,12
40,MAGE,4.0,9.126637554585153,19.88053553038105,20.47065555893182,4.714601769911504,7.40506329113924,3965.837019649309,4132.042493880804,4.190930525082237,4438.022855769445,12
40,MAGE,8.0,9.126637554585153,19.88053553038105,20.47065555893182,4.714601769911504,7.40506329113924,3965.837019649309,4132.042493880804,4.190930525082237,4438.022855769445,12
40,MAGE,12.0,9.126637554585153,19.88053553038105,20.47065555893182,4.714601769911504,7.40506329113924,2643.8913464328725,3142.6378501495196,18.864107422173525,3375.352171964389,12
40,MAGE,24.0,9.126637554585153,19.88053553038105,20.47065555893182,4.714601769911504,7.40506329113924,1321.9456732164363,1571.3189250747598,18.864107422173525,1687.6760859821945,12
40,CLERIC,4.0,9.128811449906658,18.88053553038105,19.568488056780904,4.714601769911504,7.40506329113924,3949.8786394649583,4121.254302431961,4.338757683709926,4426.4357919158465,12
40,CLERIC,8.0,9.128811449906658,18.88053553038105,19.568488056780904,4.714601769911504,7.40506329113924,3949.8786394649583,4121.254302431961,4.338757683709926,4426.4357919158465,12
40,CLERIC,12.0,9.128811449906658,18.88053553038105,19.568488056780904,4.714601769911504,7.40506329113924,2633.252426309972,3135.1794553348304,19.06110572651094,3367.341478293169,12
40,CLERIC,24.0,9.128811449906658,18.88053553038105,19.568488056780904,4.714601769911504,7.40506329113924,1316.626213154986,1567.5897276674152,19.06110572651094,1683.6707391465845,12
40,PALADIN,4.0,9.120603015075377,19.889267461669508,20.478587552071577,4.731651376146789,10.275590551181102,4138.512731025402,4275.786083454085,3.3169730613507253,4715.148354234209,12
40,PALADIN,8.0,9.120603015075377,19.889267461669508,20.478587552071577,4.731651376146789,10.275590551181102,4138.512731025402,4275.786083454085,3.3169730613507253,4715.148354234209,12
40,PALADIN,12.0,9.120603015075377,19.889267461669508,20.478587552071577,4.731651376146789,10.275590551181102,2759.008487350268,3249.812287047389,17.78913700147713,3583.749691346353,12
40,PALADIN,24.0,9.120603015075377,19.889267461669508,20.478587552071577,4.731651376146789,10.275590551181102,1379.504243675134,1624.9061435236945,17.78913700147713,1791.8748456731764,12
50,WARRIOR,4.0,9.528778189161898,23.57685219314412,23.900449440798578,4.706521739130435,7.682926829268292,4324.745336796272,4499.964335019062,4.051544879000679,4845.693302221746,12
50,WARRIOR,8.0,9.528778189161898,23.57685219314412,23.900449440798578,4.706521739130435,7.682926829268292,4324.745336796272,4499.964335019062,4.051544879000679,4845.693302221746,12
50,WARRIOR,12.0,9.528778189161898,23.57685219314412,23.900449440798578,4.706521739130435,7.682926829268292,2883.1635578641813,3573.263500628005,23.93551142395276,3847.794720798206,12
50,WARRIOR,24.0,9.528778189161898,23.57685219314412,23.900449440798578,4.706521739130435,7.682926829268292,1441.5817789320906,1786.6317503140026,23.93551142395276,1923.897360399103,12
50,ROGUE,4.0,9.292572006063669,22.12043795620438,22.53310235091722,4.507352941176471,8.18181818181818,4245.259770612063,4468.551537345471,5.259790420344856,4834.1602994919185,12
50,ROGUE,8.0,9.292572006063669,22.12043795620438,22.53310235091722,4.507352941176471,8.18181818181818,4245.259770612063,4468.551537345471,5.259790420344856,4834.1602994919185,12
50,ROGUE,12.0,9.292572006063669,22.12043795620438,22.53310235091722,4.507352941176471,8.18181818181818,2830.1731804080423,3460.361410299108,22.266772728028172,3743.48188932358,12
50,ROGUE,24.0,9.292572006063669,22.12043795620438,22.53310235091722,4.507352941176471,8.18181818181818,1415.0865902040211,1730.180705149554,22.266772728028172,1871.74094466179,12
50,RANGER,4.0,9.291497975708502,22.411483253588514,22.804839649445302,4.529255319148936,7.857142857142857,4160.501635307598,4399.730255550731,5.7499946211521324,4745.4233470582885,12
50,RANGER,8.0,9.291497975708502,22.411483253588514,22.804839649445302,4.529255319148936,7.857142857142857,4160.501635307598,4399.730255550731,5.7499946211521324,4745.4233470582885,12
50,RANGER,12.0,9.291497975708502,22.411483253588514,22.804839649445302,4.529255319148936,7.857142857142857,2773.667756871732,3406.6737302594224,22.821982619202497,3674.3409519226625,12
50,RANGER,24.0,9.291497975708502,22.411483253588514,22.804839649445302,4.529255319148936,7.857142857142857,1386.833878435866,1703.3368651297112,22.821982619202497,1837.1704759613312,12
50,MAGE,4.0,9.318734793187348,22.358638743455494,22.755442284131718,4.6911764705882355,8.023255813953488,4162.870209752325,4389.131881915706,5.435232442109772,4741.283160813594,12
50,MAGE,8.0,9.318734793187348,22.358638743455494,22.755442284131718,4.6911764705882355,8.023255813953488,4162.870209752325,4389.131881915706,5.435232442109772,4741.283160813594,12
50,MAGE,12.0,9.318734793187348,22.358638743455494,22.755442284131718,4.6911764705882355,8.023255813953488,2775.2468065015496,3408.4296649913126,22.815371123260462,3681.8966962522436,12
50,MAGE,24.0,9.318734793187348,22.358638743455494,22.755442284131718,4.6911764705882355,8.023255813953488,1387.6234032507748,1704.2148324956563,22.815371123260462,1840.9483481261218,12
50,CLERIC,4.0,9.320058280718795,22.358638743455494,22.755442284131718,4.6911764705882355,8.023255813953488,4114.448230747648,4332.065200717475,5.28909243148461,4679.637873798296,12
50,CLERIC,8.0,9.320058280718795,22.358638743455494,22.755442284131718,4.6911764705882355,8.023255813953488,4114.448230747648,4332.065200717475,5.28909243148461,4679.637873798296,12
50,CLERIC,12.0,9.320058280718795,22.358638743455494,22.755442284131718,4.6911764705882355,8.023255813953488,2742.965487165099,3364.5916788800528,22.6625597231781,3634.541476371592,12
50,CLERIC,24.0,9.320058280718795,22.358638743455494,22.755442284131718,4.6911764705882355,8.023255813953488,1371.4827435825496,1682.2958394400264,22.6625597231781,1817.270738185796,12
50,PALADIN,4.0,9.306930693069306,22.58985667034179,22.97176605467133,4.706521739130435,11.026490066225165,4321.536858713639,4498.5518786854045,4.096112696918119,4994.584254712636,12
50,PALADIN,8.0,9.306930693069306,22.58985667034179,22.97176605467133,4.706521739130435,11.026490066225165,4321.536858713639,4498.5518786854045,4.096112696918119,4994.584254712636,12
50,PALADIN,12.0,9.306930693069306,22.58985667034179,22.97176605467133,4.706521739130435,11.026490066225165,2881.024572475759,3488.9758795084813,21.10191328601858,3873.687458275476,12
50,PALADIN,24.0,9.306930693069306,22.58985667034179,22.97176605467133,4.706521739130435,11.026490066225165,1440.5122862378796,1744.4879397542406,21.10191328601858,1936.843729137738,12
60,WARRIOR,4.0,9.6715157203191,24.255850234009362,24.543941321787834,4.66015625,8.406593406593405,4367.277253353208,4587.734780575394,5.047939813139157,4973.406990151238,12
60,WARRIOR,8.0,9.6715157203191,24.255850234009362,24.543941321787834,4.66015625,8.406593406593405,4367.277253353208,4587.734780575394,5.047939813139157,4973.406990151238,12
60,WARRIOR,12.0,9.6715157203191,24.255850234009362,24.543941321787834,4.66015625,8.406593406593405,2911.5181689021383,3697.529087582468,26.996600161238725,4008.3653240660487,12
60,WARRIOR,24.0,9.6715157203191,24.255850234009362,24.543941321787834,4.66015625,8.406593406593405,1455.7590844510692,1848.764543791234,26.996600161238725,2004.1826620330244,12
60,ROGUE,4.0,9.447731755424064,24.338114128776322,24.62214164458664,4.476293103448276,8.617021276595745,4353.395824774994,4621.431753228518,6.156939071061318,5019.661510687571,12
60,ROGUE,8.0,9.447731755424064,24.338114128776322,24.62214164458664,4.476293103448276,8.617021276595745,4353.395824774994,4621.431753228518,6.156939071061318,5019.661510687571,12
60,ROGUE,12.0,9.447731755424064,24.338114128776322,24.62214164458664,4.476293103448276,8.617021276595745,2902.263883183329,3638.503960875181,25.36778554003545,3952.034621333574,12
60,ROGUE,24.0,9.447731755424064,24.338114128776322,24.62214164458664,4.476293103448276,8.617021276595745,1451.1319415916646,1819.2519804375904,25.36778554003545,1976.017310666787,12
60,RANGER,4.0,9.43955164131305,25.250229147571034,25.492426294469528,4.482300884955752,8.333333333333332,4319.414208499732,4609.008218932823,6.704474182245113,4993.092237177225,12
60,RANGER,8.0,9.43955164131305,25.250229147571034,25.492426294469528,4.482300884955752,8.333333333333332,4319.414208499732,4609.008218932823,6.704474182245113,4993.092237177225,12
60,RANGER,12.0,9.43955164131305,25.250229147571034,25.492426294469528,4.482300884955752,8.333333333333332,2879.609472333155,3625.5809248210558,25.905299300307206,3927.7126685561434,12
60,RANGER,24.0,9.43955164131305,25.250229147571034,25.492426294469528,4.482300884955752,8.333333333333332,1439.8047361665774,1812.7904624105279,25.905299300307206,1963.8563342780717,12
60,MAGE,4.0,9.47289156626506,25.67486921139314,25.899496353848296,4.638888888888889,8.478260869565217,4304.393976589359,4575.515863364908,6.298723775056847,4963.440034389325,12
60,MAGE,8.0,9.47289156626506,25.67486921139314,25.899496353848296,4.638888888888889,8.478260869565217,4304.393976589359,4575.515863364908,6.298723775056847,4963.440034389325,12
60,MAGE,12.0,9.47289156626506,25.67486921139314,25.899496353848296,4.638888888888889,8.478260869565217,2869.5959843929063,3611.9471361151195,25.869535494184404,3918.1774367857493,12
60,MAGE,24.0,9.47289156626506,25.67486921139314,25.899496353848296,4.638888888888889,8.478260869565217,1434.7979921964532,1805.9735680575598,25.869535494184404,1959.0887183928746,12
60,CLERIC,4.0,9.473684210526315,25.67486921139314,25.899496353848296,4.638888888888889,8.478260869565217,4279.740798531437,4550.0346412288445,6.315659181746636,4935.798447767812,12
60,CLERIC,8.0,9.473684210526315,25.67486921139314,25.899496353848296,4.638888888888889,8.478260869565217,4279.740798531437,4550.0346412288445,6.315659181746636,4935.798447767812,12
60,CLERIC,12.0,9.473684210526315,25.67486921139314,25.899496353848296,4.638888888888889,8.478260869565217,2853.160532354291,3592.132611496456,25.90012271522628,3896.6829850798513,12
60,CLERIC,24.0,9.473684210526315,25.67486921139314,25.899496353848296,4.638888888888889,8.478260869565217,1426.5802661771454,1796.066305748228,25.90012271522628,1948.3414925399256,12
60,PALADIN,4.0,9.45945945945946,24.26517273576097,24.552800806260457,4.66015625,11.808510638297872,4364.498032684091,4585.862512099327,5.071934452886007,5127.384574698291,12
60,PALADIN,8.0,9.45945945945946,24.26517273576097,24.552800806260457,4.66015625,11.808510638297872,4364.498032684091,4585.862512099327,5.071934452886007,5127.384574698291,12
60,PALADIN,12.0,9.45945945945946,24.26517273576097,24.552800806260457,4.66015625,11.808510638297872,2909.6653551227278,3614.981709988209,24.240463035507087,4041.8572097846886,12
60,PALADIN,24.0,9.45945945945946,24.26517273576097,24.552800806260457,4.66015625,11.808510638297872,1454.8326775613639,1807.4908549941044,24.240463035507087,2020.9286048923443,12
70,WARRIOR,4.0,9.763752953088087,24.858638743455497,25.118087446050406,4.641791044776119,9.174757281553397,4331.333725770643,4584.48319648106,5.844607844558936,5005.098402371797,12
70,WARRIOR,8.0,9.763752953088087,24.858638743455497,25.118087446050406,4.641791044776119,9.174757281553397,4331.333725770643,4584.48319648106,5.844607844558936,5005.098402371797,12
70,WARRIOR,12.0,9.763752953088087,24.858638743455497,25.118087446050406,4.641791044776119,9.174757281553397,2887.5558171804287,3730.146779002055,29.18007530134532,4072.3786922211757,12
70,WARRIOR,24.0,9.763752953088087,24.858638743455497,25.118087446050406,4.641791044776119,9.174757281553397,1443.7779085902143,1865.0733895010276,29.18007530134532,2036.1893461105878,12
70,ROGUE,4.0,9.56562209121936,24.9488939740656,25.204274483861145,4.443014705882353,9.285714285714286,4331.426988983308,4636.51237284991,7.043530564928524,5067.045664614545,12
70,ROGUE,8.0,9.56562209121936,24.9488939740656,25.204274483861145,4.443014705882353,9.285714285714286,4331.426988983308,4636.51237284991,7.043530564928524,5067.045664614545,12
70,ROGUE,12.0,9.56562209121936,24.9488939740656,25.204274483861145,4.443014705882353,9.285714285714286,2887.6179926555383,3695.9270983287497,27.9922450867494,4039.1203288878482,12
70,ROGUE,24.0,9.56562209121936,24.9488939740656,25.204274483861145,4.443014705882353,9.285714285714286,1443.8089963277691,1847.9635491643749,27.9922450867494,2019.5601644439241,12
70,RANGER,4.0,9.5531439514842,25.89029535864979,26.10644225788744,4.449619771863118,8.877551020408163,4320.531783368924,4648.038620252776,7.580243666868225,5060.670620213992,12
70,RANGER,8.0,9.5531439514842,25.89029535864979,26.10644225788744,4.449619771863118,8.877551020408163,4320.531783368924,4648.038620252776,7.580243666868225,5060.670620213992,12
70,RANGER,12.0,9.5531439514842,25.89029535864979,26.10644225788744,4.449619771863118,8.877551020408163,2880.3545222459497,3700.281835944398,28.466194260667322,4028.7762438292584,12
70,RANGER,24.0,9.5531439514842,25.89029535864979,26.10644225788744,4.449619771863118,8.877551020408163,1440.1772611229749,1850.140917972199,28.466194260667322,2014.3881219146292,12
70,MAGE,4.0,9.58592132505176,26.267898383371822,26.46985466410418,4.612068965517241,9.0,4320.115586026191,4610.123981143759,6.712977681792287,5025.035139446698,12
70,MAGE,8.0,9.58592132505176,26.267898383371822,26.46985466410418,4.612068965517241,9.0,4320.115586026191,4610.123981143759,6.712977681792287,5025.035139446698,12
70,MAGE,12.0,9.58592132505176,26.267898383371822,26.46985466410418,4.612068965517241,9.0,2880.077057350794,3682.69048183154,27.86777605245816,4014.132625196379,12
70,MAGE,24.0,9.58592132505176,26.267898383371822,26.46985466410418,4.612068965517241,9.0,1440.038528675397,1841.34524091577,27.86777605245816,2007.0663125981896,12
70,CLERIC,4.0,9.586410635155096,26.267898383371822,26.46985466410418,4.612068965517241,9.0,4319.283455593188,4618.1944287490805,6.9203833512899715,5033.831927336498,12
70,CLERIC,8.0,9.586410635155096,26.267898383371822,26.46985466410418,4.612068965517241,9.0,4319.283455593188,4618.1944287490805,6.9203833512899715,5033.831927336498,12
70,CLERIC,12.0,9.586410635155096,26.267898383371822,26.46985466410418,4.612068965517241,9.0,2879.522303728792,3689.3256822478493,28.12283750920821,4021.364993650156,12
70,CLERIC,24.0,9.586410635155096,26.267898383371822,26.46985466410418,4.612068965517241,9.0,1439.761151864396,1844.6628411239246,28.12283750920821,2010.682496825078,12
70,PALADIN,4.0,9.568965517241379,24.865203761755488,25.124354662569736,4.641791044776119,12.345132743362832,4331.496478691282,4579.3575509188395,5.722296519156944,5144.685319372979,12
70,PALADIN,8.0,9.568965517241379,24.865203761755488,25.124354662569736,4.641791044776119,12.345132743362832,4331.496478691282,4579.3575509188395,5.722296519156944,5144.685319372979,12
70,PALADIN,12.0,9.568965517241379,24.865203761755488,25.124354662569736,4.641791044776119,12.345132743362832,2887.6643191275216,3651.6428746551087,26.456626224422642,4102.443034844832,12
70,PALADIN,24.0,9.568965517241379,24.865203761755488,25.124354662569736,4.641791044776119,12.345132743362832,1443.8321595637608,1825.8214373275543,26.456626224422642,2051.221517422416,12
80,WARRIOR,4.0,9.827010997158037,25.410444540353904,25.645876735534756,4.609589041095891,9.642857142857142,4270.415135883245,4551.930448137135,6.592223549611975,4990.866598493216,12
80,WARRIOR,8.0,9.827010997158037,25.410444540353904,25.645876735534756,4.609589041095891,9.642857142857142,4270.415135883245,4551.930448137135,6.592223549611975,4990.866598493216,12
80,WARRIOR,12.0,9.827010997158037,25.410444540353904,25.645876735534756,4.609589041095891,9.642857142857142,2846.943423922163,3727.6558810118445,30.93536912919561,4087.10841239513,12
80,WARRIOR,24.0,9.827010997158037,25.410444540353904,25.645876735534756,4.609589041095891,9.642857142857142,1423.4717119610816,1863.8279405059222,30.93536912919561,2043.554206197565,12
80,ROGUE,4.0,9.653636813458684,25.45654938533277,25.690065626603488,4.418269230769231,9.915254237288135,4269.934310875313,4605.129048333291,7.850114616617265,5061.739301430745,12
80,ROGUE,8.0,9.653636813458684,25.45654938533277,25.690065626603488,4.418269230769231,9.915254237288135,4269.934310875313,4605.129048333291,7.850114616617265,5061.739301430745,12
80,ROGUE,12.0,9.653636813458684,25.45654938533277,25.690065626603488,4.418269230769231,9.915254237288135,2846.622873916875,3704.686942643185,30.143229599839373,4072.016071701874,12
80,ROGUE,24.0,9.653636813458684,25.45654938533277,25.690065626603488,4.418269230769231,9.915254237288135,1423.3114369584375,1852.3434713215925,30.143229599839373,2036.008035850937,12
80,RANGER,4.0,9.645479868321093,26.35886214442013,26.557524433303897,4.419902912621359,9.444444444444445,4260.2813977921,4626.8117685912675,8.603431007846641,5063.788435624888,12
80,RANGER,8.0,9.645479868321093,26.35886214442013,26.557524433303897,4.419902912621359,9.444444444444445,4260.2813977921,4626.8117685912675,8.603431007846641,5063.788435624888,12
80,RANGER,12.0,9.645479868321093,26.35886214442013,26.557524433303897,4.419902912621359,9.444444444444445,2840.1875985280662,3718.9849807048486,30.941525927097956,4070.222451104751,12
80,RANGER,24.0,9.645479868321093,26.35886214442013,26.557524433303897,4.419902912621359,9.444444444444445,1420.0937992640331,1859.4924903524243,30.941525927097956,2035.1112255523756,12
80,MAGE,4.0,9.676300578034683,26.69536855838226,26.88225089826147,4.576086956521739,9.39252336448598,4259.6610562997375,4590.35827292961,7.763463154909833,5021.508746228139,12
80,MAGE,8.0,9.676300578034683,26.69536855838226,26.88225089826147,4.576086956521739,9.39252336448598,4259.6610562997375,4590.35827292961,7.763463154909833,5021.508746228139,12
80,MAGE,12.0,9.676300578034683,26.69536855838226,26.88225089826147,4.576086956521739,9.39252336448598,2839.774037533158,3701.4738674779232,30.34395760210917,4049.1356653111297,12
80,MAGE,24.0,9.676300578034683,26.69536855838226,26.88225089826147,4.576086956521739,9.39252336448598,1419.887018766579,1850.7369337389616,30.34395760210917,2024.5678326555649,12
80,CLERIC,4.0,9.676599676599677,26.69536855838226,26.88225089826147,4.576086956521739,9.39252336448598,4259.379775201192,4599.237989895751,7.979054055552126,5031.222492685024,12
80,CLERIC,8.0,9.676599676599677,26.69536855838226,26.88225089826147,4.576086956521739,9.39252336448598,4259.379775201192,4599.237989895751,7.979054055552126,5031.222492685024,12
80,CLERIC,12.0,9.676599676599677,26.69536855838226,26.88225089826147,4.576086956521739,9.39252336448598,2839.586516800795,3708.7487371358475,30.608759944186858,4057.0938288014104,12
80,CLERIC,24.0,9.676599676599677,26.69536855838226,26.88225089826147,4.576086956521739,9.39252336448598,1419.7932584003975,1854.3743685679237,30.608759944186858,2028.5469144007052,12
80,PALADIN,4.0,9.650174912543728,25.414907367514004,25.65015350619642,4.609589041095891,12.777777777777777,4270.516374354778,4558.071265545557,6.733492298907873,5140.491482809712,12
80,PALADIN,8.0,9.650174912543728,25.414907367514004,25.65015350619642,4.609589041095891,12.777777777777777,4270.516374354778,4558.071265545557,6.733492298907873,5140.491482809712,12
80,PALADIN,12.0,9.650174912543728,25.414907367514004,25.65015350619642,4.609589041095891,12.777777777777777,2847.010916236519,3665.5154146961813,28.749608713887497,4133.886828796249,12
80,PALADIN,24.0,9.650174912543728,25.414907367514004,25.65015350619642,4.609589041095891,12.777777777777777,1423.5054581182594,1832.7577073480907,28.749608713887497,2066.9434143981243,12
90,WARRIOR,4.0,9.870382372002592,25.852541159627773,26.070153709340005,4.574074074074074,9.957983193277311,4248.6943315871695,4567.888319630162,7.51275481669571,5022.757870786611,12
90,WARRIOR,8.0,9.870382372002592,25.852541159627773,26.070153709340005,4.574074074074074,9.957983193277311,4248.6943315871695,4567.888319630162,7.51275481669571,5022.757870786611,12
90,WARRIOR,12.0,9.870382372002592,25.852541159627773,26.070153709340005,4.574074074074074,9.957983193277311,2832.4628877247796,3757.233695612841,32.64899998851875,4131.37839555412,12
90,WARRIOR,24.0,9.870382372002592,25.852541159627773,26.070153709340005,4.574074074074074,9.957983193277311,1416.2314438623898,1878.6168478064205,32.64899998851875,2065.68919777706,12
90,ROGUE,4.0,9.72055888223553,25.870830376153304,26.087731841652335,4.3991477272727275,10.238095238095237,4248.246690810165,4595.135889834312,8.165467409756122,5065.5902785554445,12
90,ROGUE,8.0,9.72055888223553,25.870830376153304,26.087731841652335,4.3991477272727275,10.238095238095237,4248.246690810165,4595.135889834312,8.165467409756122,5065.5902785554445,12
90,ROGUE,12.0,9.72055888223553,25.870830376153304,26.087731841652335,4.3991477272727275,10.238095238095237,2832.16446054011,3722.2740824173493,31.428599372632824,4103.364047998173,12
90,ROGUE,24.0,9.72055888223553,25.870830376153304,26.087731841652335,4.3991477272727275,10.238095238095237,1416.082230270055,1861.1370412086746,31.428599372632824,2051.6820239990866,12
90,RANGER,4.0,9.714576962283385,26.699750785567232,26.88648385211344,4.4,9.871794871794872,4240.66624912316,4632.438791047218,9.238466762270292,5089.743646060854,12
90,RANGER,8.0,9.714576962283385,26.699750785567232,26.88648385211344,4.4,9.871794871794872,4240.66624912316,4632.438791047218,9.238466762270292,5089.743646060854,12
90,RANGER,12.0,9.714576962283385,26.699750785567232,26.88648385211344,4.4,9.871794871794872,2827.110832748773,3750.1819298912665,32.6506865754888,4120.392197329251,12
90,RANGER,24.0,9.714576962283385,26.699750785567232,26.88648385211344,4.4,9.871794871794872,1413.5554163743866,1875.0909649456332,32.6506865754888,2060.1960986646254,12
90,MAGE,4.0,9.741506646971935,26.993710691823903,27.170666447360347,4.555232558139535,9.871794871794872,4240.50448682006,4595.887053009238,8.380667142170095,5049.583595421689,12
90,MAGE,8.0,9.741506646971935,26.993710691823903,27.170666447360347,4.555232558139535,9.871794871794872,4240.50448682006,4595.887053009238,8.380667142170095,5049.583595421689,12
90,MAGE,12.0,9.741506646971935,26.993710691823903,27.170666447360347,4.555232558139535,9.871794871794872,2827.0029912133737,3730.905356301813,31.97387367108786,4099.212679936736,12
90,MAGE,24.0,9.741506646971935,26.993710691823903,27.170666447360347,4.555232558139535,9.871794871794872,1413.5014956066868,1865.4526781509064,31.97387367108786,2049.606339968368,12
90,CLERIC,4.0,9.74169741697417,26.993710691823903,27.170666447360347,4.555232558139535,9.871794871794872,4240.6499609648345,4603.249845597575,8.550573331222111,5057.6732277911815,12
90,CLERIC,8.0,9.74169741697417,26.993710691823903,27.170666447360347,4.555232558139535,9.871794871794872,4240.6499609648345,4603.249845597575,8.550573331222111,5057.6732277911815,12
90,CLERIC,12.0,9.74169741697417,26.993710691823903,27.170666447360347,4.555232558139535,9.871794871794872,2827.099973976556,3736.955594212053,32.183354978978954,4105.86018492273,12
90,CLERIC,24.0,9.74169741697417,26.993710691823903,27.170666447360347,4.555232558139535,9.871794871794872,1413.549986988278,1868.4777971060264,32.183354978978954,2052.930092461365,12
90,PALADIN,4.0,9.71329100962523,25.855611150822018,26.073104197265618,4.574074074074074,13.089171974522293,4248.5686499521635,4567.1598290901375,7.498788542384993,5164.963233471043,12
90,PALADIN,8.0,9.71329100962523,25.855611150822018,26.073104197265618,4.574074074074074,13.089171974522293,4248.5686499521635,4567.1598290901375,7.498788542384993,5164.963233471043,12
90,PALADIN,12.0,9.71329100962523,25.855611150822018,26.073104197265618,4.574074074074074,13.089171974522293,2832.379099968109,3696.8460422852277,30.52087703679398,4180.732578393262,12
90,PALADIN,24.0,9.71329100962523,25.855611150822018,26.073104197265618,4.574074074074074,13.089171974522293,1416.1895499840546,1848.4230211426138,30.52087703679398,2090.366289196631,12
100,WARRIOR,4.0,9.899835443943621,26.191954196172972,26.396697118487843,4.553468208092485,10.384615384615385,4190.988349032283,4516.64297479615,7.770353879391312,4985.678976024981,12
100,WARRIOR,8.0,9.899835443943621,26.191954196172972,26.396697118487843,4.553468208092485,10.384615384615385,4190.988349032283,4516.64297479615,7.770353879391312,4985.678976024981,12
100,WARRIOR,12.0,9.899835443943621,26.191954196172972,26.396697118487843,4.553468208092485,10.384615384615385,2793.992232688189,3726.1685174604904,33.36359614269311,4113.116786581388,12
100,WARRIOR,24.0,9.899835443943621,26.191954196172972,26.396697118487843,4.553468208092485,10.384615384615385,1396.9961163440944,1863.0842587302452,33.36359614269311,2056.558393290694,12
100,ROGUE,4.0,9.770754871458982,26.20062977957715,26.405052672295177,4.381909547738694,10.652173913043478,4191.809636799146,4560.016156383005,8.783951359609476,5045.757007823803,12
100,ROGUE,8.0,9.770754871458982,26.20062977957715,26.405052672295177,4.381909547738694,10.652173913043478,4191.809636799146,4560.016156383005,8.783951359609476,5045.757007823803,12
100,ROGUE,12.0,9.770754871458982,26.20062977957715,26.405052672295177,4.381909547738694,10.652173913043478,2794.539757866097,3712.9000061592424,32.86266533543265,4108.404572032727,12
100,ROGUE,24.0,9.770754871458982,26.20062977957715,26.405052672295177,4.381909547738694,10.652173913043478,1397.2698789330484,1856.4500030796212,32.86266533543265,2054.2022860163634,12
100,RANGER,4.0,9.76619906479626,26.945425784339573,27.123955968529938,4.382575757575758,10.2,4184.366867121213,4579.009839686944,9.431366443192424,5046.068843335013,12
100,RANGER,8.0,9.76619906479626,26.945425784339573,27.123955968529938,4.382575757575758,10.2,4184.366867121213,4579.009839686944,9.431366443192424,5046.068843335013,12
100,RANGER,12.0,9.76619906479626,26.945425784339573,27.123955968529938,4.382575757575758,10.2,2789.5779114141415,3726.626801170292,33.591063577110326,4106.742734889662,12
100,RANGER,24.0,9.76619906479626,26.945425784339573,27.123955968529938,4.382575757575758,10.2,1394.7889557070707,1863.313400585146,33.591063577110326,2053.371367444831,12
100,MAGE,4.0,9.788997739261493,27.20286966919091,27.373145442201892,4.544943820224719,10.348837209302324,4184.673297010071,4544.867868227339,8.607471734403394,5015.208845288076,12
100,MAGE,8.0,9.788997739261493,27.20286966919091,27.373145442201892,4.544943820224719,10.348837209302324,4184.673297010071,4544.867868227339,8.607471734403394,5015.208845288076,12
100,MAGE,12.0,9.788997739261493,27.20286966919091,27.373145442201892,4.544943820224719,10.348837209302324,2789.782198006714,3707.4751072766358,32.89478690937266,4091.155670704102,12
100,MAGE,24.0,9.788997739261493,27.20286966919091,27.373145442201892,4.544943820224719,10.348837209302324,1394.891099003357,1853.7375536383179,32.89478690937266,2045.577835352051,12
100,CLERIC,4.0,9.789124868203043,27.20286966919091,27.373145442201892,4.544943820224719,10.348837209302324,4184.414891720358,4545.201230076607,8.62214545383948,5015.576706212442,12
100,CLERIC,8.0,9.789124868203043,27.20286966919091,27.373145442201892,4.544943820224719,10.348837209302324,4184.414891720358,4545.201230076607,8.62214545383948,5015.576706212442,12
100,CLERIC,12.0,9.789124868203043,27.20286966919091,27.373145442201892,4.544943820224719,10.348837209302324,2789.6099278135725,3707.7951993608312,32.9144681624685,4091.5088885970104,12
100,CLERIC,24.0,9.789124868203043,27.20286966919091,27.373145442201892,4.544943820224719,10.348837209302324,1394.8049639067863,1853.8975996804156,32.9144681624685,2045.7544442985052,12
100,PALADIN,4.0,9.7612551159618,26.194130925507903,26.398793510264788,4.553468208092485,13.328690807799443,4191.036589872543,4519.01047904837,7.825603097056266,5121.3354133727835,12
100,PALADIN,8.0,9.7612551159618,26.194130925507903,26.398793510264788,4.553468208092485,13.328690807799443,4191.036589872543,4519.01047904837,7.825603097056266,5121.3354133727835,12
100,PALADIN,12.0,9.7612551159618,26.194130925507903,26.398793510264788,4.553468208092485,13.328690807799443,2794.0243932483622,3675.9345131413243,31.564152482850872,4165.888458695119,12
100,PALADIN,24.0,9.7612551159618,26.194130925507903,26.398793510264788,4.553468208092485,13.328690807799443,1397.0121966241811,1837.9672565706621,31.564152482850872,2082.9442293475595,12
