,,cap_h,cap_h,cap_h,raw_proc_pct,raw_proc_pct,raw_proc_pct,search_s,search_s,search_s,sale_bonus_pct,sale_bonus_pct,sale_bonus_pct
,,mean,min,max,mean,min,max,mean,min,max,mean,min,max
level,class,,,,,,,,,,,,
1,CLERIC,8.010385,8.009007,8.011981,9.391875,9.015,10.018333,4.94,4.926667,4.953333,1.35,0.533333,1.866667
1,MAGE,8.008341,8.006882,8.010023,9.391875,9.015,10.018333,4.94,4.926667,4.953333,1.35,0.533333,1.866667
1,PALADIN,8.01233,8.011013,8.013863,9.388542,9.011667,10.015,4.94,4.926667,4.953333,1.35,0.533333,1.866667
1,RANGER,8.01233,8.011013,8.013863,9.138542,9.011667,10.015,4.94,4.926667,4.953333,1.35,0.533333,1.866667
1,ROGUE,8.010385,8.009007,8.011981,9.010208,9.008333,9.011667,4.94,4.926667,4.953333,1.35,0.533333,1.866667
1,WARRIOR,8.01233,8.011013,8.013863,9.381875,9.005,10.008333,4.94,4.926667,4.953333,1.35,0.533333,1.866667
2,CLERIC,8.015888,8.013863,8.018318,9.402292,9.021667,10.031667,4.936667,4.92,4.953333,1.35,0.533333,1.866667
2,MAGE,8.014072,8.011981,8.016572,9.402292,9.021667,10.031667,4.936667,4.92,4.953333,1.35,0.533333,1.866667
2,PALADIN,8.017653,8.015682,8.020022,9.398958,9.018333,10.025,4.936667,4.92,4.953333,1.4,0.533333,1.866667
2,RANGER,8.017543,8.015682,8.020022,9.39875,9.02,10.025,4.933333,4.913333,4.953333,1.35,0.533333,1.866667
2,ROGUE,8.015888,8.013863,8.018318,9.270625,9.015,10.021667,4.9325,4.913333,4.953333,1.35,0.533333,1.866667
2,WARRIOR,8.017653,8.015682,8.020022,9.392292,9.011667,10.018333,4.936667,4.92,4.953333,1.35,0.533333,1.866667
3,CLERIC,8.026015,8.023329,8.029621,9.673333,9.04,10.055,4.936667,4.92,4.953333,1.416667,0.533333,2.0
3,MAGE,8.024422,8.021691,8.028082,9.798333,9.04,10.055,4.936667,4.92,4.953333,1.416667,0.533333,2.0
3,PALADIN,8.027288,8.024938,8.03114,9.419583,9.036667,10.051667,4.935,4.913333,4.953333,1.616667,0.666667,2.266667
3,RANGER,8.027093,8.024137,8.030383,9.544792,9.036667,10.051667,4.9275,4.913333,4.946667,1.433333,0.533333,2.0
3,ROGUE,8.026114,8.023329,8.029621,9.416875,9.035,10.048333,4.925,4.9,4.953333,1.366667,0.533333,1.866667
3,WARRIOR,8.027577,8.024938,8.031893,9.412917,9.03,10.045,4.935,4.913333,4.953333,1.4,0.533333,1.866667
4,CLERIC,8.031221,8.028082,8.034861,10.059375,10.051667,10.066667,4.935833,4.92,4.953333,1.466667,0.666667,2.0
4,MAGE,8.029702,8.026522,8.033385,9.934375,9.051667,10.066667,4.935833,4.92,4.953333,1.466667,0.666667,2.0
4,PALADIN,8.032057,8.028082,8.036321,9.430208,9.046667,10.061667,4.934167,4.913333,4.953333,1.7,0.666667,2.266667
4,RANGER,8.031963,8.027305,8.035593,9.555417,9.048333,10.061667,4.9225,4.906667,4.94,1.466667,0.666667,2.0
4,ROGUE,8.03122,8.028082,8.034861,9.67625,9.041667,10.058333,4.921667,4.9,4.946667,1.45,0.666667,1.866667
4,WARRIOR,8.032705,8.028082,8.037767,9.548542,9.04,10.055,4.934167,4.913333,4.953333,1.416667,0.533333,1.866667
5,CLERIC,8.035945,8.031893,8.039199,10.070208,10.063333,10.08,4.933333,4.92,4.946667,1.483333,0.666667,2.133333
5,MAGE,8.03448,8.030383,8.037767,9.945208,9.063333,10.08,4.933333,4.92,4.946667,1.483333,0.666667,2.133333
5,PALADIN,8.036754,8.032641,8.040618,9.564167,9.053333,10.071667,4.9325,4.913333,4.946667,1.816667,0.666667,2.4
5,RANGER,8.036666,8.032641,8.03991,9.815833,9.061667,10.073333,4.9175,4.893333,4.94,1.483333,0.666667,2.133333
5,ROGUE,8.035657,8.03114,8.041323,9.686458,9.05,10.068333,4.915833,4.893333,4.933333,1.483333,0.666667,2.0
5,WARRIOR,8.037739,8.032641,8.042723,9.8075,9.053333,10.065,4.9325,4.913333,4.946667,1.433333,0.533333,2.0
6,CLERIC,8.045552,8.039199,8.050906,10.216667,10.078333,11.101667,4.93,4.913333,4.946667,1.5,0.666667,2.133333
6,MAGE,8.044173,8.037767,8.049567,9.966667,9.078333,10.101667,4.93,4.913333,4.946667,1.5,0.666667,2.133333
6,PALADIN,8.045718,8.040618,8.052237,10.207708,9.075,11.09,4.931667,4.913333,4.946667,2.05,0.933333,2.8
6,RANGER,8.045978,8.040618,8.050238,9.960417,9.078333,10.095,4.904167,4.886667,4.933333,1.5,0.666667,2.133333
6,ROGUE,8.045805,8.03991,8.052237,9.954792,9.065,10.095,4.905,4.88,4.933333,1.516667,0.8,2.0
6,WARRIOR,8.048006,8.042024,8.056181,10.201042,10.066667,11.083333,4.931667,4.913333,4.946667,1.5,0.533333,2.133333
7,CLERIC,8.050047,8.044113,8.055529,10.352708,10.086667,11.115,4.928333,4.913333,4.946667,1.516667,0.666667,2.266667
7,MAGE,8.0487,8.042723,8.054218,10.227708,10.086667,11.113333,4.928333,4.913333,4.946667,1.516667,0.666667,2.266667
7,PALADIN,8.050114,8.04342,8.058127,10.2175,9.083333,11.103333,4.931667,4.913333,4.946667,2.15,1.066667,2.933333
7,RANGER,8.050793,8.045491,8.056181,10.095833,10.08,10.108333,4.9,4.886667,4.926667,1.516667,0.666667,2.266667
7,ROGUE,8.049788,8.04342,8.056181,9.965625,9.075,10.106667,4.9,4.88,4.933333,1.516667,0.8,2.0
7,WARRIOR,8.053259,8.045491,8.063238,10.210833,10.076667,11.096667,4.931667,4.913333,4.946667,1.516667,0.533333,2.133333
8,CLERIC,8.054353,8.048218,8.061334,10.365417,10.1,11.126667,4.9275,4.913333,4.946667,1.533333,0.666667,2.266667
8,MAGE,8.053035,8.04686,8.060056,10.240417,10.1,11.123333,4.9275,4.913333,4.946667,1.533333,0.666667,2.266667
8,PALADIN,8.054504,8.04686,8.062605,10.3525,9.09,11.111667,4.930833,4.913333,4.946667,2.183333,1.2,2.933333
8,RANGER,8.055092,8.049567,8.060696,10.357708,10.091667,11.12,4.896667,4.88,4.92,1.533333,0.666667,2.266667
8,ROGUE,8.053696,8.04754,8.060056,10.101667,9.088333,11.12,4.896667,4.873333,4.926667,1.583333,0.933333,2.0
8,WARRIOR,8.058552,8.049567,8.068869,10.470833,10.083333,11.105,4.930833,4.913333,4.946667,1.533333,0.533333,2.133333
9,CLERIC,8.062632,8.054218,8.073778,10.642708,10.125,11.16,4.925,4.906667,4.946667,1.583333,0.8,2.266667
9,MAGE,8.06136,8.0529,8.072558,10.767708,10.125,11.16,4.925,4.906667,4.946667,1.583333,0.8,2.266667
9,PALADIN,8.062943,8.05356,8.073169,10.499583,10.11,11.14,4.9275,4.913333,4.933333,2.366667,1.333333,3.2
9,RANGER,8.062969,8.055529,8.069487,10.507292,10.116667,11.15,4.8875,4.866667,4.913333,1.566667,0.8,2.266667
9,ROGUE,8.062322,8.055529,8.071334,10.372083,10.103333,11.146667,4.884167,4.86,4.906667,1.65,1.066667,2.133333
9,WARRIOR,8.068865,8.05748,8.081587,10.492917,10.103333,11.133333,4.9275,4.913333,4.933333,1.6,0.533333,2.133333
10,CLERIC,8.067183,8.058127,8.079205,10.780625,10.14,11.175,4.923333,4.906667,4.94,1.583333,0.8,2.266667
10,MAGE,8.065933,8.056831,8.078007,10.905625,10.14,11.175,4.923333,4.906667,4.94,1.583333,0.8,2.266667
10,PALADIN,8.067258,8.056831,8.076805,10.510208,10.118333,11.15,4.926667,4.913333,4.933333,2.433333,1.466667,3.2
10,RANGER,8.067591,8.059415,8.075598,10.643958,10.128333,11.163333,4.883333,4.86,4.906667,1.583333,0.8,2.266667
10,ROGUE,8.066419,8.059415,8.074992,10.757083,10.121667,11.16,4.879167,4.853333,4.906667,1.683333,1.066667,2.133333
10,WARRIOR,8.074224,8.061334,8.086301,10.628542,10.116667,11.143333,4.926667,4.913333,4.933333,1.633333,0.533333,2.133333
11,CLERIC,8.071427,8.06197,8.084541,10.793125,10.15,11.191667,4.9225,4.9,4.94,1.616667,0.933333,2.266667
11,MAGE,8.070196,8.060696,8.083363,10.918125,10.15,11.191667,4.9225,4.9,4.94,1.616667,0.933333,2.266667
11,PALADIN,8.071657,8.061334,8.08218,10.771458,10.135,11.161667,4.925,4.913333,4.933333,2.466667,1.466667,3.2
11,RANGER,8.071829,8.063238,8.080994,10.655417,10.138333,11.178333,4.881667,4.853333,4.906667,1.6,0.8,2.266667
11,ROGUE,8.07099,8.06387,8.079802,10.767708,10.131667,11.171667,4.875,4.853333,4.906667,1.716667,1.066667,2.133333
11,WARRIOR,8.079638,8.066381,8.093253,10.889792,10.128333,11.155,4.925,4.913333,4.933333,1.65,0.533333,2.133333
12,CLERIC,8.075676,8.065129,8.090373,11.05625,10.185,11.203333,4.920833,4.9,4.933333,1.633333,0.933333,2.266667
12,MAGE,8.074463,8.06387,8.089214,10.93125,10.16,11.203333,4.920833,4.9,4.933333,1.633333,0.933333,2.266667
12,PALADIN,8.076284,8.0645,8.087469,10.906042,10.145,12.151667,4.923333,4.906667,4.933333,2.5,1.466667,3.2
12,RANGER,8.075997,8.066381,8.086885,10.916875,10.16,11.188333,4.8775,4.846667,4.9,1.616667,0.8,2.266667
12,ROGUE,8.07495,8.066381,8.083952,10.90375,10.14,11.185,4.869167,4.846667,4.9,1.766667,1.2,2.133333
12,WARRIOR,8.085318,8.070104,8.100078,10.899375,10.14,11.166667,4.923333,4.906667,4.933333,1.666667,0.533333,2.266667
13,CLERIC,8.084237,8.072558,8.099514,11.457917,11.185,12.231667,4.920833,4.9,4.933333,1.7,1.066667,2.4
13,MAGE,8.083056,8.071334,8.098383,11.207917,10.185,12.213333,4.920833,4.9,4.933333,1.7,1.066667,2.4
13,PALADIN,8.084233,8.069487,8.097249,11.053333,10.163333,12.176667,4.921667,4.9,4.933333,2.683333,1.6,3.333333
13,RANGER,8.085065,8.073778,8.097249,11.064792,10.181667,12.211667,4.87,4.84,4.9,1.683333,0.8,2.4
13,ROGUE,8.082941,8.073778,8.093827,11.174375,10.158333,12.21,4.86,4.826667,4.886667,1.816667,1.2,2.133333
13,WARRIOR,8.095342,8.076805,8.111753,11.171667,10.18,12.176667,4.921667,4.9,4.933333,1.7,0.533333,2.266667
14,CLERIC,8.088469,8.075598,8.104006,11.5975,11.196667,12.246667,4.920833,4.9,4.933333,1.7,1.066667,2.4
14,MAGE,8.087303,8.074386,8.102888,11.2225,10.196667,12.231667,4.920833,4.9,4.933333,1.7,1.066667,2.4
14,PALADIN,8.087888,8.071947,8.101204,11.314583,10.183333,12.195,4.92,4.893333,4.933333,2.816667,1.6,3.6
14,RANGER,8.089352,8.076805,8.102888,11.202708,10.195,12.225,4.865833,4.833333,4.893333,1.683333,0.8,2.4
14,ROGUE,8.08713,8.078007,8.097817,11.184792,10.166667,12.221667,4.853333,4.826667,4.88,1.833333,1.333333,2.133333
14,WARRIOR,8.100227,8.080399,8.116663,11.182917,10.191667,12.188333,4.92,4.893333,4.933333,1.733333,0.533333,2.266667
15,CLERIC,8.096865,8.083363,8.113942,11.879792,11.23,12.28,4.919167,4.9,4.933333,1.766667,1.066667,2.533333
15,MAGE,8.095725,8.08218,8.112849,11.629792,11.23,12.263333,4.919167,4.9,4.933333,1.766667,1.066667,2.533333
15,PALADIN,8.095801,8.079205,8.109554,11.586458,11.186667,12.24,4.918333,4.893333,4.933333,3.033333,2.0,3.733333
15,RANGER,8.097578,8.084541,8.113395,11.479375,11.205,12.255,4.859167,4.826667,4.893333,1.733333,0.8,2.533333
15,ROGUE,8.095351,8.085715,8.106789,11.33125,11.181667,12.248333,4.8425,4.806667,4.866667,1.866667,1.333333,2.266667
15,WARRIOR,8.111136,8.090951,8.127925,11.579792,11.18,12.233333,4.918333,4.893333,4.933333,1.783333,0.666667,2.266667
16,CLERIC,8.100957,8.087469,8.119368,12.021667,11.246667,12.3,4.919167,4.9,4.933333,1.766667,1.066667,2.533333
16,MAGE,8.099829,8.086301,8.118288,11.896667,11.246667,12.293333,4.919167,4.9,4.933333,1.766667,1.066667,2.533333
16,PALADIN,8.100048,8.082772,8.115032,11.722917,11.198333,12.251667,4.916667,4.886667,4.933333,3.116667,2.0,3.866667
16,RANGER,8.101735,8.088633,8.118828,11.618125,11.218333,12.271667,4.855833,4.82,4.893333,1.75,0.933333,2.533333
16,ROGUE,8.099255,8.089214,8.111204,11.591667,11.19,12.261667,4.836667,4.806667,4.86,1.883333,1.466667,2.266667
16,WARRIOR,8.116796,8.096112,8.134773,11.71625,11.191667,12.245,4.916667,4.886667,4.933333,1.8,0.666667,2.266667
17,CLERIC,8.10502,8.091528,8.123665,12.039375,11.265,12.316667,4.918333,4.9,4.933333,1.8,1.066667,2.666667
17,MAGE,8.103903,8.090373,8.122594,12.039375,11.265,12.311667,4.918333,4.9,4.933333,1.8,1.066667,2.666667
17,PALADIN,8.104029,8.085129,8.120446,11.735,11.21,12.263333,4.915,4.886667,4.926667,3.216667,2.0,4.0
17,RANGER,8.105508,8.092104,8.122594,11.757292,11.245,12.286667,4.853333,4.82,4.88,1.783333,1.066667,2.666667
17,ROGUE,8.102982,8.093827,8.115576,11.728958,11.201667,12.275,4.830833,4.806667,4.86,1.916667,1.466667,2.266667
17,WARRIOR,8.12238,8.100642,8.141535,11.853333,11.206667,12.256667,4.915,4.886667,4.926667,1.816667,0.666667,2.266667
18,CLERIC,8.11309,8.099514,8.13215,12.199167,11.33,12.353333,4.915,4.893333,4.933333,1.816667,1.066667,2.666667
18,MAGE,8.111994,8.098383,8.131097,12.199167,11.296667,12.353333,4.915,4.893333,4.933333,1.816667,1.066667,2.666667
18,PALADIN,8.111972,8.092104,8.128455,11.758958,11.235,12.293333,4.9125,4.886667,4.926667,3.416667,2.133333,4.266667
18,RANGER,8.113499,8.098949,8.131097,11.786875,11.271667,12.318333,4.845833,4.813333,4.873333,1.833333,1.066667,2.666667
18,ROGUE,8.110543,8.101204,8.12313,12.001667,11.225,12.298333,4.825,4.806667,4.86,1.933333,1.466667,2.266667
18,WARRIOR,8.133706,8.111753,8.1528,12.002292,11.228333,12.286667,4.9125,4.886667,4.926667,1.85,0.666667,2.4
19,CLERIC,8.117161,8.102327,8.136862,12.467292,11.35,13.373333,4.914167,4.893333,4.933333,1.85,1.2,2.666667
19,MAGE,8.116074,8.101204,8.135819,12.217292,11.313333,12.373333,4.914167,4.893333,4.933333,1.85,1.2,2.666667
19,PALADIN,8.116124,8.094971,8.132675,11.769167,11.243333,12.305,4.911667,4.886667,4.926667,3.583333,2.4,4.4
19,RANGER,8.11757,8.102888,8.135296,11.802917,11.283333,12.335,4.841667,4.806667,4.866667,1.883333,1.066667,2.666667
19,ROGUE,8.11424,8.105121,8.127394,12.013542,11.235,12.313333,4.8225,4.806667,4.86,1.933333,1.466667,2.266667
19,WARRIOR,8.139699,8.116663,8.158857,12.1375,11.281667,12.298333,4.911667,4.886667,4.926667,1.9,0.8,2.533333
20,CLERIC,8.125539,8.109554,8.147706,12.629792,12.35,13.415,4.91,4.886667,4.933333,1.883333,1.2,2.666667
20,MAGE,8.124471,8.10845,8.146682,12.254792,11.35,12.415,4.91,4.886667,4.933333,1.883333,1.2,2.666667
20,PALADIN,8.124184,8.101204,8.142568,12.167083,11.261667,13.283333,4.908333,4.88,4.92,3.766667,2.4,4.666667
20,RANGER,8.12569,8.110655,8.143599,12.208542,11.328333,13.36,4.833333,4.793333,4.866667,1.966667,1.2,2.666667
20,ROGUE,8.122154,8.112849,8.135296,12.162708,11.273333,12.335,4.816667,4.8,4.84,1.95,1.466667,2.266667
20,WARRIOR,8.151745,8.126863,8.171788,12.285417,11.303333,13.296667,4.908333,4.88,4.92,1.95,0.8,2.666667
21,CLERIC,8.12984,8.113395,8.153307,12.898333,12.366667,13.433333,4.908333,4.886667,4.933333,1.883333,1.2,2.666667
21,MAGE,8.128781,8.112301,8.152292,12.648333,12.366667,13.386667,4.908333,4.886667,4.933333,1.883333,1.2,2.666667
21,PALADIN,8.128158,8.104564,8.148217,12.428125,11.283333,13.35,4.9075,4.88,4.92,3.866667,2.666667,4.8
21,RANGER,8.129662,8.114487,8.147706,12.474167,11.346667,13.385,4.829167,4.793333,4.866667,1.966667,1.2,2.666667
21,ROGUE,8.12583,8.116663,8.138944,12.425417,12.27,13.35,4.814167,4.8,4.833333,1.95,1.466667,2.266667
21,WARRIOR,8.157864,8.132675,8.179138,12.421458,11.32,13.343333,4.9075,4.88,4.92,1.966667,0.933333,2.666667
22,CLERIC,8.13783,8.121521,8.162363,13.187917,12.443333,13.476667,4.908333,4.886667,4.933333,1.916667,1.2,2.666667
22,MAGE,8.136786,8.120446,8.161363,13.062917,12.4,13.475,4.908333,4.886667,4.933333,1.916667,1.2,2.666667
22,PALADIN,8.136234,8.112849,8.157851,12.828125,12.291667,13.38,4.904167,4.866667,4.92,4.116667,2.933333,5.066667
22,RANGER,8.137516,8.119907,8.157348,12.756875,12.346667,13.421667,4.8225,4.78,4.86,2.0,1.2,2.666667
22,ROGUE,8.134021,8.125267,8.146682,12.573542,12.291667,13.376667,4.8075,4.786667,4.826667,2.033333,1.466667,2.533333
22,WARRIOR,8.1702,8.14617,8.192182,12.571458,11.348333,13.373333,4.904167,4.866667,4.92,2.05,1.066667,2.666667
23,CLERIC,8.145966,8.128984,8.171295,13.478333,12.488333,14.518333,4.905,4.88,4.933333,1.966667,1.333333,2.8
23,MAGE,8.144938,8.127925,8.170308,13.228333,12.436667,13.518333,4.905,4.88,4.933333,1.966667,1.333333,2.8
23,PALADIN,8.144641,8.120446,8.166844,12.852083,12.31,13.411667,4.9025,4.866667,4.92,4.316667,3.333333,5.2
23,RANGER,8.145512,8.125799,8.167836,12.915208,12.396667,13.456667,4.811667,4.766667,4.853333,2.05,1.333333,2.8
23,ROGUE,8.142279,8.134773,8.155331,12.971667,12.31,13.401667,4.796667,4.766667,4.82,2.083333,1.466667,2.533333
23,WARRIOR,8.183147,8.158354,8.20548,12.845417,12.303333,13.405,4.9025,4.866667,4.92,2.083333,1.2,2.666667
24,CLERIC,8.150238,8.132675,8.177185,13.624167,12.51,14.54,4.904167,4.88,4.933333,1.966667,1.333333,2.8
24,MAGE,8.149217,8.131623,8.176207,13.374167,12.455,13.543333,4.904167,4.88,4.933333,1.966667,1.333333,2.8
24,PALADIN,8.148611,8.124199,8.170802,12.863542,12.321667,13.426667,4.900833,4.866667,4.92,4.4,3.466667,5.2
24,RANGER,8.149472,8.128984,8.17228,13.056667,12.41,13.478333,4.8075,4.766667,4.846667,2.05,1.333333,2.8
24,ROGUE,8.146331,8.138944,8.15986,13.109167,12.32,13.415,4.7925,4.76,4.813333,2.1,1.466667,2.533333
24,WARRIOR,8.189538,8.164358,8.211581,12.856875,12.315,13.42,4.900833,4.866667,4.92,2.083333,1.2,2.666667
25,CLERIC,8.157819,8.138944,8.186895,13.793333,12.555,14.588333,4.899167,4.88,4.92,2.016667,1.333333,2.933333
25,MAGE,8.156811,8.137904,8.18593,13.543333,12.498333,14.525,4.899167,4.88,4.92,2.016667,1.333333,2.933333
25,PALADIN,8.156525,8.131097,8.179625,12.888333,12.345,13.455,4.898333,4.866667,4.92,4.616667,3.6,5.333333
25,RANGER,8.157132,8.136341,8.181571,13.215208,12.438333,14.495,4.8,4.753333,4.84,2.116667,1.333333,2.933333
25,ROGUE,8.155487,8.147194,8.169815,13.25875,12.376667,13.441667,4.78,4.753333,4.806667,2.166667,1.6,2.533333
25,WARRIOR,8.202699,8.176696,8.225495,13.256667,12.418333,13.448333,4.898333,4.866667,4.92,2.15,1.333333,2.666667
26,CLERIC,8.161947,8.142568,8.192661,13.814792,12.58,14.611667,4.898333,4.88,4.92,2.033333,1.333333,2.933333
26,MAGE,8.160945,8.141535,8.191703,13.564792,12.516667,14.546667,4.898333,4.88,4.92,2.033333,1.333333,2.933333
26,PALADIN,8.160407,8.134249,8.183996,13.026667,12.36,13.471667,4.8975,4.866667,4.913333,4.7,3.6,5.333333
26,RANGER,8.160956,8.139463,8.18593,13.482708,12.471667,14.513333,4.7975,4.753333,4.84,2.133333,1.333333,2.933333
26,ROGUE,8.159512,8.150258,8.174246,13.270208,12.386667,13.453333,4.775833,4.753333,4.793333,2.2,1.733333,2.533333
26,WARRIOR,8.20928,8.182542,8.232372,13.27,12.435,13.465,4.8975,4.866667,4.913333,2.183333,1.333333,2.666667
27,CLERIC,8.170379,8.150258,8.202649,14.11,13.555,14.661667,4.8975,4.873333,4.92,2.066667,1.333333,2.933333
27,MAGE,8.16939,8.149239,8.201703,13.985,13.555,14.613333,4.8975,4.873333,4.92,2.066667,1.333333,2.933333
27,PALADIN,8.168568,8.142568,8.192182,13.677708,12.4,14.501667,4.895833,4.866667,4.913333,4.85,3.733333,5.733333
27,RANGER,8.169516,8.146682,8.197433,13.519167,12.51,14.548333,4.789167,4.74,4.826667,2.166667,1.333333,2.933333
27,ROGUE,8.167799,8.15634,8.183027,13.544167,13.373333,14.373333,4.765833,4.746667,4.78,2.233333,1.733333,2.533333
27,WARRIOR,8.222774,8.196004,8.245977,13.546042,12.458333,14.495,4.895833,4.866667,4.913333,2.233333,1.333333,2.8
28,CLERIC,8.178273,8.156844,8.212982,14.407083,13.596667,14.713333,4.895,4.873333,4.913333,2.1,1.466667,3.066667
28,MAGE,8.177295,8.155836,8.212048,14.407083,13.596667,14.713333,4.895,4.873333,4.913333,2.1,1.466667,3.066667
28,PALADIN,8.17687,8.150258,8.202176,13.955208,13.403333,14.535,4.893333,4.86,4.913333,5.033333,3.866667,6.0
28,RANGER,8.177235,8.1528,8.207362,13.931458,13.493333,14.621667,4.780833,4.733333,4.82,2.2,1.333333,3.066667
28,ROGUE,8.17574,8.16386,8.191703,14.19375,13.39,14.506667,4.755,4.726667,4.78,2.3,1.866667,2.666667
28,WARRIOR,8.236456,8.20877,8.261171,13.948542,13.396667,14.528333,4.893333,4.86,4.913333,2.283333,1.333333,2.933333
29,CLERIC,8.182219,8.15986,8.217638,14.555,13.618333,15.655,4.893333,4.873333,4.913333,2.1,1.466667,3.066667
29,MAGE,8.181247,8.158857,8.216709,14.555,13.618333,14.736667,4.893333,4.873333,4.913333,2.1,1.466667,3.066667
29,PALADIN,8.180886,8.153813,8.206892,13.967917,13.413333,14.55,4.890833,4.86,4.906667,5.133333,3.866667,6.133333
29,RANGER,8.181066,8.155836,8.211581,14.074792,13.538333,14.64,4.776667,4.733333,4.82,2.216667,1.466667,3.066667
29,ROGUE,8.180074,8.167836,8.196004,14.330625,13.446667,14.52,4.750833,4.72,4.773333,2.3,1.866667,2.666667
29,WARRIOR,8.243194,8.214847,8.268245,13.96125,13.406667,14.543333,4.890833,4.86,4.906667,2.316667,1.333333,2.933333
30,CLERIC,8.19029,8.165851,8.227334,14.854375,13.748333,15.786667,4.891667,4.873333,4.913333,2.133333,1.466667,3.066667
30,MAGE,8.189327,8.164856,8.226415,14.604375,13.666667,14.786667,4.891667,4.873333,4.913333,2.133333,1.466667,3.066667
30,PALADIN,8.188675,8.162363,8.217638,13.995833,13.438333,14.586667,4.890833,4.86,4.906667,5.366667,4.266667,6.4
30,RANGER,8.189091,8.162863,8.220882,14.23875,13.57,14.68,4.768333,4.72,4.806667,2.233333,1.466667,3.066667
30,ROGUE,8.188353,8.174246,8.205951,14.356042,13.47,14.546667,4.740833,4.706667,4.76,2.316667,2.0,2.666667
30,WARRIOR,8.256699,8.228711,8.28356,14.239167,13.431667,14.58,4.890833,4.86,4.906667,2.366667,1.466667,3.066667
31,CLERIC,8.198586,8.174246,8.236019,15.281458,14.711667,15.84,4.89,4.873333,4.913333,2.183333,1.466667,3.066667
31,MAGE,8.197634,8.173264,8.235109,15.156458,13.711667,15.793333,4.89,4.873333,4.913333,2.183333,1.466667,3.066667
31,PALADIN,8.196936,8.171295,8.227334,14.273333,13.473333,15.498333,4.89,4.86,4.906667,5.533333,4.4,6.666667
31,RANGER,8.197512,8.169815,8.230544,14.403958,13.606667,15.683333,4.759167,4.706667,4.793333,2.3,1.466667,3.066667
31,ROGUE,8.196725,8.182056,8.215778,14.507083,13.498333,15.451667,4.731667,4.7,4.753333,2.316667,2.0,2.666667
31,WARRIOR,8.271199,8.243271,8.298671,14.391667,13.56,14.611667,4.89,4.86,4.906667,2.4,1.466667,3.2
32,CLERIC,8.206902,8.181571,8.246427,15.582708,14.763333,15.891667,4.89,4.873333,4.913333,2.283333,1.6,3.2
32,MAGE,8.20596,8.180599,8.245526,15.207708,13.763333,15.848333,4.89,4.873333,4.913333,2.283333,1.6,3.2
32,PALADIN,8.205221,8.179625,8.237837,14.674375,13.511667,15.651667,4.885833,4.853333,4.906667,5.733333,4.533333,6.933333
32,RANGER,8.205669,8.176696,8.239652,14.819792,13.643333,15.718333,4.7525,4.693333,4.786667,2.366667,1.466667,3.2
32,ROGUE,8.204834,8.189784,8.224575,15.034792,14.463333,15.61,4.72,4.686667,4.74,2.35,2.0,2.666667
32,WARRIOR,8.285768,8.256726,8.31444,14.667708,13.586667,15.645,4.885833,4.853333,4.906667,2.45,1.466667,3.2
33,CLERIC,8.21123,8.184964,8.251366,15.608542,14.788333,15.92,4.89,4.873333,4.913333,2.316667,1.6,3.2
33,MAGE,8.210293,8.183996,8.25047,15.483542,14.788333,15.92,4.89,4.873333,4.913333,2.316667,1.6,3.2
33,PALADIN,8.209216,8.183027,8.242368,14.812708,13.526667,15.666667,4.885,4.853333,4.906667,5.816667,4.666667,6.933333
33,RANGER,8.210121,8.181085,8.245076,15.090625,14.641667,15.788333,4.7475,4.693333,4.78,2.416667,1.6,3.2
33,ROGUE,8.208768,8.193618,8.229628,15.049167,14.478333,15.623333,4.715833,4.68,4.733333,2.35,2.0,2.666667
33,WARRIOR,8.293008,8.263387,8.32204,14.681042,13.601667,15.66,4.885,4.853333,4.906667,2.466667,1.466667,3.2
34,CLERIC,8.21966,8.193139,8.261171,15.78875,14.841667,16.883333,4.8875,4.873333,4.913333,2.35,1.6,3.333333
34,MAGE,8.218731,8.192182,8.260284,15.66375,14.841667,15.98,4.8875,4.873333,4.913333,2.35,1.6,3.333333
34,PALADIN,8.217435,8.191224,8.250918,15.09,14.525,15.698333,4.884167,4.853333,4.906667,5.966667,4.666667,7.066667
34,RANGER,8.218557,8.188341,8.255389,15.132083,14.681667,15.835,4.738333,4.68,4.78,2.466667,1.6,3.333333
34,ROGUE,8.216812,8.199334,8.239652,15.325625,14.498333,15.648333,4.7075,4.673333,4.72,2.4,2.133333,2.666667
34,WARRIOR,8.307726,8.275711,8.336692,14.958333,13.633333,15.691667,4.884167,4.853333,4.906667,2.483333,1.466667,3.2
35,CLERIC,8.227996,8.200282,8.271765,16.093958,14.978333,17.035,4.8875,4.873333,4.913333,2.416667,1.6,3.333333
35,MAGE,8.227077,8.199334,8.270886,15.968958,14.896667,16.938333,4.8875,4.873333,4.913333,2.416667,1.6,3.333333
35,PALADIN,8.226324,8.199334,8.262058,15.117917,14.545,15.73,4.883333,4.853333,4.906667,6.166667,4.666667,7.333333
35,RANGER,8.226744,8.196481,8.264272,15.298958,14.745,15.878333,4.731667,4.68,4.766667,2.516667,1.6,3.333333
35,ROGUE,8.225308,8.207362,8.248675,15.478125,14.6,15.676667,4.699167,4.666667,4.72,2.45,2.133333,2.666667
35,WARRIOR,8.323172,8.290492,8.352832,15.48625,14.663333,15.723333,4.883333,4.853333,4.906667,2.55,1.466667,3.2
36,CLERIC,8.236554,8.20877,8.281821,16.40125,15.946667,17.095,4.885,4.866667,4.906667,2.45,1.6,3.466667
36,MAGE,8.235643,8.207832,8.28095,16.40125,14.946667,17.043333,4.885,4.866667,4.906667,2.45,1.6,3.466667
36,PALADIN,8.234559,8.207832,8.271765,15.396042,14.598333,16.768333,4.880833,4.853333,4.9,6.416667,4.8,7.733333
36,RANGER,8.235262,8.204537,8.27352,15.5925,14.788333,16.865,4.723333,4.666667,4.76,2.55,1.6,3.466667
36,ROGUE,8.233269,8.214847,8.257171,15.756458,14.631667,16.705,4.693333,4.653333,4.72,2.483333,2.133333,2.666667
36,WARRIOR,8.338273,8.302953,8.368383,15.514375,14.691667,15.761667,4.880833,4.853333,4.9,2.65,1.466667,3.333333
37,CLERIC,8.244747,8.216709,8.29265,16.835833,16.005,17.161667,4.884167,4.866667,4.906667,2.483333,1.6,3.466667
37,MAGE,8.243844,8.215778,8.291788,16.460833,15.005,17.105,4.884167,4.866667,4.906667,2.483333,1.6,3.466667
37,PALADIN,8.242884,8.215313,8.282691,15.675833,14.628333,16.803333,4.8775,4.853333,4.9,6.633333,4.933333,7.866667
37,RANGER,8.2432,8.212048,8.281821,15.762292,14.828333,16.903333,4.7175,4.66,4.76,2.583333,1.6,3.466667
37,ROGUE,8.24173,8.223192,8.266481,16.034375,15.576667,16.738333,4.685,4.646667,4.713333,2.55,2.266667,2.8
37,WARRIOR,8.353667,8.31571,8.38498,15.669167,14.721667,16.796667,4.8775,4.853333,4.9,2.683333,1.466667,3.333333
38,CLERIC,8.248735,8.219956,8.296954,16.990625,16.033333,18.088333,4.884167,4.866667,4.906667,2.566667,1.6,3.466667
38,MAGE,8.247835,8.219029,8.296094,16.740625,15.033333,18.088333,4.884167,4.866667,4.906667,2.566667,1.6,3.466667
38,PALADIN,8.246992,8.219956,8.287465,15.941458,14.746667,16.823333,4.876667,4.853333,4.9,6.7,4.933333,8.0
38,RANGER,8.247422,8.216709,8.286598,16.034792,14.851667,17.0,4.715,4.653333,4.76,2.633333,1.6,3.466667
38,ROGUE,8.245621,8.226875,8.270886,16.299583,15.591667,16.753333,4.68,4.64,4.713333,2.566667,2.266667,2.8
38,WARRIOR,8.361456,8.32204,8.39261,15.684792,14.74,16.816667,4.876667,4.853333,4.9,2.7,1.466667,3.466667
39,CLERIC,8.256836,8.227794,8.306368,17.051667,16.086667,18.153333,4.880833,4.866667,4.9,2.566667,1.6,3.466667
39,MAGE,8.255943,8.226875,8.305515,17.051667,16.086667,18.153333,4.880833,4.866667,4.9,2.566667,1.6,3.466667
39,PALADIN,8.25555,8.228711,8.296954,16.220625,15.631667,16.858333,4.875833,4.846667,4.9,6.9,5.2,8.133333
39,RANGER,8.255533,8.224114,8.296094,16.33125,15.866667,17.056667,4.709167,4.653333,4.76,2.633333,1.6,3.466667
39,ROGUE,8.253582,8.234198,8.279206,16.453333,15.646667,16.783333,4.6725,4.633333,4.706667,2.633333,2.4,2.8
39,WARRIOR,8.377217,8.335442,8.407762,15.963958,14.771667,16.851667,4.875833,4.846667,4.9,2.75,1.6,3.466667
40,CLERIC,8.265321,8.235564,8.315287,17.238542,16.148333,18.325,4.8775,4.866667,4.9,2.633333,1.6,3.6
40,MAGE,8.264435,8.234653,8.31444,17.113542,16.148333,18.216667,4.8775,4.866667,4.9,2.633333,1.6,3.6
40,PALADIN,8.263868,8.236929,8.307646,16.25,15.66,16.888333,4.875,4.846667,4.9,7.1,5.466667,8.266667
40,RANGER,8.264426,8.233285,8.305088,16.502083,15.915,17.106667,4.698333,4.633333,4.746667,2.7,1.6,3.6
40,ROGUE,8.261924,8.242368,8.288331,16.606458,15.735,16.811667,4.663333,4.626667,4.686667,2.666667,2.4,2.933333
40,WARRIOR,8.393114,8.349949,8.424739,16.493333,15.653333,16.881667,4.875,4.846667,4.9,2.816667,1.733333,3.466667
41,CLERIC,8.274103,8.242368,8.325823,17.676042,16.298333,18.39,4.876667,4.866667,4.9,2.633333,1.6,3.6
41,MAGE,8.273225,8.241463,8.324984,17.551042,16.21,18.286667,4.876667,4.866667,4.9,2.633333,1.6,3.6
41,PALADIN,8.272013,8.243723,8.317401,16.406458,15.726667,16.925,4.874167,4.846667,4.9,7.283333,5.6,8.4
41,RANGER,8.273064,8.241011,8.313593,16.675,15.986667,17.155,4.691667,4.626667,4.746667,2.716667,1.6,3.6
41,ROGUE,8.270692,8.250021,8.298242,16.760417,15.76,17.686667,4.651667,4.62,4.686667,2.733333,2.4,2.933333
41,WARRIOR,8.409055,8.364715,8.44077,16.649792,15.84,16.918333,4.874167,4.846667,4.9,2.833333,1.733333,3.466667
42,CLERIC,8.283042,8.249124,8.335025,17.99125,17.27,19.35,4.8725,4.86,4.9,2.7,1.6,3.6
42,MAGE,8.282171,8.248226,8.334192,17.86625,16.27,19.35,4.8725,4.86,4.9,2.7,1.6,3.6
42,PALADIN,8.280216,8.251813,8.325823,16.810833,15.758333,17.96,4.873333,4.846667,4.9,7.533333,5.733333,8.666667
42,RANGER,8.282132,8.250021,8.321619,17.224583,16.036667,18.21,4.6775,4.606667,4.733333,2.75,1.6,3.6
42,ROGUE,8.279175,8.257617,8.306794,17.165,15.791667,17.87,4.645,4.606667,4.68,2.75,2.4,3.066667
42,WARRIOR,8.425181,8.378929,8.455884,16.804167,15.87,17.953333,4.873333,4.846667,4.9,2.95,1.866667,3.6
43,CLERIC,8.291953,8.25628,8.34582,18.3075,17.335,19.418333,4.869167,4.853333,4.9,2.716667,1.6,3.6
43,MAGE,8.291089,8.255389,8.344993,18.0575,16.335,19.418333,4.869167,4.853333,4.9,2.716667,1.6,3.6
43,PALADIN,8.288565,8.25984,8.336275,17.342292,16.741667,18.0,4.871667,4.846667,4.9,7.733333,6.0,9.2
43,RANGER,8.290904,8.258506,8.330014,17.274583,16.088333,18.261667,4.668333,4.593333,4.726667,2.783333,1.6,3.6
43,ROGUE,8.287271,8.265598,8.31571,17.570625,16.77,17.903333,4.636667,4.606667,4.673333,2.766667,2.4,3.066667
43,WARRIOR,8.44164,8.393411,8.473552,17.085625,15.896667,17.993333,4.871667,4.846667,4.9,3.016667,2.0,3.866667
44,CLERIC,8.301073,8.264272,8.355299,18.5,17.398333,19.595,4.865833,4.846667,4.9,2.766667,1.6,3.733333
44,MAGE,8.300215,8.263387,8.354477,18.5,17.398333,19.483333,4.865833,4.846667,4.9,2.766667,1.6,3.733333
44,PALADIN,8.29702,8.267805,8.345406,17.373125,16.768333,18.035,4.87,4.846667,4.9,7.866667,6.266667,9.2
44,RANGER,8.300245,8.26604,8.340433,17.574167,17.105,18.315,4.655833,4.58,4.706667,2.833333,1.6,3.733333
44,ROGUE,8.295784,8.273082,8.326663,17.60125,16.796667,17.935,4.626667,4.6,4.666667,2.833333,2.4,3.066667
44,WARRIOR,8.458429,8.408555,8.490299,17.366458,15.93,18.028333,4.87,4.846667,4.9,3.066667,2.0,3.866667
45,CLERIC,8.310113,8.270446,8.365939,18.819167,17.563333,19.666667,4.865,4.846667,4.9,2.816667,1.6,3.733333
45,MAGE,8.309262,8.269566,8.365123,18.819167,17.463333,19.56,4.865,4.846667,4.9,2.816667,1.6,3.733333
45,PALADIN,8.305733,8.276586,8.35612,17.654792,16.846667,19.075,4.8675,4.84,4.9,8.016667,6.533333,9.2
45,RANGER,8.309524,8.27352,8.349537,17.750208,17.183333,18.37,4.65,4.573333,4.706667,2.9,1.6,3.866667
45,ROGUE,8.304773,8.280078,8.336275,17.757708,16.89,17.968333,4.616667,4.593333,4.66,2.85,2.4,3.066667
45,WARRIOR,8.475589,8.42356,8.508407,17.898125,16.961667,19.068333,4.8675,4.84,4.9,3.116667,2.133333,3.866667
46,CLERIC,8.318935,8.27746,8.376502,19.266042,18.533333,19.741667,4.863333,4.84,4.9,2.833333,1.6,3.733333
46,MAGE,8.31809,8.276586,8.375692,19.016042,17.533333,19.676667,4.863333,4.84,4.9,2.833333,1.6,3.733333
46,PALADIN,8.313795,8.282691,8.366754,17.814167,16.886667,19.116667,4.865,4.84,4.9,8.183333,6.533333,9.466667
46,RANGER,8.318463,8.28095,8.35981,18.302917,17.228333,19.426667,4.6425,4.56,4.706667,2.9,1.6,3.866667
46,ROGUE,8.313749,8.287898,8.346647,18.412708,16.923333,19.005,4.606667,4.573333,4.653333,2.883333,2.4,3.066667
46,WARRIOR,8.492263,8.438822,8.526355,17.9325,17.0,19.11,4.865,4.84,4.9,3.15,2.133333,3.866667
47,CLERIC,8.332191,8.289628,8.391007,19.501042,18.636667,19.858333,4.861667,4.833333,4.9,2.9,1.733333,3.866667
47,MAGE,8.331354,8.288763,8.390205,19.251042,17.636667,19.858333,4.861667,4.833333,4.9,2.9,1.733333,3.866667
47,PALADIN,8.32665,8.294804,8.380545,18.613542,17.865,20.178333,4.863333,4.84,4.893333,8.333333,6.666667,9.466667
47,RANGER,8.331624,8.291356,8.37326,18.384167,17.305,19.515,4.630833,4.56,4.693333,2.95,1.733333,3.866667
47,ROGUE,8.327325,8.298671,8.362673,18.706667,17.896667,19.045,4.594167,4.566667,4.633333,3.0,2.4,3.333333
47,WARRIOR,8.518072,8.463587,8.552628,18.356875,17.055,19.171667,4.863333,4.84,4.893333,3.166667,2.133333,3.866667
48,CLERIC,8.341396,8.298242,8.401001,19.82625,18.71,20.938333,4.86,4.833333,4.9,2.916667,1.733333,3.866667
48,MAGE,8.340565,8.297383,8.400204,19.57625,18.71,20.818333,4.86,4.833333,4.9,2.916667,1.733333,3.866667
48,PALADIN,8.335108,8.302098,8.391007,18.646875,17.896667,20.213333,4.86,4.84,4.893333,8.516667,6.8,9.6
48,RANGER,8.340784,8.299529,8.382563,18.815,18.335,19.575,4.6225,4.553333,4.686667,2.983333,1.733333,3.866667
48,ROGUE,8.335883,8.305088,8.372448,18.739167,17.925,19.081667,4.5875,4.56,4.626667,3.016667,2.4,3.333333
48,WARRIOR,8.535197,8.479659,8.570213,18.765208,17.89,20.206667,4.86,4.84,4.893333,3.2,2.133333,4.0
49,CLERIC,8.354851,8.309773,8.414494,20.192292,18.93,21.058333,4.8575,4.833333,4.9,2.95,1.866667,3.866667
49,MAGE,8.354028,8.308923,8.413704,20.192292,18.815,20.991667,4.8575,4.833333,4.9,2.95,1.866667,3.866667
49,PALADIN,8.347809,8.31444,8.404584,18.823958,17.943333,20.275,4.853333,4.826667,4.886667,8.833333,6.933333,10.133333
49,RANGER,8.35445,8.310623,8.396612,19.275,18.438333,20.515,4.611667,4.54,4.68,3.033333,1.866667,3.866667
49,ROGUE,8.349288,8.316133,8.388197,19.1625,18.051667,20.055,4.576667,4.54,4.62,3.066667,2.533333,3.466667
49,WARRIOR,8.561314,8.503896,8.598865,19.067292,18.146667,20.268333,4.853333,4.826667,4.886667,3.283333,2.133333,4.266667
50,CLERIC,8.364414,8.318668,8.424346,20.769792,19.89,21.141667,4.854167,4.826667,4.893333,3.033333,2.0,3.866667
50,MAGE,8.363596,8.317824,8.42356,20.394792,18.89,21.073333,4.854167,4.826667,4.893333,3.033333,2.0,3.866667
50,PALADIN,8.356251,8.322461,8.412913,19.233542,18.048333,20.313333,4.850833,4.826667,4.88,9.016667,7.066667,10.4
50,RANGER,8.363923,8.319512,8.404584,19.582708,18.491667,20.73,4.6025,4.533333,4.66,3.083333,2.0,4.0
50,ROGUE,8.358328,8.323723,8.398608,19.444792,18.085,20.138333,4.57,4.526667,4.606667,3.116667,2.533333,3.6
50,WARRIOR,8.57906,8.521137,8.618254,19.101875,18.183333,20.306667,4.850833,4.826667,4.88,3.3,2.133333,4.266667
51,CLERIC,8.37815,8.329177,8.439212,21.141875,20.006667,22.273333,4.850833,4.82,4.893333,3.1,2.0,3.866667
51,MAGE,8.37734,8.328339,8.438433,20.766875,19.006667,21.273333,4.850833,4.82,4.893333,3.1,2.0,3.866667
51,PALADIN,8.369218,8.334609,8.426309,19.663125,18.105,21.368333,4.843333,4.82,4.873333,9.233333,7.333333,10.666667
51,RANGER,8.377928,8.330014,8.418836,19.9225,18.728333,21.655,4.586667,4.513333,4.653333,3.15,2.0,4.133333
51,ROGUE,8.372443,8.337108,8.414889,19.867083,19.041667,20.225,4.553333,4.513333,4.6,3.166667,2.533333,3.6
51,WARRIOR,8.606341,8.545628,8.648117,19.531458,18.241667,20.361667,4.843333,4.82,4.873333,3.366667,2.133333,4.266667
52,CLERIC,8.387211,8.335859,8.447761,21.349792,20.205,22.363333,4.846667,4.806667,4.893333,3.15,2.133333,3.866667
52,MAGE,8.386405,8.335025,8.446986,21.099792,20.081667,22.191667,4.846667,4.806667,4.893333,3.15,2.133333,3.866667
52,PALADIN,8.377981,8.342508,8.437263,19.823958,19.068333,21.406667,4.8425,4.813333,4.873333,9.416667,7.333333,10.666667
52,RANGER,8.387193,8.336692,8.427878,20.483542,19.63,21.901667,4.576667,4.506667,4.64,3.2,2.133333,4.266667
52,ROGUE,8.381642,8.344993,8.425917,20.149375,19.166667,21.16,4.5425,4.493333,4.586667,3.183333,2.533333,3.6
52,WARRIOR,8.624686,8.562902,8.668185,19.942292,19.061667,21.4,4.8425,4.813333,4.873333,3.4,2.266667,4.266667
53,CLERIC,8.400909,8.348299,8.460509,21.851042,21.203333,22.496667,4.844167,4.8,4.886667,3.216667,2.133333,4.0
53,MAGE,8.400111,8.347473,8.459739,21.476042,20.203333,22.333333,4.844167,4.8,4.886667,3.216667,2.133333,4.0
53,PALADIN,8.391207,8.353655,8.45086,20.00125,19.19,21.46,4.840833,4.813333,4.873333,9.633333,7.733333,11.066667
53,RANGER,8.40114,8.349124,8.444657,20.7,19.718333,22.003333,4.563333,4.48,4.626667,3.266667,2.133333,4.266667
53,ROGUE,8.39494,8.357351,8.442326,20.574583,20.07,21.28,4.5275,4.466667,4.586667,3.266667,2.533333,3.866667
53,WARRIOR,8.652477,8.587301,8.699571,20.119583,19.196667,21.453333,4.840833,4.813333,4.873333,3.433333,2.4,4.266667
54,CLERIC,8.41,8.356941,8.469342,22.063333,21.285,22.588333,4.840833,4.793333,4.88,3.25,2.133333,4.133333
54,MAGE,8.409206,8.35612,8.468576,21.938333,20.285,22.588333,4.840833,4.793333,4.88,3.25,2.133333,4.133333
54,PALADIN,8.400154,8.362265,8.459354,20.41375,19.246667,21.5,4.839167,4.813333,4.873333,9.75,8.133333,11.066667
54,RANGER,8.41038,8.358991,8.455498,20.88875,19.78,22.071667,4.551667,4.473333,4.613333,3.3,2.133333,4.266667
54,ROGUE,8.40386,8.364715,8.452794,20.732292,20.143333,21.32,4.52,4.46,4.573333,3.333333,2.533333,3.866667
54,WARRIOR,8.671322,8.604626,8.720988,20.407083,19.363333,21.493333,4.839167,4.813333,4.873333,3.45,2.4,4.266667
55,CLERIC,8.424192,8.369604,8.484986,22.446875,21.56,22.731667,4.836667,4.78,4.88,3.3,2.266667,4.133333
55,MAGE,8.423405,8.36879,8.484226,22.196875,21.408333,22.731667,4.836667,4.78,4.88,3.3,2.266667,4.133333
55,PALADIN,8.413645,8.374071,8.473935,20.842708,20.193333,21.565,4.8375,4.806667,4.873333,10.0,8.4,11.466667
55,RANGER,8.424137,8.373665,8.473552,21.236458,20.061667,22.18,4.54,4.46,4.613333,3.35,2.266667,4.4
55,ROGUE,8.417563,8.376097,8.468959,21.158958,20.31,21.39,4.503333,4.44,4.566667,3.383333,2.533333,3.866667
55,WARRIOR,8.699846,8.630739,8.751458,20.836042,20.186667,21.558333,4.8375,4.806667,4.873333,3.516667,2.4,4.4
56,CLERIC,8.433919,8.376907,8.495598,22.536667,21.648333,22.828333,4.835,4.78,4.88,3.4,2.266667,4.133333
56,MAGE,8.433137,8.376097,8.494842,22.411667,21.496667,22.828333,4.835,4.78,4.88,3.4,2.266667,4.133333
56,PALADIN,8.422609,8.380949,8.483846,20.879375,20.223333,21.605,4.835,4.806667,4.866667,10.15,8.4,11.6
56,RANGER,8.433729,8.382563,8.485746,21.551042,20.933333,22.253333,4.530833,4.453333,4.6,3.433333,2.266667,4.4
56,ROGUE,8.427148,8.384175,8.479278,21.192708,20.341667,21.425,4.493333,4.44,4.553333,3.416667,2.666667,3.866667
56,WARRIOR,8.719015,8.64741,8.771149,21.122708,20.328333,21.598333,4.835,4.806667,4.866667,3.533333,2.533333,4.4
57,CLERIC,8.448264,8.390606,8.509909,22.797917,22.626667,22.978333,4.830833,4.78,4.88,3.5,2.266667,4.266667
57,MAGE,8.447488,8.389804,8.509158,22.797917,22.626667,22.978333,4.830833,4.78,4.88,3.5,2.266667,4.266667
57,PALADIN,8.436218,8.393011,8.497487,21.061667,20.271667,21.663333,4.830833,4.806667,4.866667,10.4,8.933333,11.733333
57,RANGER,8.447981,8.396612,8.502766,21.772708,21.026667,22.363333,4.515,4.44,4.586667,3.516667,2.266667,4.4
57,ROGUE,8.441155,8.397411,8.495976,21.371042,21.231667,21.483333,4.479167,4.42,4.54,3.483333,2.666667,3.866667
57,WARRIOR,8.748172,8.673792,8.802129,21.305,20.511667,21.656667,4.830833,4.806667,4.866667,3.583333,2.666667,4.4
58,CLERIC,8.462393,8.403391,8.524866,22.93875,22.761667,23.125,4.8275,4.78,4.873333,3.55,2.266667,4.4
58,MAGE,8.461623,8.402594,8.52412,22.93875,22.761667,23.125,4.8275,4.78,4.873333,3.55,2.266667,4.4
58,PALADIN,8.450155,8.404981,8.511034,21.495417,21.32,21.736667,4.8275,4.806667,4.853333,10.633333,9.2,12.133333
58,RANGER,8.462115,8.408952,8.518148,22.125417,21.335,22.475,4.5,4.426667,4.566667,3.583333,2.266667,4.533333
58,ROGUE,8.455153,8.411329,8.511784,21.425,21.28,21.541667,4.4675,4.406667,4.533333,3.533333,2.666667,4.0
58,WARRIOR,8.777895,8.700958,8.833476,21.48875,21.313333,21.73,4.8275,4.806667,4.853333,3.6,2.666667,4.533333
59,CLERIC,8.471926,8.411329,8.536013,23.035,22.856667,23.228333,4.8225,4.78,4.873333,3.566667,2.266667,4.4
59,MAGE,8.47116,8.410537,8.535272,23.035,22.856667,23.228333,4.8225,4.78,4.873333,3.566667,2.266667,4.4
59,PALADIN,8.458984,8.412517,8.52039,21.535625,21.355,21.78,4.825833,4.806667,4.853333,10.9,9.333333,12.533333
59,RANGER,8.471561,8.418442,8.528588,22.319375,22.1,22.551667,4.49,4.42,4.546667,3.616667,2.266667,4.666667
59,ROGUE,8.464333,8.418442,8.523748,21.4625,21.318333,21.583333,4.459167,4.393333,4.526667,3.566667,2.666667,4.0
59,WARRIOR,8.79758,8.718578,8.85432,21.528958,21.348333,21.773333,4.825833,4.806667,4.853333,3.683333,2.666667,4.666667
60,CLERIC,8.486142,8.423167,8.552995,23.180208,22.993333,23.383333,4.819167,4.773333,4.86,3.65,2.266667,4.666667
60,MAGE,8.485381,8.42238,8.55226,23.180208,22.993333,23.383333,4.819167,4.773333,4.86,3.65,2.266667,4.666667
60,PALADIN,8.472831,8.423953,8.535643,21.595417,21.405,21.851667,4.8225,4.806667,4.846667,11.15,9.6,12.8
60,RANGER,8.485703,8.430621,8.545628,22.422708,22.193333,22.665,4.473333,4.393333,4.526667,3.7,2.266667,4.8
60,ROGUE,8.478346,8.431795,8.539346,21.515625,21.373333,21.638333,4.445833,4.393333,4.513333,3.65,2.666667,4.133333
60,WARRIOR,8.827954,8.745321,8.885842,21.58875,21.398333,21.845,4.8225,4.806667,4.846667,3.766667,2.8,4.666667
61,CLERIC,8.501026,8.437653,8.569118,23.328125,23.138333,23.538333,4.815,4.766667,4.86,3.716667,2.266667,4.8
61,MAGE,8.500272,8.436873,8.568387,23.328125,23.138333,23.538333,4.815,4.766667,4.86,3.716667,2.266667,4.8
61,PALADIN,8.486448,8.436873,8.548946,21.654167,21.455,21.913333,4.82,4.8,4.84,11.383333,9.866667,12.933333
61,RANGER,8.500352,8.443103,8.562902,22.527292,22.288333,22.776667,4.458333,4.373333,4.506667,3.75,2.266667,4.933333
61,ROGUE,8.492439,8.444269,8.555935,21.569583,21.423333,21.7,4.433333,4.38,4.493333,3.666667,2.666667,4.133333
61,WARRIOR,8.85843,8.774193,8.91741,21.6475,21.448333,21.906667,4.82,4.8,4.84,3.8,2.933333,4.666667
62,CLERIC,8.515896,8.451634,8.585489,23.480208,23.283333,23.701667,4.81,4.753333,4.86,3.75,2.266667,4.8
62,MAGE,8.515146,8.45086,8.584764,23.480208,23.283333,23.701667,4.81,4.753333,4.86,3.75,2.266667,4.8
62,PALADIN,8.500058,8.448924,8.563268,21.71875,21.508333,21.985,4.811667,4.786667,4.833333,11.566667,10.0,13.2
62,RANGER,8.514856,8.457427,8.580408,22.637292,22.393333,22.896667,4.444167,4.353333,4.506667,3.8,2.266667,4.933333
62,ROGUE,8.50671,8.455112,8.572766,21.625625,21.478333,21.755,4.4225,4.366667,4.48,3.716667,2.666667,4.266667
62,WARRIOR,8.889044,8.802464,8.949351,21.712083,21.501667,21.978333,4.811667,4.786667,4.833333,3.8,2.933333,4.666667
63,CLERIC,8.525877,8.460894,8.59634,23.584792,23.381667,23.81,4.808333,4.753333,4.853333,3.783333,2.4,4.8
63,MAGE,8.525131,8.460124,8.595618,23.584792,23.381667,23.81,4.808333,4.753333,4.853333,3.783333,2.4,4.8
63,PALADIN,8.509123,8.457427,8.57313,21.762917,21.545,22.038333,4.810833,4.78,4.833333,11.7,10.266667,13.333333
63,RANGER,8.524752,8.467042,8.591644,22.710625,22.461667,22.975,4.4375,4.346667,4.5,3.833333,2.4,4.933333
63,ROGUE,8.516261,8.462818,8.584764,21.66375,21.515,21.796667,4.413333,4.36,4.48,3.766667,2.666667,4.266667
63,WARRIOR,8.90943,8.821839,8.971774,21.75625,21.538333,22.031667,4.810833,4.78,4.833333,3.816667,3.066667,4.666667
64,CLERIC,8.540943,8.475845,8.611449,23.743125,23.536667,23.975,4.805833,4.753333,4.846667,3.85,2.4,4.8
64,MAGE,8.540202,8.475081,8.610732,23.743125,23.536667,23.975,4.805833,4.753333,4.846667,3.85,2.4,4.8
64,PALADIN,8.5232,8.47164,8.586577,21.82625,21.601667,22.108333,4.8075,4.78,4.826667,11.933333,10.666667,13.733333
64,RANGER,8.539818,8.480421,8.610014,22.821667,22.561667,23.091667,4.4225,4.34,4.48,3.9,2.4,5.066667
64,ROGUE,8.530696,8.474699,8.601747,21.723542,21.571667,21.853333,4.399167,4.353333,4.46,3.85,2.666667,4.4
64,WARRIOR,8.940908,8.852671,9.005169,21.819583,21.595,22.101667,4.8075,4.78,4.826667,3.866667,3.066667,4.933333
65,CLERIC,8.555679,8.489541,8.627178,23.904375,23.695,24.153333,4.801667,4.746667,4.84,3.916667,2.4,4.933333
65,MAGE,8.554943,8.488783,8.626466,23.904375,23.695,24.153333,4.801667,4.746667,4.84,3.916667,2.4,4.933333
65,PALADIN,8.537265,8.483846,8.599586,21.891042,21.653333,22.183333,4.803333,4.78,4.826667,12.233333,11.066667,13.866667
65,RANGER,8.554473,8.495598,8.626822,22.935625,22.665,23.221667,4.408333,4.326667,4.46,3.983333,2.4,5.2
65,ROGUE,8.545074,8.486126,8.619326,21.781875,21.63,21.911667,4.386667,4.34,4.46,3.883333,2.666667,4.4
65,WARRIOR,8.972717,8.882572,9.040487,21.884375,21.646667,22.176667,4.803333,4.78,4.826667,3.933333,3.066667,4.933333
66,CLERIC,8.570693,8.503896,8.642455,24.067083,23.855,24.335,4.8,4.746667,4.84,3.983333,2.4,5.2
66,MAGE,8.569962,8.503143,8.641747,24.067083,23.855,24.335,4.8,4.746667,4.84,3.983333,2.4,5.2
66,PALADIN,8.551105,8.496731,8.613242,21.955833,21.701667,22.256667,4.799167,4.773333,4.82,12.466667,11.2,14.133333
66,RANGER,8.569171,8.511034,8.642455,23.05,22.765,23.35,4.393333,4.306667,4.446667,4.083333,2.4,5.2
66,ROGUE,8.560134,8.498619,8.638201,21.840625,21.688333,21.975,4.373333,4.32,4.446667,3.95,2.933333,4.533333
66,WARRIOR,9.004669,8.91352,9.073328,21.949167,21.695,22.25,4.799167,4.773333,4.82,3.983333,3.066667,4.933333
67,CLERIC,8.585197,8.518148,8.658346,24.236042,24.02,24.516667,4.796667,4.746667,4.84,4.066667,2.4,5.466667
67,MAGE,8.584471,8.517401,8.657642,24.236042,24.02,24.516667,4.796667,4.746667,4.84,4.066667,2.4,5.466667
67,PALADIN,8.564905,8.509158,8.626466,22.021042,21.758333,22.333333,4.7975,4.766667,4.82,12.833333,11.733333,14.266667
67,RANGER,8.583728,8.526355,8.65905,23.168542,22.875,23.478333,4.38,4.306667,4.433333,4.166667,2.4,5.466667
67,ROGUE,8.574592,8.509909,8.655528,21.899792,21.746667,22.043333,4.361667,4.306667,4.433333,4.05,3.2,4.666667
67,WARRIOR,9.036764,8.944529,9.107465,22.014375,21.751667,22.326667,4.7975,4.766667,4.82,4.133333,3.066667,4.933333
68,CLERIC,8.59502,8.528216,8.668536,24.3525,24.14,24.64,4.7925,4.746667,4.833333,4.1,2.4,5.466667
68,MAGE,8.594297,8.527472,8.667835,24.3525,24.14,24.64,4.7925,4.746667,4.833333,4.1,2.4,5.466667
68,PALADIN,8.574299,8.517775,8.635716,22.067083,21.795,22.386667,4.794167,4.766667,4.813333,13.033333,11.733333,14.533333
68,RANGER,8.593416,8.537495,8.669237,23.250625,22.95,23.565,4.370833,4.306667,4.42,4.183333,2.4,5.466667
68,ROGUE,8.584261,8.517775,8.666431,21.941667,21.785,22.086667,4.351667,4.3,4.426667,4.1,3.333333,4.8
68,WARRIOR,9.058505,8.965701,9.130282,22.060417,21.788333,22.38,4.794167,4.766667,4.813333,4.15,3.066667,4.933333
69,CLERIC,8.609874,8.543044,8.684621,24.526042,24.316667,24.823333,4.788333,4.733333,4.833333,4.133333,2.4,5.6
69,MAGE,8.609156,8.542305,8.683923,24.526042,24.316667,24.823333,4.788333,4.733333,4.833333,4.133333,2.4,5.6
69,PALADIN,8.588817,8.53119,8.648823,22.135417,21.855,22.463333,4.791667,4.766667,4.806667,13.25,12.133333,14.666667
69,RANGER,8.607964,8.553363,8.685318,23.371458,23.06,23.693333,4.355,4.28,4.406667,4.216667,2.4,5.6
69,ROGUE,8.599159,8.529332,8.683574,22.003333,21.843333,22.15,4.335833,4.293333,4.4,4.15,3.333333,4.933333
69,WARRIOR,9.092007,8.998195,9.166736,22.12875,21.848333,22.456667,4.791667,4.766667,4.806667,4.216667,3.2,4.933333
70,CLERIC,8.625076,8.558138,8.700264,24.7025,24.495,25.01,4.783333,4.726667,4.826667,4.183333,2.4,5.733333
70,MAGE,8.624362,8.557404,8.699571,24.7025,24.495,25.01,4.783333,4.726667,4.826667,4.183333,2.4,5.733333
70,PALADIN,8.602826,8.543413,8.662919,22.20375,21.918333,22.541667,4.789167,4.766667,4.806667,13.5,12.533333,14.933333
70,RANGER,8.622824,8.568022,8.700958,23.49375,23.176667,23.825,4.34,4.26,4.393333,4.283333,2.4,5.733333
70,ROGUE,8.613656,8.541566,8.699918,22.065833,21.896667,22.216667,4.32,4.273333,4.393333,4.233333,3.333333,5.2
70,WARRIOR,9.125172,9.029483,9.204421,22.197083,21.911667,22.535,4.789167,4.766667,4.806667,4.283333,3.333333,5.066667
71,CLERIC,8.640279,8.573495,8.716856,24.883333,24.676667,25.208333,4.776667,4.726667,4.82,4.216667,2.4,5.733333
71,MAGE,8.639569,8.572766,8.716166,24.883333,24.676667,25.208333,4.776667,4.726667,4.82,4.216667,2.4,5.733333
71,PALADIN,8.617346,8.555935,8.675891,22.273333,21.971667,22.616667,4.786667,4.766667,4.806667,13.766667,12.8,15.066667
71,RANGER,8.637724,8.583313,8.717545,23.62,23.288333,23.963333,4.323333,4.26,4.373333,4.3,2.4,5.733333
71,ROGUE,8.628691,8.555201,8.717545,22.128958,21.956667,22.283333,4.301667,4.253333,4.38,4.266667,3.333333,5.2
71,WARRIOR,9.158937,9.061784,9.241213,22.266667,21.965,22.61,4.786667,4.766667,4.806667,4.35,3.333333,5.066667
72,CLERIC,8.655883,8.590198,8.732666,25.066667,24.86,25.401667,4.769167,4.713333,4.82,4.283333,2.533333,5.733333
72,MAGE,8.655177,8.589474,8.73198,25.066667,24.86,25.401667,4.769167,4.713333,4.82,4.283333,2.533333,5.733333
72,PALADIN,8.631873,8.570213,8.690193,22.343958,22.035,22.695,4.783333,4.76,4.8,14.066667,12.933333,15.466667
72,RANGER,8.652942,8.599226,8.733351,23.7475,23.406667,24.096667,4.308333,4.226667,4.36,4.333333,2.533333,5.733333
72,ROGUE,8.643549,8.567657,8.734036,22.194167,22.018333,22.351667,4.288333,4.233333,4.366667,4.316667,3.333333,5.2
72,WARRIOR,9.192998,9.096012,9.278032,22.337292,22.028333,22.688333,4.783333,4.76,4.8,4.45,3.6,5.2
73,CLERIC,8.670902,8.604266,8.748732,25.252292,25.04,25.595,4.768333,4.713333,4.813333,4.383333,2.666667,5.733333
73,MAGE,8.670201,8.603547,8.74805,25.252292,25.04,25.595,4.768333,4.713333,4.813333,4.383333,2.666667,5.733333
73,PALADIN,8.64667,8.584764,8.703383,22.411875,22.095,22.773333,4.78,4.753333,4.793333,14.283333,13.2,15.866667
73,RANGER,8.667943,8.614317,8.749414,23.876042,23.528333,24.23,4.301667,4.213333,4.346667,4.416667,2.666667,5.733333
73,ROGUE,8.658451,8.580408,8.751117,22.259167,22.076667,22.421667,4.278333,4.213333,4.36,4.333333,3.333333,5.2
73,WARRIOR,9.227336,9.129667,9.314884,22.405208,22.088333,22.766667,4.78,4.753333,4.793333,4.533333,3.6,5.333333
74,CLERIC,8.685981,8.620399,8.763695,25.442083,25.231667,25.79,4.764167,4.706667,4.8,4.433333,2.666667,5.866667
74,MAGE,8.685283,8.619684,8.763016,25.442083,25.231667,25.79,4.764167,4.706667,4.8,4.433333,2.666667,5.866667
74,PALADIN,8.661462,8.598144,8.716856,22.482708,22.156667,22.855,4.776667,4.746667,4.793333,14.6,13.6,16.133333
74,RANGER,8.682907,8.629316,8.764373,24.007917,23.65,24.366667,4.289167,4.2,4.326667,4.45,2.666667,5.866667
74,ROGUE,8.67313,8.592367,8.769795,22.327292,22.141667,22.496667,4.265833,4.186667,4.346667,4.416667,3.466667,5.2
74,WARRIOR,9.261958,9.162768,9.353538,22.476042,22.15,22.848333,4.776667,4.746667,4.793333,4.6,3.733333,5.333333
75,CLERIC,8.701752,8.636427,8.78061,25.631667,25.425,25.986667,4.76,4.7,4.8,4.533333,2.666667,6.0
75,MAGE,8.701059,8.635716,8.779935,25.631667,25.425,25.986667,4.76,4.7,4.8,4.533333,2.666667,6.0
75,PALADIN,8.676262,8.612166,8.731294,22.55375,22.216667,22.933333,4.774167,4.746667,4.786667,14.8,14.0,16.133333
75,RANGER,8.698822,8.644934,8.781285,24.139583,23.77,24.501667,4.276667,4.186667,4.32,4.516667,2.666667,6.0
75,ROGUE,8.688438,8.607142,8.788024,22.392917,22.201667,22.556667,4.250833,4.186667,4.34,4.466667,3.466667,5.2
75,WARRIOR,9.29698,9.197454,9.391918,22.547083,22.21,22.926667,4.774167,4.746667,4.786667,4.666667,3.866667,5.333333
76,CLERIC,8.717645,8.652001,8.797098,25.82625,25.626667,26.191667,4.76,4.7,4.8,4.616667,2.666667,6.266667
76,MAGE,8.716955,8.651296,8.796427,25.82625,25.626667,26.191667,4.76,4.7,4.8,4.616667,2.666667,6.266667
76,PALADIN,8.691514,8.626822,8.746345,22.625208,22.281667,23.011667,4.77,4.74,4.786667,15.033333,14.133333,16.4
76,RANGER,8.714866,8.660809,8.797769,24.275,23.893333,24.645,4.264167,4.173333,4.313333,4.566667,2.666667,6.266667
76,ROGUE,8.703353,8.620399,8.806147,22.46,22.265,22.62,4.236667,4.173333,4.32,4.566667,3.6,5.333333
76,WARRIOR,9.332507,9.232492,9.429165,22.618542,22.275,23.005,4.77,4.74,4.786667,4.75,4.0,5.333333
77,CLERIC,8.733838,8.668185,8.814169,26.025208,25.825,26.405,4.7575,4.693333,4.8,4.716667,2.933333,6.266667
77,MAGE,8.733153,8.667484,8.813502,26.025208,25.825,26.405,4.7575,4.693333,4.8,4.716667,2.933333,6.266667
77,PALADIN,8.706723,8.640329,8.762338,22.696875,22.341667,23.093333,4.7675,4.726667,4.786667,15.3,14.133333,16.666667
77,RANGER,8.731162,8.67694,8.814837,24.412083,24.02,24.793333,4.250833,4.146667,4.293333,4.666667,2.933333,6.266667
77,ROGUE,8.718613,8.633229,8.824835,22.528333,22.326667,22.691667,4.223333,4.153333,4.32,4.683333,3.733333,5.466667
77,WARRIOR,9.368127,9.266087,9.467035,22.690208,22.335,23.086667,4.7675,4.726667,4.786667,4.816667,4.133333,5.466667
78,CLERIC,8.750197,8.684272,8.831484,26.227292,26.023333,26.62,4.754167,4.693333,4.793333,4.8,3.066667,6.4
78,MAGE,8.749515,8.683574,8.830819,26.227292,26.023333,26.62,4.754167,4.693333,4.793333,4.8,3.066667,6.4
78,PALADIN,8.721244,8.65306,8.780273,22.773958,22.406667,23.18,4.765,4.726667,4.786667,15.633333,14.4,17.2
78,RANGER,8.747664,8.692627,8.832148,24.550833,24.151667,24.941667,4.235833,4.14,4.28,4.8,3.066667,6.4
78,ROGUE,8.73397,8.645995,8.842425,22.596042,22.393333,22.766667,4.210833,4.133333,4.3,4.7,3.733333,5.466667
78,WARRIOR,9.403627,9.299759,9.504663,22.767292,22.4,23.173333,4.765,4.726667,4.786667,4.9,4.133333,5.466667
79,CLERIC,8.766675,8.699918,8.849039,26.433125,26.226667,26.836667,4.750833,4.686667,4.793333,4.9,3.2,6.4
79,MAGE,8.765996,8.699224,8.848378,26.433125,26.226667,26.836667,4.750833,4.686667,4.793333,4.9,3.2,6.4
79,PALADIN,8.736291,8.667835,8.797769,22.849375,22.473333,23.263333,4.7625,4.713333,4.786667,15.9,14.8,17.333333
79,RANGER,8.763989,8.707881,8.849699,24.691458,24.288333,25.088333,4.2225,4.12,4.273333,4.883333,3.2,6.4
79,ROGUE,8.749597,8.660106,8.859594,22.663958,22.458333,22.84,4.195833,4.126667,4.286667,4.8,3.866667,5.466667
79,WARRIOR,9.439911,9.331442,9.544902,22.842708,22.466667,23.256667,4.7625,4.713333,4.786667,5.0,4.266667,5.466667
80,CLERIC,8.783284,8.717545,8.866832,26.639583,26.433333,27.051667,4.7475,4.686667,4.793333,4.95,3.2,6.533333
80,MAGE,8.782609,8.716856,8.866175,26.639583,26.433333,27.051667,4.7475,4.686667,4.793333,4.95,3.2,6.533333
80,PALADIN,8.75169,8.682179,8.817506,22.925,22.538333,23.351667,4.759167,4.713333,4.78,16.166667,14.8,17.6
80,RANGER,8.780399,8.724084,8.867489,24.833333,24.425,25.231667,4.2075,4.12,4.26,4.966667,3.2,6.533333
80,ROGUE,8.76527,8.674841,8.877006,22.733542,22.525,22.916667,4.181667,4.113333,4.266667,4.9,3.866667,5.6
80,WARRIOR,9.47658,9.364405,9.584032,22.918333,22.531667,23.345,4.759167,4.713333,4.78,5.066667,4.266667,5.6
81,CLERIC,8.800011,8.734036,8.885188,26.850208,26.63,27.271667,4.746667,4.686667,4.793333,5.016667,3.2,6.666667
81,MAGE,8.79934,8.733351,8.884535,26.850208,26.63,27.271667,4.746667,4.686667,4.793333,5.016667,3.2,6.666667
81,PALADIN,8.767178,8.697143,8.835466,23.000208,22.61,23.438333,4.755,4.713333,4.78,16.45,15.2,18.0
81,RANGER,8.797267,8.740539,8.885842,24.976875,24.566667,25.381667,4.194167,4.106667,4.24,5.016667,3.2,6.666667
81,ROGUE,8.781155,8.689845,8.894983,22.804375,22.586667,22.995,4.1675,4.093333,4.26,4.966667,4.0,5.733333
81,WARRIOR,9.513598,9.396879,9.622922,22.993542,22.603333,23.431667,4.755,4.713333,4.78,5.15,4.266667,5.866667
82,CLERIC,8.816619,8.750777,8.901824,27.067708,26.835,27.496667,4.741667,4.68,4.786667,5.066667,3.466667,6.666667
82,MAGE,8.815952,8.750095,8.901173,27.067708,26.835,27.496667,4.741667,4.68,4.786667,5.066667,3.466667,6.666667
82,PALADIN,8.782754,8.711336,8.853331,23.076042,22.675,23.526667,4.7525,4.706667,4.78,16.766667,15.466667,18.4
82,RANGER,8.813843,8.757923,8.902474,25.12625,24.706667,25.533333,4.18,4.086667,4.233333,5.066667,3.466667,6.666667
82,ROGUE,8.796662,8.703729,8.912871,22.875208,22.65,23.075,4.156667,4.086667,4.253333,5.016667,4.0,5.733333
82,WARRIOR,9.550959,9.430035,9.66214,23.069375,22.668333,23.52,4.7525,4.706667,4.78,5.233333,4.266667,6.0
83,CLERIC,8.833178,8.767085,8.919354,27.29,27.05,27.726667,4.7375,4.673333,4.786667,5.116667,3.466667,6.666667
83,MAGE,8.832514,8.766408,8.918706,27.29,27.05,27.726667,4.7375,4.673333,4.786667,5.116667,3.466667,6.666667
83,PALADIN,8.798215,8.725115,8.872087,23.153542,22.738333,23.618333,4.75,4.7,4.78,17.016667,15.6,18.666667
83,RANGER,8.83054,8.775545,8.920002,25.277083,24.853333,25.688333,4.165833,4.08,4.226667,5.1,3.466667,6.666667
83,ROGUE,8.812382,8.718234,8.932286,22.947708,22.711667,23.16,4.136667,4.073333,4.233333,5.1,4.266667,5.733333
83,WARRIOR,9.58852,9.463576,9.701127,23.146875,22.731667,23.611667,4.75,4.7,4.78,5.3,4.266667,6.133333
84,CLERIC,8.849825,8.783982,8.937123,27.512708,27.263333,27.963333,4.735833,4.673333,4.786667,5.166667,3.466667,6.8
84,MAGE,8.849164,8.783308,8.936479,27.512708,27.263333,27.963333,4.735833,4.673333,4.786667,5.166667,3.466667,6.8
84,PALADIN,8.813735,8.739513,8.890089,23.234583,22.815,23.71,4.745833,4.693333,4.773333,17.25,16.0,18.933333
84,RANGER,8.847527,8.79374,8.937768,25.426875,24.995,25.85,4.153333,4.073333,4.213333,5.166667,3.466667,6.8
84,ROGUE,8.827907,8.734379,8.9516,23.021875,22.778333,23.248333,4.125833,4.066667,4.233333,5.183333,4.4,5.733333
84,WARRIOR,9.626428,9.498074,9.739892,23.227917,22.808333,23.703333,4.745833,4.693333,4.773333,5.4,4.266667,6.4
85,CLERIC,8.866184,8.800117,8.952884,27.73875,27.48,28.195,4.735,4.666667,4.786667,5.233333,3.6,6.933333
85,MAGE,8.865526,8.799447,8.952242,27.73875,27.48,28.195,4.735,4.666667,4.786667,5.233333,3.6,6.933333
85,PALADIN,8.828798,8.754182,8.907676,23.31375,22.883333,23.795,4.743333,4.693333,4.773333,17.616667,16.266667,19.2
85,RANGER,8.864266,8.809827,8.953526,25.579792,25.141667,26.005,4.144167,4.066667,4.193333,5.216667,3.6,6.933333
85,ROGUE,8.843564,8.74805,8.969858,23.095833,22.843333,23.336667,4.114167,4.053333,4.226667,5.3,4.533333,5.866667
85,WARRIOR,9.664181,9.531803,9.78009,23.307083,22.876667,23.788333,4.743333,4.693333,4.773333,5.55,4.4,6.4
86,CLERIC,8.882796,8.817173,8.969538,27.97,27.701667,28.43,4.7325,4.653333,4.786667,5.35,3.6,7.066667
86,MAGE,8.882141,8.816506,8.968899,27.97,27.701667,28.43,4.7325,4.653333,4.786667,5.35,3.6,7.066667
86,PALADIN,8.844246,8.768102,8.925825,23.394375,22.961667,23.883333,4.739167,4.693333,4.773333,17.8,16.4,19.466667
86,RANGER,8.881088,8.826831,8.970177,25.7375,25.3,26.165,4.129167,4.04,4.18,5.35,3.6,7.066667
86,ROGUE,8.859192,8.762677,8.98803,23.171667,22.908333,23.423333,4.099167,4.04,4.22,5.416667,4.666667,6.0
86,WARRIOR,9.702378,9.565915,9.820608,23.387708,22.955,23.876667,4.739167,4.693333,4.773333,5.566667,4.533333,6.4
87,CLERIC,8.899488,8.833808,8.986121,28.201458,27.92,28.675,4.73,4.646667,4.786667,5.4,3.6,7.2
87,MAGE,8.898836,8.833144,8.985485,28.201458,27.92,28.675,4.73,4.646667,4.786667,5.4,3.6,7.2
87,PALADIN,8.859953,8.782296,8.944851,23.47625,23.035,23.978333,4.734167,4.693333,4.766667,18.05,16.533333,19.6
87,RANGER,8.898032,8.843418,8.986757,25.892917,25.451667,26.33,4.119167,4.026667,4.173333,5.383333,3.6,7.2
87,ROGUE,8.874957,8.777572,9.006119,23.247708,22.973333,23.515,4.089167,4.026667,4.206667,5.466667,4.666667,6.0
87,WARRIOR,9.740951,9.600406,9.860631,23.469583,23.028333,23.971667,4.734167,4.693333,4.766667,5.633333,4.533333,6.4
88,CLERIC,8.91639,8.851681,9.003268,28.438542,28.145,28.918333,4.725833,4.64,4.786667,5.466667,3.733333,7.2
88,MAGE,8.915741,8.85102,9.002635,28.438542,28.145,28.918333,4.725833,4.64,4.786667,5.466667,3.733333,7.2
88,PALADIN,8.875748,8.796091,8.965061,23.558333,23.108333,24.068333,4.729167,4.686667,4.766667,18.3,16.8,19.733333
88,RANGER,8.915259,8.859594,9.003902,26.052917,25.598333,26.495,4.103333,4.013333,4.16,5.45,3.733333,7.2
88,ROGUE,8.890926,8.791724,9.025073,23.325,23.04,23.6,4.0725,4.006667,4.186667,5.533333,4.666667,6.266667
88,WARRIOR,9.780031,9.635273,9.90287,23.551667,23.101667,24.061667,4.729167,4.686667,4.766667,5.733333,4.666667,6.4
89,CLERIC,8.933084,8.868146,9.020974,28.68,28.38,29.168333,4.724167,4.64,4.786667,5.516667,3.866667,7.2
89,MAGE,8.932438,8.867489,9.020343,28.68,28.38,29.168333,4.724167,4.64,4.786667,5.516667,3.866667,7.2
89,PALADIN,8.891808,8.811163,8.984211,23.639375,23.181667,24.161667,4.725833,4.686667,4.766667,18.466667,16.8,20.0
89,RANGER,8.932443,8.874711,9.021605,26.213542,25.751667,26.661667,4.090833,4.0,4.153333,5.533333,3.866667,7.2
89,ROGUE,8.906455,8.805478,9.044881,23.405,23.108333,23.688333,4.0625,4.0,4.18,5.583333,4.666667,6.4
89,WARRIOR,9.819384,9.671629,9.944875,23.632708,23.175,24.155,4.725833,4.686667,4.766667,5.816667,4.666667,6.533333
90,CLERIC,8.956129,8.892374,9.044253,29.00375,28.691667,29.505,4.718333,4.633333,4.78,5.6,4.0,7.2
90,MAGE,8.955487,8.891721,9.043626,29.00375,28.691667,29.505,4.718333,4.633333,4.78,5.6,4.0,7.2
90,PALADIN,8.913024,8.830487,9.009917,23.750625,23.283333,24.28,4.721667,4.686667,4.76,18.766667,17.2,20.0
90,RANGER,8.955529,8.896613,9.044881,26.430208,25.956667,26.89,4.0775,4.0,4.133333,5.616667,4.0,7.2
90,ROGUE,8.928143,8.826166,9.071146,23.50875,23.193333,23.811667,4.046667,4.0,4.166667,5.716667,4.8,6.533333
90,WARRIOR,9.871851,9.718875,10.0,23.743958,23.276667,24.273333,4.721667,4.686667,4.76,5.866667,4.666667,6.666667
91,CLERIC,8.973172,8.9093,9.061784,29.251875,28.931667,29.765,4.714167,4.633333,4.766667,5.7,4.133333,7.333333
91,MAGE,8.972533,8.908651,9.06116,29.251875,28.931667,29.765,4.714167,4.633333,4.766667,5.7,4.133333,7.333333
91,PALADIN,8.928919,8.845072,9.028853,23.834375,23.36,24.373333,4.715833,4.686667,4.76,18.983333,17.466667,20.0
91,RANGER,8.972694,8.912871,9.062409,26.597083,26.118333,27.065,4.0625,4.0,4.113333,5.733333,4.133333,7.333333
91,ROGUE,8.94401,8.842425,9.089809,23.59125,23.258333,23.915,4.04,4.0,4.153333,5.75,4.933333,6.533333
91,WARRIOR,9.901951,9.755613,10.0,23.827708,23.353333,24.366667,4.715833,4.686667,4.76,5.916667,4.666667,6.8
92,CLERIC,8.990455,8.927765,9.079554,29.4975,29.171667,30.0,4.711667,4.626667,4.76,5.75,4.133333,7.333333
92,MAGE,8.989819,8.927118,9.078932,29.4975,29.171667,30.0,4.711667,4.626667,4.76,5.75,4.133333,7.333333
92,PALADIN,8.944829,8.860253,9.04833,23.917708,23.435,24.461667,4.713333,4.68,4.76,19.183333,17.733333,20.0
92,RANGER,8.989858,8.929057,9.080177,26.765208,26.275,27.243333,4.05,4.0,4.093333,5.766667,4.133333,7.333333
92,ROGUE,8.960454,8.858276,9.108392,23.672708,23.326667,24.016667,4.034167,4.0,4.146667,5.783333,5.066667,6.533333
92,WARRIOR,9.931604,9.793256,10.0,23.911042,23.428333,24.455,4.713333,4.68,4.76,6.016667,4.8,6.933333
93,CLERIC,9.00782,8.944851,9.097871,29.719167,29.418333,30.0,4.709167,4.62,4.76,5.783333,4.133333,7.333333
93,MAGE,9.007187,8.944208,9.097252,29.719167,29.418333,30.0,4.709167,4.62,4.76,5.783333,4.133333,7.333333
93,PALADIN,8.960641,8.875367,9.066156,24.00625,23.515,24.563333,4.71,4.673333,4.753333,19.366667,18.133333,20.0
93,RANGER,9.007183,8.945494,9.098491,26.934583,26.433333,27.416667,4.040833,4.0,4.08,5.816667,4.133333,7.333333
93,ROGUE,8.9769,8.873071,9.127205,23.755208,23.401667,24.11,4.026667,4.0,4.12,5.883333,5.066667,6.933333
93,WARRIOR,9.955248,9.830157,10.0,23.999583,23.508333,24.556667,4.71,4.673333,4.753333,6.083333,4.8,6.933333
94,CLERIC,9.024955,8.960579,9.115804,29.914375,29.665,30.0,4.706667,4.613333,4.753333,5.85,4.266667,7.466667
94,MAGE,9.024324,8.959939,9.115186,29.914375,29.665,30.0,4.706667,4.613333,4.753333,5.85,4.266667,7.466667
94,PALADIN,8.97694,8.891069,9.083597,24.09375,23.595,24.661667,4.705,4.666667,4.74,19.466667,18.266667,20.0
94,RANGER,9.024397,8.96122,9.116421,27.107917,26.6,27.591667,4.0325,4.0,4.073333,5.85,4.266667,7.466667
94,ROGUE,8.993358,8.887803,9.14686,23.840625,23.473333,24.21,4.020833,4.0,4.1,5.933333,5.2,6.933333
94,WARRIOR,9.97429,9.86823,10.0,24.087083,23.588333,24.655,4.705,4.666667,4.74,6.133333,4.8,6.933333
95,CLERIC,9.042487,8.976881,9.134279,29.989792,29.918333,30.0,4.705833,4.613333,4.753333,5.933333,4.266667,7.733333
95,MAGE,9.041859,8.976243,9.133664,29.989792,29.918333,30.0,4.705833,4.613333,4.753333,5.933333,4.266667,7.733333
95,PALADIN,8.993364,8.906377,9.102516,24.180625,23.673333,24.76,4.7025,4.666667,4.733333,19.616667,18.4,20.0
95,RANGER,9.04185,8.977519,9.134893,27.28125,26.766667,27.77,4.025,4.0,4.06,5.966667,4.266667,7.733333
95,ROGUE,9.009789,8.9028,9.16521,23.923542,23.54,24.308333,4.018333,4.0,4.086667,6.033333,5.333333,7.066667
95,WARRIOR,9.984456,9.905299,10.0,24.173958,23.666667,24.753333,4.7025,4.666667,4.733333,6.2,4.8,6.933333
96,CLERIC,9.065599,8.999147,9.159101,30.0,30.0,30.0,4.700833,4.613333,4.746667,6.0,4.266667,7.733333
96,MAGE,9.064975,8.998513,9.15849,30.0,30.0,30.0,4.700833,4.613333,4.746667,6.0,4.266667,7.733333
96,PALADIN,9.01569,8.928088,9.127821,24.295417,23.775,24.885,4.698333,4.653333,4.726667,19.7,18.8,20.0
96,RANGER,9.064929,8.999781,9.159713,27.518125,26.998333,28.013333,4.015833,4.0,4.04,6.0,4.266667,7.733333
96,ROGUE,9.032637,8.923885,9.191994,24.036042,23.638333,24.443333,4.015833,4.0,4.08,6.133333,5.333333,7.2
96,WARRIOR,9.994418,9.955341,10.0,24.28875,23.768333,24.878333,4.698333,4.653333,4.726667,6.266667,4.8,7.066667
97,CLERIC,9.082811,9.016239,9.176794,30.0,30.0,30.0,4.695833,4.613333,4.74,6.083333,4.266667,7.866667
97,MAGE,9.082188,9.015607,9.176185,30.0,30.0,30.0,4.695833,4.613333,4.74,6.083333,4.266667,7.866667
97,PALADIN,9.032117,8.943886,9.14686,24.383125,23.851667,24.986667,4.6975,4.653333,4.726667,19.783333,18.933333,20.0
97,RANGER,9.082257,9.016871,9.177403,27.69875,27.176667,28.2,4.011667,4.0,4.033333,6.1,4.266667,7.866667
97,ROGUE,9.049389,8.940667,9.211378,24.124167,23.711667,24.543333,4.010833,4.0,4.046667,6.233333,5.466667,7.333333
97,WARRIOR,9.999266,9.994131,10.0,24.376458,23.845,24.98,4.6975,4.653333,4.726667,6.35,4.8,7.066667
98,CLERIC,9.100645,9.033259,9.195634,30.0,30.0,30.0,4.693333,4.606667,4.733333,6.2,4.4,7.866667
98,MAGE,9.100026,9.03263,9.195028,30.0,30.0,30.0,4.693333,4.606667,4.733333,6.2,4.4,7.866667
98,PALADIN,9.048867,8.959939,9.16582,24.472083,23.928333,25.086667,4.695833,4.653333,4.72,19.866667,19.066667,20.0
98,RANGER,9.100209,9.033888,9.196241,27.881458,27.358333,28.39,4.0025,4.0,4.013333,6.2,4.4,7.866667
98,ROGUE,9.065982,8.956413,9.23189,24.212292,23.788333,24.651667,4.005833,4.0,4.026667,6.316667,5.466667,7.466667
98,WARRIOR,10.0,10.0,10.0,24.465417,23.921667,25.08,4.695833,4.653333,4.72,6.416667,4.8,7.333333
99,CLERIC,9.118259,9.051463,9.214098,30.0,30.0,30.0,4.689167,4.6,4.733333,6.233333,4.4,7.866667
99,MAGE,9.117642,9.050836,9.213494,30.0,30.0,30.0,4.689167,4.6,4.733333,6.233333,4.4,7.866667
99,PALADIN,9.06564,8.976881,9.183792,24.564583,24.013333,25.19,4.693333,4.646667,4.72,19.9,19.2,20.0
99,RANGER,9.11782,9.052089,9.214702,28.065,27.536667,28.581667,4.0,4.0,4.0,6.233333,4.4,7.866667
99,ROGUE,9.082516,8.972094,9.251717,24.301667,23.87,24.763333,4.0025,4.0,4.02,6.366667,5.6,7.466667
99,WARRIOR,10.0,10.0,10.0,24.557917,24.006667,25.183333,4.693333,4.646667,4.72,6.466667,4.8,7.333333
100,CLERIC,9.13588,9.069276,9.231589,30.0,30.0,30.0,4.685833,4.6,4.733333,6.3,4.4,8.0
100,MAGE,9.135265,9.068652,9.230987,30.0,30.0,30.0,4.685833,4.6,4.733333,6.3,4.4,8.0
100,PALADIN,9.082381,8.993751,9.20321,24.655833,24.091667,25.288333,4.689167,4.64,4.72,19.9,19.2,20.0
100,RANGER,9.135711,9.069899,9.232191,28.248958,27.721667,28.768333,4.0,4.0,4.0,6.266667,4.4,8.0
100,ROGUE,9.099265,8.987712,9.27057,24.392083,23.95,24.866667,4.000833,4.0,4.006667,6.4,5.6,7.466667
100,WARRIOR,10.0,10.0,10.0,24.649167,24.085,25.281667,4.689167,4.64,4.72,6.533333,4.8,7.466667
