hp_k,hp_power,feasible,max_growth_gap_pct,max_sale_gap_pct,level100_gap12,off_bonus_min_minutes,off_bonus_max_minutes,warrior_level20_minutes,warrior_level50_minutes
6250,0.5,False,4.197863598931617,10.510385672907985,4.197863598931595,74.03523485476363,87.5786275297803,23.250544930650854,53.41166212139939
6000,0.5,False,4.237629707162571,10.510385672907985,4.237629707162527,75.56189515886956,89.38456242551055,23.72998805072868,54.513049379736884
5750,0.5,False,4.269006272703524,10.510385672907985,4.269006272703524,77.18706807659473,91.30703101647472,24.240368763611748,55.685507155290246
5500,0.5,False,4.2904911196872675,10.510385672907985,4.2904911196872675,78.92182553295723,93.35913063395179,24.785164174365377,56.937023130130875
5000,0.5,False,4.298149929511252,10.510385672907985,4.29814992951123,82.7739089327066,97.91588226636165,25.994899489424306,59.71605364734977
5250,0.5,False,4.3010195800063045,10.510385672907985,4.3010195800063045,80.77906376566358,95.55611664656233,25.368424308018938,58.27690111064733
6250,0.6,False,4.628070149789654,10.510385672907985,4.6280701497896315,67.21866778194368,82.23212490870786,16.74814054113334,45.43303807118576
6000,0.6,False,4.686014360578095,10.510385672907985,4.68601436057805,68.88539626493642,84.2711213560487,17.163421054689856,46.559578377931956
5750,0.6,False,4.734725234617576,10.510385672907985,4.734725234617554,70.6670894443437,86.45076015152874,17.60734606472866,47.763823221251016
5500,0.6,False,4.772443831989315,10.510385672907985,4.772443831989315,72.57721475577426,88.78751671609479,18.083271104939058,49.05487522895349
5250,0.6,False,4.797932450931031,10.510385672907985,4.797932450931008,74.6315272789581,91.30066506583567,18.59512169628534,50.4433832454869
5000,0.6,False,4.808304617377757,10.510385672907985,4.808304617377734,76.84859090126857,94.01291537867756,19.147523199622896,51.94189458589953
6250,0.7,False,4.969211603711332,10.510385672907985,4.969211603711332,61.029715205780626,77.21201573639564,12.064995729451269,38.64756452125761
6000,0.7,False,5.046517322213728,10.510385672907985,5.046517322213684,62.79881954522832,79.45020596284817,12.414730874510091,39.767864261689105
5750,0.7,False,5.1139674620538145,10.510385672907985,5.113967462053792,64.69785230836021,81.85277571262439,12.790151636347389,40.97044223528208
5500,0.7,False,5.169562290895957,10.510385672907985,5.169562290895935,66.74265409010485,84.43976578487903,13.194389550306838,42.265329627869335
5250,0.7,False,5.2119065774457685,10.510385672907985,5.2119065774457685,68.9518373244308,87.23472378326079,13.631124118014597,43.66431291494525
6250,0.8,True,5.236968631059935,10.510385672907985,5.236968631059913,55.41059144732422,72.49837433601463,8.691897856025257,32.87661127337216
5000,0.7,False,5.237685932092018,10.510385672907985,5.2376859320919955,71.34743302157872,90.26552233839979,14.104710661194737,45.18134341328846
6000,0.8,True,5.334267516867208,10.510385672907985,5.334267516867164,57.250040648768774,74.90508166930816,8.980440247519184,33.968006524233196
5750,0.8,False,5.4212868823327875,10.510385672907985,5.421286882332765,59.232835627269864,77.49934043515435,9.291468355547075,35.14445272414321
6250,0.9,True,5.444236773027211,10.510385672907985,5.444236773027189,50.30883126669849,68.07249145403875,6.262225041767451,27.968322764681552
5500,0.8,False,5.495802267031458,10.510385672907985,5.4958022670314355,61.377140056714374,80.30491570796161,9.627831397090745,36.41672687493681
5250,0.8,False,5.556276747319244,10.510385672907985,5.5562767473192,63.704389334602816,83.34985323550939,9.992891803062882,37.797547181071174
6000,0.9,True,5.561743413761855,10.510385672907985,5.5617434137618105,52.19154082864787,70.61997123719706,6.49657655955,29.014982513575553
5000,0.8,False,5.598985248184785,10.510385672907985,5.59898524818474,66.24007205686624,86.66750190870178,10.390647803161741,39.3020367198935
6250,1.0,True,5.601608460640817,10.510385672907985,5.601608460640817,45.67679999999996,63.916799999999974,4.511999999999929,23.793600000000055
5750,0.9,True,5.668723117814101,10.510385672907985,5.6687231178140784,54.22944798422321,73.37744768694016,6.750246400433113,30.147921674682898
6250,1.1,True,5.7177901983967105,10.510385672907985,5.717790198396688,41.47124879883773,60.01480531968415,3.2511396427296546,20.24268622572773
6000,1.0,True,5.739225207465881,10.510385672907985,5.739225207465859,47.579999999999956,66.57999999999994,4.699999999999989,24.784999999999968
5500,0.9,False,5.762742721749192,10.510385672907985,5.762742721749148,56.44296549034067,76.37254114716711,7.025775455833312,31.378488366406962
6250,2.0,False,5.768483977875638,10.510385672907985,5.768483977875638,17.386417152,34.04464435199998,0.1706741760000341,4.733303039999939
6250,1.2,False,5.799951015701299,10.510385672907985,5.799951015701277,37.652910819827596,56.35101972501111,2.342761166699532,17.222265513296158
6250,1.9,False,5.811673628989644,10.510385672907985,5.8116736289896,19.14955353335614,36.258131848079245,0.23674326597554085,5.562022155086659
5250,0.9,False,5.842139622181164,10.510385672907985,5.8421396221811195,58.85628835965399,79.6379897028348,7.326175415950971,32.7201333866725
6250,1.8,False,5.847894605085413,10.510385672907985,5.847894605085369,21.091487528509525,38.61553410633476,0.3284061593570442,6.53603601913197
6250,1.3,False,5.854007922071869,10.510385672907985,5.854007922071847,34.186134593700004,52.91090102073671,1.6882859931531868,14.652997103450751
5750,1.0,True,5.8662239103351554,10.510385672907985,5.8662239103351554,49.64869565217391,69.4747826086957,4.904347826086912,25.862608695652085
6000,1.1,True,5.875188344310733,10.510385672907985,5.875188344310711,43.37592575456931,62.771144229312554,3.4004568428796844,21.172385212205427
6250,1.7,False,5.8754943739733,10.510385672907985,5.875494373973256,23.230350795928345,41.12620806183383,0.45558460991276917,7.680855264647803
6250,1.4,False,5.884857379880892,10.510385672907985,5.884857379880892,31.038551150822506,49.680794783978435,1.2167164320431567,12.467419982034436
6250,1.6,False,5.892501785552184,10.510385672907985,5.89250178555214,25.586113704518993,43.80011901137422,0.6320495694879114,9.026476429437906
6250,1.5,False,5.896562128068639,10.510385672907985,5.8965621280686165,28.180771795117217,46.64788016746222,0.8769156720743609,10.608172024964624
5000,0.9,False,5.902795540052019,10.510385672907985,5.902795540051997,61.49831830350191,83.21290003657867,7.655043840418152,34.18892414095911
6000,1.2,False,5.9766335476538535,10.510385672907985,5.9766335476538535,39.543315154810976,59.180182455049,2.4603819765899004,18.086927625087696
5500,1.0,True,5.979978584367895,10.510385672907985,5.979978584367851,51.905454545454575,72.63272727272732,5.127272727272754,27.038181818181783
5750,1.1,True,6.022014974057188,10.510385672907985,6.022014974057144,45.45487869762798,65.77968532127876,3.563436413650045,22.187150702112177
6000,1.3,False,6.049358024529838,10.510385672907985,6.049358024529838,36.04934641119403,55.79464957048529,1.7803009123927538,15.451614370051203
6000,2.0,False,6.073251241772759,10.510385672907985,6.073251241772759,18.865469999999966,36.940803333333356,0.18519333333330223,5.135962499999955
5250,1.0,False,6.078717012178481,10.510385672907985,6.078717012178481,54.37714285714282,76.09142857142857,5.371428571428574,28.32571428571434
6000,1.4,False,6.098175933569805,10.510385672907985,6.098175933569783,32.86409780228457,52.60279356282503,1.288278168204755,13.200697018387686
6000,1.9,False,6.103163199526995,10.510385672907985,6.103163199526973,20.693945938558862,39.182314041438175,0.2558363744032732,6.010593697964914
6000,1.8,False,6.12533490156959,10.510385672907985,6.1253349015695235,22.699641117236844,41.559836146187834,0.3534460027069741,7.034386349615218
6000,1.5,False,6.127096691020761,10.510385672907985,6.127096691020761,29.96029143049185,49.593534719087415,0.9322899062638257,11.278041911818733
6000,1.7,False,6.13809699173431,10.510385672907985,6.13809699173431,24.899731949683073,44.0816226083869,0.4883238641930632,8.232817442755191
6000,1.6,False,6.139468956482164,10.510385672907985,6.139468956482164,27.31305961904731,46.756427165714314,0.6747100311122978,9.635722396700537
5750,1.2,False,6.142911536084861,10.510385672907985,6.1429115360848385,41.615312754457285,62.2811160898096,2.5893015052067625,19.03464964782252
5500,1.1,True,6.155466929704034,10.510385672907985,6.155466929704034,47.73271900519319,69.0760447646839,3.7420077646034144,23.298995846733135
5000,1.0,False,6.157945332703729,10.510385672907985,6.157945332703707,57.09599999999995,79.89599999999999,5.639999999999965,29.74200000000007
5750,1.3,False,6.23457522209645,10.510385672907985,6.23457522209645,38.100074299431874,58.96862234057476,1.8815763332798596,16.330605521389323
5250,1.1,True,6.273678395319449,10.510385672907985,6.273678395319404,50.238874174965105,72.70280834116427,3.9384778651977115,24.522284611939114
5500,1.2,False,6.295819983620121,10.510385672907985,6.295819983620077,43.895434180881416,65.6935260384234,2.7311704820503024,20.07756653667446
5750,1.4,False,6.301723445138929,10.510385672907985,6.301723445138907,34.8817674442866,55.832307432176655,1.3673711579492576,14.011145118545656
5750,1.5,False,6.348299121895318,10.510385672907985,6.3482991218952955,31.935310426820642,52.862801087625115,0.9937475953263686,12.0215042065335
5750,2.0,False,6.371655393868014,10.510385672907985,6.371655393867992,20.541608166351608,40.222878487712634,0.20164718336488363,5.592276748582208
5000,1.1,False,6.371797596349582,10.510385672907985,6.371797596349538,53.008818873903536,76.71131294780014,4.15562775288425,25.87433266998552
5750,1.6,False,6.3776079714113365,10.510385672907985,6.377607971411292,29.23774013705973,50.051231399032865,0.7222550982084641,10.31472677894758
5750,1.9,False,6.387623653986196,10.510385672907985,6.387623653986196,22.43684465295079,42.48235188692586,0.2773835887125031,6.516821754229198
5750,1.7,False,6.392429642662156,10.510385672907985,6.392429642662156,26.768033155058895,47.389198321274186,0.5249642612033867,8.850550307631941
5750,1.8,False,6.395107842637504,10.510385672907985,6.395107842637482,24.506941905613004,44.8687485754137,0.38158667841376115,7.594450358105185
5500,1.3,False,6.40654762078372,10.510385672907985,6.406547620783698,40.3666328272325,62.47664263440065,1.9935105738902337,17.302106860671564
5250,1.2,False,6.4334153473136535,10.510385672907985,6.433415347313631,46.41554053324885,69.46509534553265,2.8879713022187303,21.23025140956244
5500,1.4,False,6.492255605567188,10.510385672907985,6.492255605567165,37.12151562492824,59.41728371504361,1.4551696638067568,14.910796686892667
5000,1.2,True,6.550505566310005,10.510385672907985,6.550505566309983,49.21421602925449,73.65356881665335,3.062104672719954,22.510352507413884
5500,1.5,False,6.556806652967873,10.510385672907985,6.556806652967873,34.1372768987101,56.50773561462277,1.0622673265324067,12.850397016738668
5250,1.3,False,6.563269590394216,10.510385672907985,6.563269590394194,42.88317440177117,66.3715691520516,2.117790254584584,18.380756928621196
5500,1.6,False,6.6034509786372375,10.510385672907985,6.603450978637215,31.392944346179448,53.740662390523575,0.7754947542290935,11.075057176088343
5500,1.7,False,6.634932136496463,10.510385672907985,6.634932136496463,28.869231650974427,51.109087326884044,0.5661721493459027,9.54528805271373
5500,1.8,False,6.65357297717637,10.510385672907985,6.653572977176347,26.54840294453159,48.60637534396446,0.41337335910007766,8.227078230557971
5500,2.0,False,6.659928888532729,10.510385672907985,6.659928888532707,22.451468429752026,43.96260892561987,0.22039537190082115,6.1122198347107215
5500,1.9,False,6.661345661503959,10.510385672907985,6.661345661503959,24.414148163912834,46.226216268894404,0.30182871690797697,7.091133103898315
5250,1.4,False,6.667720022358581,10.510385672907985,6.667720022358492,39.619632253456416,63.41580861284843,1.553096256331088,15.914228484357267
5000,1.3,False,6.699226283869231,10.510385672907985,6.699226283869186,45.69124743442476,70.71770761010097,2.2564672481998826,19.584364370725353
5250,1.5,False,6.750535061940788,10.510385672907985,6.750535061940766,36.60445575209781,60.59167853645828,1.1390398087795006,13.779124515168277
5250,1.6,False,6.814896395026082,10.510385672907985,6.81489639502606,33.81874350412218,57.89331695317472,0.8354188728798562,11.93085025098
5000,1.4,False,6.822296350565971,10.510385672907985,6.822296350565926,42.42046832307221,67.8988710252014,1.6628895019242407,17.039255210348756
5250,1.7,False,6.863499471405632,10.510385672907985,6.863499471405632,31.245032570442106,55.31512294751913,0.6127654334781596,10.330820013050896
5250,1.8,False,6.898635245401308,10.510385672907985,6.898635245401308,28.867188995622897,52.85174503257348,0.4494781440461537,8.945646284618043
5250,1.9,False,6.922256838433327,10.510385672907985,6.922256838433327,26.670306668117547,50.49807004204517,0.32972129058677524,7.746438386285952
5000,1.5,False,6.923375499757278,10.510385672907985,6.923375499757256,39.38382587018179,65.1923944129436,1.2255269083082965,14.825371103020366
5250,2.0,False,6.936034089941123,10.510385672907985,6.936034089941057,24.640613877550983,48.24921251700676,0.24188517006802357,6.708195918367323
5000,1.6,False,7.005563487483579,10.510385672907985,7.005563487483579,36.564559550823645,62.593799059123576,0.903248316235441,12.899541475890217
5000,1.7,False,7.07149520279835,10.510385672907985,7.07149520279835,33.94710863166722,60.098784772906555,0.6657574988637549,11.224231194081256
5000,1.8,False,7.1234181492854765,10.510385672907985,7.123418149285454,31.517026284656957,57.70322277081359,0.49073758038680637,9.7668037275227
5000,1.9,False,7.163255717972072,10.510385672907985,7.16325571797205,29.26089984880619,55.403148844354035,0.3617484336395904,8.498880820033001
5000,2.0,False,7.192659023594206,10.510385672907985,7.192659023594183,27.16627680000002,53.194756799999965,0.2666784000000533,7.395786000000051
