power,level,class,cap_h
0.6,1,CLERIC,8.062333420647102
0.6,1,MAGE,8.062333420647102
0.6,1,PALADIN,8.062333420647102
0.6,1,RANGER,8.062333420647102
0.6,1,ROGUE,8.062333420647102
0.6,1,WARRIOR,8.062333420647102
0.6,2,CLERIC,8.064187299290746
0.6,2,MAGE,8.064187299290746
0.6,2,PALADIN,8.064187299290746
0.6,2,RANGER,8.064187299290746
0.6,2,ROGUE,8.064187299290746
0.6,2,WARRIOR,8.066259428586964
0.6,3,CLERIC,8.066951128375146
0.6,3,MAGE,8.066951128375146
0.6,3,PALADIN,8.066808924426724
0.6,3,RANGER,8.067109849130487
0.6,3,ROGUE,8.066970384244556
0.6,3,WARRIOR,8.072179142808123
0.6,4,CLERIC,8.06919406986704
0.6,4,MAGE,8.06919406986704
0.6,4,PALADIN,8.069227362831212
0.6,4,RANGER,8.069509372022406
0.6,4,ROGUE,8.06934349800588
0.6,4,WARRIOR,8.07659124777483
0.6,5,CLERIC,8.071717883018025
0.6,5,MAGE,8.071717883018025
0.6,5,PALADIN,8.07176091472913
0.6,5,RANGER,8.07204340602434
0.6,5,ROGUE,8.072055773357198
0.6,5,WARRIOR,8.081527484801045
0.6,6,CLERIC,8.075237239653633
0.6,6,MAGE,8.075237239653633
0.6,6,PALADIN,8.075947579830851
0.6,6,RANGER,8.07557351270149
0.6,6,ROGUE,8.075690413722345
0.6,6,WARRIOR,8.089384085181605
0.6,7,CLERIC,8.078906728890813
0.6,7,MAGE,8.078906728890813
0.6,7,PALADIN,8.078772050283801
0.6,7,RANGER,8.079254193423315
0.6,7,ROGUE,8.078398055126117
0.6,7,WARRIOR,8.094377497848923
0.6,8,CLERIC,8.082203298561053
0.6,8,MAGE,8.082203298561053
0.6,8,PALADIN,8.081894842546113
0.6,8,RANGER,8.082562335538519
0.6,8,ROGUE,8.081849431567433
0.6,8,WARRIOR,8.100191768577018
0.6,9,CLERIC,8.086257128557778
0.6,9,MAGE,8.086257128557778
0.6,9,PALADIN,8.086616700318125
0.6,9,RANGER,8.086628074439624
0.6,9,ROGUE,8.086181525555592
0.6,9,WARRIOR,8.108996290839743
0.6,10,CLERIC,8.089988229467814
0.6,10,MAGE,8.089988229467814
0.6,10,PALADIN,8.090361758762233
0.6,10,RANGER,8.09037138644897
0.6,10,ROGUE,8.09024819754634
0.6,10,WARRIOR,8.115329322561
0.6,11,CLERIC,8.093445921263314
0.6,11,MAGE,8.093445921263314
0.6,11,PALADIN,8.094231633005188
0.6,11,RANGER,8.094222892182346
0.6,11,ROGUE,8.09410630203161
0.6,11,WARRIOR,8.121567663991607
0.6,12,CLERIC,8.097035774238217
0.6,12,MAGE,8.097035774238217
0.6,12,PALADIN,8.09744981022858
0.6,12,RANGER,8.097837761508016
0.6,12,ROGUE,8.09731525103096
0.6,12,WARRIOR,8.127349384167777
0.6,13,CLERIC,8.101834308530595
0.6,13,MAGE,8.101834308530595
0.6,13,PALADIN,8.101702684066387
0.6,13,RANGER,8.102807766638378
0.6,13,ROGUE,8.101793463519684
0.6,13,WARRIOR,8.13537503658891
0.6,14,CLERIC,8.106014924910884
0.6,14,MAGE,8.106014924910884
0.6,14,PALADIN,8.105867665724672
0.6,14,RANGER,8.106793278383487
0.6,14,ROGUE,8.105398137521574
0.6,14,WARRIOR,8.14171408393002
0.6,15,CLERIC,8.110494098519812
0.6,15,MAGE,8.110494098519812
0.6,15,PALADIN,8.110722265524414
0.6,15,RANGER,8.111255061576022
0.6,15,ROGUE,8.11088443120278
0.6,15,WARRIOR,8.15132000068803
0.6,16,CLERIC,8.114273184763677
0.6,16,MAGE,8.114273184763677
0.6,16,PALADIN,8.114870183541427
0.6,16,RANGER,8.115057231970296
0.6,16,ROGUE,8.114881704343574
0.6,16,WARRIOR,8.158262870624702
0.6,17,CLERIC,8.1183370611296
0.6,17,MAGE,8.1183370611296
0.6,17,PALADIN,8.119106057586576
0.6,17,RANGER,8.119333836391428
0.6,17,ROGUE,8.11894944989274
0.6,17,WARRIOR,8.165680842429877
0.6,18,CLERIC,8.123738183040858
0.6,18,MAGE,8.123738183040858
0.6,18,PALADIN,8.124566552469606
0.6,18,RANGER,8.124764201607508
0.6,18,ROGUE,8.125510895536241
0.6,18,WARRIOR,8.176214851004922
0.6,19,CLERIC,8.128592690021044
0.6,19,MAGE,8.128592690021044
0.6,19,PALADIN,8.129322577521082
0.6,19,RANGER,8.129882406275106
0.6,19,ROGUE,8.130019943098798
0.6,19,WARRIOR,8.184271596618705
0.6,20,CLERIC,8.134266662941009
0.6,20,MAGE,8.134266662941009
0.6,20,PALADIN,8.134994377735191
0.6,20,RANGER,8.135328544966205
0.6,20,ROGUE,8.135493657001577
0.6,20,WARRIOR,8.194643034409792
0.6,21,CLERIC,8.138444319956927
0.6,21,MAGE,8.138444319956927
0.6,21,PALADIN,8.13942396587481
0.6,21,RANGER,8.139535780381587
0.6,21,ROGUE,8.140170858227341
0.6,21,WARRIOR,8.202213437597406
0.6,22,CLERIC,8.143613900004846
0.6,22,MAGE,8.143613900004846
0.6,22,PALADIN,8.144870061089568
0.6,22,RANGER,8.144957429810072
0.6,22,ROGUE,8.14701628478679
0.6,22,WARRIOR,8.213753383559851
0.6,23,CLERIC,8.148683886192863
0.6,23,MAGE,8.148683886192863
0.6,23,PALADIN,8.150192085078722
0.6,23,RANGER,8.149846091368946
0.6,23,ROGUE,8.153273278021038
0.6,23,WARRIOR,8.225143137975007
0.6,24,CLERIC,8.153579626668527
0.6,24,MAGE,8.153579626668527
0.6,24,PALADIN,8.154654368302314
0.6,24,RANGER,8.154714268790835
0.6,24,ROGUE,8.15996704912168
0.6,24,WARRIOR,8.233710358330205
0.6,25,CLERIC,8.159859482787986
0.6,25,MAGE,8.159859482787986
0.6,25,PALADIN,8.160349005806806
0.6,25,RANGER,8.161016083149418
0.6,25,ROGUE,8.167049946330946
0.6,25,WARRIOR,8.243925064709329
0.6,26,CLERIC,8.164940661646478
0.6,26,MAGE,8.164940661646478
0.6,26,PALADIN,8.165927854869386
0.6,26,RANGER,8.166441480096882
0.6,26,ROGUE,8.17228976456806
0.6,26,WARRIOR,8.25339979720952
0.6,27,CLERIC,8.170654137113516
0.6,27,MAGE,8.170654137113516
0.6,27,PALADIN,8.171898361680542
0.6,27,RANGER,8.171912370262389
0.6,27,ROGUE,8.17840118010476
0.6,27,WARRIOR,8.266751100804699
0.6,28,CLERIC,8.17698513869505
0.6,28,MAGE,8.17698513869505
0.6,28,PALADIN,8.179245036377745
0.6,28,RANGER,8.178796378797015
0.6,28,ROGUE,8.184345257384525
0.6,28,WARRIOR,8.279768771269591
0.6,29,CLERIC,8.182648379916158
0.6,29,MAGE,8.182648379916158
0.6,29,PALADIN,8.184112984863324
0.6,29,RANGER,8.18450355245258
0.6,29,ROGUE,8.190100060325575
0.6,29,WARRIOR,8.289917651128306
0.6,30,CLERIC,8.18918552599914
0.6,30,MAGE,8.18918552599914
0.6,30,PALADIN,8.189830026260147
0.6,30,RANGER,8.191084945957018
0.6,30,ROGUE,8.19563823731281
0.6,30,WARRIOR,8.302861522258839
0.6,31,CLERIC,8.195559241830717
0.6,31,MAGE,8.195559241830717
0.6,31,PALADIN,8.196478247047349
0.6,31,RANGER,8.197759054941569
0.6,31,ROGUE,8.203486324954179
0.6,31,WARRIOR,8.316846624363842
0.6,32,CLERIC,8.202345549026866
0.6,32,MAGE,8.202345549026866
0.6,32,PALADIN,8.20296349218548
0.6,32,RANGER,8.204537822569117
0.6,32,ROGUE,8.210341097352858
0.6,32,WARRIOR,8.330928962969802
0.6,33,CLERIC,8.207771643339997
0.6,33,MAGE,8.207771643339997
0.6,33,PALADIN,8.208462305385474
0.6,33,RANGER,8.210013676821115
0.6,33,ROGUE,8.217061004197992
0.6,33,WARRIOR,8.342586288961307
0.6,34,CLERIC,8.215028682825002
0.6,34,MAGE,8.215028682825002
0.6,34,PALADIN,8.214843082614994
0.6,34,RANGER,8.217018139684312
0.6,34,ROGUE,8.224386337749923
0.6,34,WARRIOR,8.356687305910734
0.6,35,CLERIC,8.222133638248517
0.6,35,MAGE,8.222133638248517
0.6,35,PALADIN,8.22288126391907
0.6,35,RANGER,8.223552209806963
0.6,35,ROGUE,8.232788619889691
0.6,35,WARRIOR,8.37291368254949
0.6,36,CLERIC,8.228672739618954
0.6,36,MAGE,8.228672739618954
0.6,36,PALADIN,8.232029000589579
0.6,36,RANGER,8.230365478679518
0.6,36,ROGUE,8.240227679755721
0.6,36,WARRIOR,8.389631491837225
0.6,37,CLERIC,8.235298368896784
0.6,37,MAGE,8.235298368896784
0.6,37,PALADIN,8.238774652401307
0.6,37,RANGER,8.237027156119096
0.6,37,ROGUE,8.247391959875703
0.6,37,WARRIOR,8.403917932819141
0.6,38,CLERIC,8.240845538137703
0.6,38,MAGE,8.240845538137703
0.6,38,PALADIN,8.24499473612736
0.6,38,RANGER,8.242610574369973
0.6,38,ROGUE,8.253509099946008
0.6,38,WARRIOR,8.41541577296559
0.6,39,CLERIC,8.24745932095555
0.6,39,MAGE,8.24745932095555
0.6,39,PALADIN,8.250656912916002
0.6,39,RANGER,8.248914183330426
0.6,39,ROGUE,8.262184681330618
0.6,39,WARRIOR,8.430135495452811
0.6,40,CLERIC,8.254359886369997
0.6,40,MAGE,8.254359886369997
0.6,40,PALADIN,8.257356461611447
0.6,40,RANGER,8.25516804192719
0.6,40,ROGUE,8.270240256822982
0.6,40,WARRIOR,8.444644575544354
0.6,41,CLERIC,8.262701426398728
0.6,41,MAGE,8.262701426398728
0.6,41,PALADIN,8.264122826057498
0.6,41,RANGER,8.263203202573107
0.6,41,ROGUE,8.2792066575699
0.6,41,WARRIOR,8.46071083600544
0.6,42,CLERIC,8.27016738959832
0.6,42,MAGE,8.27016738959832
0.6,42,PALADIN,8.272627460959958
0.6,42,RANGER,8.270679070677458
0.6,42,ROGUE,8.287234644612507
0.6,42,WARRIOR,8.478154808885504
0.6,43,CLERIC,8.278418014955102
0.6,43,MAGE,8.278418014955102
0.6,43,PALADIN,8.279590749803255
0.6,43,RANGER,8.27963212221187
0.6,43,ROGUE,8.295121804593238
0.6,43,WARRIOR,8.4938118050591
0.6,44,CLERIC,8.285787463985384
0.6,44,MAGE,8.285787463985384
0.6,44,PALADIN,8.286920062958641
0.6,44,RANGER,8.287715475498286
0.6,44,ROGUE,8.305535131708522
0.6,44,WARRIOR,8.510904230996923
0.6,45,CLERIC,8.291906709246401
0.6,45,MAGE,8.291906709246401
0.6,45,PALADIN,8.29640649756299
0.6,45,RANGER,8.293871158648807
0.6,45,ROGUE,8.313923740908402
0.6,45,WARRIOR,8.52929006513086
0.6,46,CLERIC,8.300035461533446
0.6,46,MAGE,8.300035461533446
0.6,46,PALADIN,8.303560339436258
0.6,46,RANGER,8.302390777722524
0.6,46,ROGUE,8.322752038878932
0.6,46,WARRIOR,8.545912538442883
0.6,47,CLERIC,8.309048160812756
0.6,47,MAGE,8.309048160812756
0.6,47,PALADIN,8.313993402967123
0.6,47,RANGER,8.311446753123464
0.6,47,ROGUE,8.333049226345997
0.6,47,WARRIOR,8.568895447374512
0.6,48,CLERIC,8.317798022391814
0.6,48,MAGE,8.317798022391814
0.6,48,PALADIN,8.323655638329768
0.6,48,RANGER,8.319838930888073
0.6,48,ROGUE,8.342845535033591
0.6,48,WARRIOR,8.58729730864416
0.6,49,CLERIC,8.327830876911959
0.6,49,MAGE,8.327830876911959
0.6,49,PALADIN,8.33398962834711
0.6,49,RANGER,8.330298311924077
0.6,49,ROGUE,8.354052536191181
0.6,49,WARRIOR,8.607773356107524
0.6,50,CLERIC,8.336156203562757
0.6,50,MAGE,8.336156203562757
0.6,50,PALADIN,8.341669249587968
0.6,50,RANGER,8.338270224014993
0.6,50,ROGUE,8.363410035975646
0.6,50,WARRIOR,8.62547650105829
0.6,51,CLERIC,8.345318662734526
0.6,51,MAGE,8.345318662734526
0.6,51,PALADIN,8.351160946509397
0.6,51,RANGER,8.347491468868334
0.6,51,ROGUE,8.373924842555363
0.6,51,WARRIOR,8.64676042042552
0.6,52,CLERIC,8.354246994843036
0.6,52,MAGE,8.354246994843036
0.6,52,PALADIN,8.3611869035655
0.6,52,RANGER,8.356457108188222
0.6,52,ROGUE,8.381433246772326
0.6,52,WARRIOR,8.666391358958515
0.6,53,CLERIC,8.366066866696654
0.6,53,MAGE,8.366066866696654
0.6,53,PALADIN,8.372697635805833
0.6,53,RANGER,8.366665232952661
0.6,53,ROGUE,8.393903707622878
0.6,53,WARRIOR,8.6912414680854
0.6,54,CLERIC,8.375499647074713
0.6,54,MAGE,8.375499647074713
0.6,54,PALADIN,8.381898137537764
0.6,54,RANGER,8.375728458504431
0.6,54,ROGUE,8.404403895808285
0.6,54,WARRIOR,8.710720744274616
0.6,55,CLERIC,8.386025436680411
0.6,55,MAGE,8.386025436680411
0.6,55,PALADIN,8.394163114388379
0.6,55,RANGER,8.387063109070668
0.6,55,ROGUE,8.417278139950268
0.6,55,WARRIOR,8.73728503505383
0.6,56,CLERIC,8.3965269823713
0.6,56,MAGE,8.3965269823713
0.6,56,PALADIN,8.403723849926015
0.6,56,RANGER,8.39803846215322
0.6,56,ROGUE,8.42734765175006
0.6,56,WARRIOR,8.757626166051683
0.6,57,CLERIC,8.407310514150355
0.6,57,MAGE,8.407310514150355
0.6,57,PALADIN,8.412860317130164
0.6,57,RANGER,8.409283625819587
0.6,57,ROGUE,8.439746898062866
0.6,57,WARRIOR,8.780958947284981
0.6,58,CLERIC,8.419946162668364
0.6,58,MAGE,8.419946162668364
0.6,58,PALADIN,8.424951734732517
0.6,58,RANGER,8.420724684967333
0.6,58,ROGUE,8.454571870992377
0.6,58,WARRIOR,8.805859485878951
0.6,59,CLERIC,8.430444115722603
0.6,59,MAGE,8.430444115722603
0.6,59,PALADIN,8.43354836295717
0.6,59,RANGER,8.431646006849961
0.6,59,ROGUE,8.464320360405026
0.6,59,WARRIOR,8.826384420801924
0.6,60,CLERIC,8.442598360109738
0.6,60,MAGE,8.442598360109738
0.6,60,PALADIN,8.443801316336161
0.6,60,RANGER,8.444675433837444
0.6,60,ROGUE,8.476326839262086
0.6,60,WARRIOR,8.850010859783234
0.6,61,CLERIC,8.452921979508451
0.6,61,MAGE,8.452921979508451
0.6,61,PALADIN,8.455583581775791
0.6,61,RANGER,8.455425992313982
0.6,61,ROGUE,8.489339180920489
0.6,61,WARRIOR,8.874943293047588
0.6,62,CLERIC,8.467195495465257
0.6,62,MAGE,8.467195495465257
0.6,62,PALADIN,8.467624967531776
0.6,62,RANGER,8.46921387684396
0.6,62,ROGUE,8.503650844720756
0.6,62,WARRIOR,8.900927947371509
0.6,63,CLERIC,8.477675021732985
0.6,63,MAGE,8.477675021732985
0.6,63,PALADIN,8.478303929779335
0.6,63,RANGER,8.479723634815917
0.6,63,ROGUE,8.513541505717013
0.6,63,WARRIOR,8.92280279194439
0.6,64,CLERIC,8.490791545329838
0.6,64,MAGE,8.490791545329838
0.6,64,PALADIN,8.487811633881408
0.6,64,RANGER,8.492889472987743
0.6,64,ROGUE,8.52654576500244
0.6,64,WARRIOR,8.947549233943173
0.6,65,CLERIC,8.503022714443972
0.6,65,MAGE,8.503022714443972
0.6,65,PALADIN,8.498755633573353
0.6,65,RANGER,8.504733803877011
0.6,65,ROGUE,8.537799081401918
0.6,65,WARRIOR,8.972052762102248
0.6,66,CLERIC,8.515217751969873
0.6,66,MAGE,8.515217751969873
0.6,66,PALADIN,8.51181064680456
0.6,66,RANGER,8.516971276479683
0.6,66,ROGUE,8.55022513933563
0.6,66,WARRIOR,8.999243317393649
0.6,67,CLERIC,8.526207560953175
0.6,67,MAGE,8.526207560953175
0.6,67,PALADIN,8.522545163763622
0.6,67,RANGER,8.528881391709668
0.6,67,ROGUE,8.563256702679029
0.6,67,WARRIOR,9.024048899100233
0.6,68,CLERIC,8.53789332541571
0.6,68,MAGE,8.53789332541571
0.6,68,PALADIN,8.535115487393185
0.6,68,RANGER,8.539716493277071
0.6,68,ROGUE,8.574893599533503
0.6,68,WARRIOR,9.04638295403774
0.6,69,CLERIC,8.548265381203455
0.6,69,MAGE,8.548265381203455
0.6,69,PALADIN,8.551676816284319
0.6,69,RANGER,8.550568462792594
0.6,69,ROGUE,8.58821242119327
0.6,69,WARRIOR,9.077162966907371
0.6,70,CLERIC,8.561473872558203
0.6,70,MAGE,8.561473872558203
0.6,70,PALADIN,8.56621023691437
0.6,70,RANGER,8.565109006520792
0.6,70,ROGUE,8.601726686085607
0.6,70,WARRIOR,9.106581131047847
0.6,71,CLERIC,8.57408402561429
0.6,71,MAGE,8.57408402561429
0.6,71,PALADIN,8.578676969565352
0.6,71,RANGER,8.577294954862781
0.6,71,ROGUE,8.614419568556373
0.6,71,WARRIOR,9.136724349661959
0.6,72,CLERIC,8.58759638755785
0.6,72,MAGE,8.58759638755785
0.6,72,PALADIN,8.592945444355786
0.6,72,RANGER,8.59032905796832
0.6,72,ROGUE,8.630685997043491
0.6,72,WARRIOR,9.166205154019261
0.6,73,CLERIC,8.598563564987066
0.6,73,MAGE,8.598563564987066
0.6,73,PALADIN,8.605213327709878
0.6,73,RANGER,8.601309111927682
0.6,73,ROGUE,8.643818176944052
0.6,73,WARRIOR,9.196378831747689
0.6,74,CLERIC,8.610421047622902
0.6,74,MAGE,8.610421047622902
0.6,74,PALADIN,8.62081843498256
0.6,74,RANGER,8.612741166143834
0.6,74,ROGUE,8.658233354980219
0.6,74,WARRIOR,9.226546606793699
0.6,75,CLERIC,8.624680958390524
0.6,75,MAGE,8.624680958390524
0.6,75,PALADIN,8.63557115415832
0.6,75,RANGER,8.625635737418216
0.6,75,ROGUE,8.673261874521776
0.6,75,WARRIOR,9.257828980528613
0.6,76,CLERIC,8.637746618960346
0.6,76,MAGE,8.637746618960346
0.6,76,PALADIN,8.648379891710457
0.6,76,RANGER,8.6391912015411
0.6,76,ROGUE,8.686700547720504
0.6,76,WARRIOR,9.288324779764283
0.6,77,CLERIC,8.652448912832888
0.6,77,MAGE,8.652448912832888
0.6,77,PALADIN,8.660732980464987
0.6,77,RANGER,8.653438418657826
0.6,77,ROGUE,8.699388979815284
0.6,77,WARRIOR,9.318526127277456
0.6,78,CLERIC,8.667234011713271
0.6,78,MAGE,8.667234011713271
0.6,78,PALADIN,8.671360082057816
0.6,78,RANGER,8.668261702650492
0.6,78,ROGUE,8.712122502863037
0.6,78,WARRIOR,9.345617193971291
0.6,79,CLERIC,8.681561020746848
0.6,79,MAGE,8.681561020746848
0.6,79,PALADIN,8.686969881226107
0.6,79,RANGER,8.68262659541997
0.6,79,ROGUE,8.725954920665032
0.6,79,WARRIOR,9.374692812349677
0.6,80,CLERIC,8.695695280328637
0.6,80,MAGE,8.695695280328637
0.6,80,PALADIN,8.699285072900073
0.6,80,RANGER,8.696324850931797
0.6,80,ROGUE,8.738983813363372
0.6,80,WARRIOR,9.404395376872765
0.6,81,CLERIC,8.710432164767397
0.6,81,MAGE,8.710432164767397
0.6,81,PALADIN,8.714369348168342
0.6,81,RANGER,8.711005607259816
0.6,81,ROGUE,8.755742055775006
0.6,81,WARRIOR,9.435779008913773
0.6,82,CLERIC,8.724417472315588
0.6,82,MAGE,8.724417472315588
0.6,82,PALADIN,8.727212787572846
0.6,82,RANGER,8.725444948074534
0.6,82,ROGUE,8.76912849597286
0.6,82,WARRIOR,9.470053335862183
0.6,83,CLERIC,8.739668728601456
0.6,83,MAGE,8.739668728601456
0.6,83,PALADIN,8.737862829829577
0.6,83,RANGER,8.741189205717577
0.6,83,ROGUE,8.783568450277803
0.6,83,WARRIOR,9.501467787458688
0.6,84,CLERIC,8.752792388008322
0.6,84,MAGE,8.752792388008322
0.6,84,PALADIN,8.754066491277605
0.6,84,RANGER,8.754821653829586
0.6,84,ROGUE,8.801588846786634
0.6,84,WARRIOR,9.535275285998177
0.6,85,CLERIC,8.767569458120288
0.6,85,MAGE,8.767569458120288
0.6,85,PALADIN,8.767336381055957
0.6,85,RANGER,8.770137653134821
0.6,85,ROGUE,8.817081854072606
0.6,85,WARRIOR,9.565176328257825
0.6,86,CLERIC,8.782477598618241
0.6,86,MAGE,8.782477598618241
0.6,86,PALADIN,8.782137709960894
0.6,86,RANGER,8.785042804597891
0.6,86,ROGUE,8.832299772816262
0.6,86,WARRIOR,9.596578421142011
0.6,87,CLERIC,8.800577551497026
0.6,87,MAGE,8.800577551497026
0.6,87,PALADIN,8.79947065840422
0.6,87,RANGER,8.801645840015931
0.6,87,ROGUE,8.848533873179088
0.6,87,WARRIOR,9.63095795276122
0.6,88,CLERIC,8.816232163699906
0.6,88,MAGE,8.816232163699906
0.6,88,PALADIN,8.814640263863948
0.6,88,RANGER,8.816265178734655
0.6,88,ROGUE,8.863137965118561
0.6,88,WARRIOR,9.663295541790383
0.6,89,CLERIC,8.831306758666752
0.6,89,MAGE,8.831306758666752
0.6,89,PALADIN,8.830800878041321
0.6,89,RANGER,8.831340151707927
0.6,89,ROGUE,8.87725781209343
0.6,89,WARRIOR,9.697006547150597
0.6,90,CLERIC,8.852125377756991
0.6,90,MAGE,8.852125377756991
0.6,90,PALADIN,8.849016419464519
0.6,90,RANGER,8.851125782073387
0.6,90,ROGUE,8.89500626931972
0.6,90,WARRIOR,9.732585602638858
0.6,91,CLERIC,8.866679618352842
0.6,91,MAGE,8.866679618352842
0.6,91,PALADIN,8.867603682926022
0.6,91,RANGER,8.865647841779511
0.6,91,ROGUE,8.90938528343499
0.6,91,WARRIOR,9.763601425681319
0.6,92,CLERIC,8.883477859216956
0.6,92,MAGE,8.883477859216956
0.6,92,PALADIN,8.881863453294558
0.6,92,RANGER,8.884008812993395
0.6,92,ROGUE,8.92785362657103
0.6,92,WARRIOR,9.792402905559051
0.6,93,CLERIC,8.901705167198187
0.6,93,MAGE,8.901705167198187
0.6,93,PALADIN,8.896982534105428
0.6,93,RANGER,8.900691163102172
0.6,93,ROGUE,8.94344498096271
0.6,93,WARRIOR,9.820173199134794
0.6,94,CLERIC,8.918207639785615
0.6,94,MAGE,8.918207639785615
0.6,94,PALADIN,8.911869928235456
0.6,94,RANGER,8.91824057436313
0.6,94,ROGUE,8.96146858547878
0.6,94,WARRIOR,9.847812599066776
0.6,95,CLERIC,8.934861091340455
0.6,95,MAGE,8.934861091340455
0.6,95,PALADIN,8.926003275704282
0.6,95,RANGER,8.935418124186798
0.6,95,ROGUE,8.978733029223568
0.6,95,WARRIOR,9.875003598664085
0.6,96,CLERIC,8.9534675684302
0.6,96,MAGE,8.9534675684302
0.6,96,PALADIN,8.944666203325276
0.6,96,RANGER,8.955616175564403
0.6,96,ROGUE,8.997277716906524
0.6,96,WARRIOR,9.902984343503313
0.6,97,CLERIC,8.97019559392549
0.6,97,MAGE,8.97019559392549
0.6,97,PALADIN,8.959281826294708
0.6,97,RANGER,8.971869334621028
0.6,97,ROGUE,9.017352191232318
0.6,97,WARRIOR,9.927197292363546
0.6,98,CLERIC,8.989237607547226
0.6,98,MAGE,8.989237607547226
0.6,98,PALADIN,8.973609960280355
0.6,98,RANGER,8.989308234206005
0.6,98,ROGUE,9.03442756863625
0.6,98,WARRIOR,9.949905173939102
0.6,99,CLERIC,9.004779843304052
0.6,99,MAGE,9.004779843304052
0.6,99,PALADIN,8.991185692626932
0.6,99,RANGER,9.003707097253901
0.6,99,ROGUE,9.051415547292184
0.6,99,WARRIOR,9.972693724079486
0.6,100,CLERIC,9.02185284669641
0.6,100,MAGE,9.02185284669641
0.6,100,PALADIN,9.007335211373626
0.6,100,RANGER,9.021298013988103
0.6,100,ROGUE,9.067430274955607
0.6,100,WARRIOR,9.9949198942222
1.0,1,CLERIC,8.022083333333333
1.0,1,MAGE,8.022083333333333
1.0,1,PALADIN,8.022083333333333
1.0,1,RANGER,8.022083333333333
1.0,1,ROGUE,8.022083333333333
1.0,1,WARRIOR,8.022083333333333
1.0,2,CLERIC,8.022843273217676
1.0,2,MAGE,8.022843273217676
1.0,2,PALADIN,8.022843273217676
1.0,2,RANGER,8.022843273217676
1.0,2,ROGUE,8.022843273217676
1.0,2,WARRIOR,8.024036578535016
1.0,3,CLERIC,8.024031095923808
1.0,3,MAGE,8.024031095923808
1.0,3,PALADIN,8.02394339119416
1.0,3,RANGER,8.024118800653458
1.0,3,ROGUE,8.024031095923808
1.0,3,WARRIOR,8.027188466191172
1.0,4,CLERIC,8.024872187227476
1.0,4,MAGE,8.024872187227476
1.0,4,PALADIN,8.024872187227476
1.0,4,RANGER,8.025053075861857
1.0,4,ROGUE,8.024962631544666
1.0,4,WARRIOR,8.029394403087016
1.0,5,CLERIC,8.025865197662588
1.0,5,MAGE,8.025865197662588
1.0,5,PALADIN,8.025865197662588
1.0,5,RANGER,8.026051949992281
1.0,5,ROGUE,8.026051949992281
1.0,5,WARRIOR,8.031934648377634
1.0,6,CLERIC,8.027394586223624
1.0,6,MAGE,8.027394586223624
1.0,6,PALADIN,8.027780425466208
1.0,6,RANGER,8.027587505844915
1.0,6,ROGUE,8.027683965655562
1.0,6,WARRIOR,8.036365348613751
1.0,7,CLERIC,8.029003994517433
1.0,7,MAGE,8.029003994517433
1.0,7,PALADIN,8.02890432443318
1.0,7,RANGER,8.029203334685937
1.0,7,ROGUE,8.028704984264676
1.0,7,WARRIOR,8.038971002942667
1.0,8,CLERIC,8.030381942678014
1.0,8,MAGE,8.030381942678014
1.0,8,PALADIN,8.03017596340562
1.0,8,RANGER,8.030587921950406
1.0,8,ROGUE,8.03017596340562
1.0,8,WARRIOR,8.042122761204432
1.0,9,CLERIC,8.032240927527711
1.0,9,MAGE,8.032240927527711
1.0,9,PALADIN,8.032347333229124
1.0,9,RANGER,8.032453738930535
1.0,9,ROGUE,8.0321345218263
1.0,9,WARRIOR,8.047350537128159
1.0,10,CLERIC,8.033851802951263
1.0,10,MAGE,8.033851802951263
1.0,10,PALADIN,8.033961711402405
1.0,10,RANGER,8.034071619853545
1.0,10,ROGUE,8.033961711402405
1.0,10,WARRIOR,8.050887612878038
1.0,11,CLERIC,8.035295408388356
1.0,11,MAGE,8.035295408388356
1.0,11,PALADIN,8.035635878565737
1.0,11,RANGER,8.035749368624861
1.0,11,ROGUE,8.035635878565737
1.0,11,WARRIOR,8.054361738321616
1.0,12,CLERIC,8.036783256950459
1.0,12,MAGE,8.036783256950459
1.0,12,PALADIN,8.036900401080874
1.0,12,RANGER,8.037251833472121
1.0,12,ROGUE,8.036900401080874
1.0,12,WARRIOR,8.057517768033998
1.0,13,CLERIC,8.039039501960373
1.0,13,MAGE,8.039039501960373
1.0,13,PALADIN,8.03879777129808
1.0,13,RANGER,8.039643828616105
1.0,13,ROGUE,8.038918636629225
1.0,13,WARRIOR,8.062366510871678
1.0,14,CLERIC,8.040884917088242
1.0,14,MAGE,8.040884917088242
1.0,14,PALADIN,8.040635618813313
1.0,14,RANGER,8.041383513638099
1.0,14,ROGUE,8.040386320538385
1.0,14,WARRIOR,8.065939393718537
1.0,15,CLERIC,8.042916214059966
1.0,15,MAGE,8.042916214059966
1.0,15,PALADIN,8.042916214059968
1.0,15,RANGER,8.043430180695415
1.0,15,ROGUE,8.04304470571883
1.0,15,WARRIOR,8.072083820621682
1.0,16,CLERIC,8.044482875388583
1.0,16,MAGE,8.044482875388583
1.0,16,PALADIN,8.044747654408754
1.0,16,RANGER,8.045012433428923
1.0,16,ROGUE,8.044747654408754
1.0,16,WARRIOR,8.076123968298914
1.0,17,CLERIC,8.046219163672506
1.0,17,MAGE,8.046219163672506
1.0,17,PALADIN,8.046628182820049
1.0,17,RANGER,8.046900862251745
1.0,17,ROGUE,8.046491843104201
1.0,17,WARRIOR,8.080576772066225
1.0,18,CLERIC,8.048838194170468
1.0,18,MAGE,8.048838194170468
1.0,18,PALADIN,8.049259213085731
1.0,18,RANGER,8.049539892362573
1.0,18,ROGUE,8.049820571639415
1.0,18,WARRIOR,8.087571934374633
1.0,19,CLERIC,8.051112970229108
1.0,19,MAGE,8.051112970229108
1.0,19,PALADIN,8.05140174407221
1.0,19,RANGER,8.051979291758414
1.0,19,ROGUE,8.051834904836863
1.0,19,WARRIOR,8.092552016714286
1.0,20,CLERIC,8.053898039017751
1.0,20,MAGE,8.053898039017751
1.0,20,PALADIN,8.054194997910411
1.0,20,RANGER,8.054640436249402
1.0,20,ROGUE,8.054491956803071
1.0,20,WARRIOR,8.099481229041029
1.0,21,CLERIC,8.055704583023523
1.0,21,MAGE,8.055704583023523
1.0,21,PALADIN,8.056162428911387
1.0,21,RANGER,8.056467659503298
1.0,21,ROGUE,8.056620274799252
1.0,21,WARRIOR,8.104083631841211
1.0,22,CLERIC,8.058170101805748
1.0,22,MAGE,8.058170101805748
1.0,22,PALADIN,8.058797272714706
1.0,22,RANGER,8.059110858169184
1.0,22,ROGUE,8.060208407259859
1.0,22,WARRIOR,8.112106799976038
1.0,23,CLERIC,8.060539815389356
1.0,23,MAGE,8.060539815389356
1.0,23,PALADIN,8.061344866125918
1.0,23,RANGER,8.061344866125916
1.0,23,ROGUE,8.063437998040975
1.0,23,WARRIOR,8.12011356989484
1.0,24,CLERIC,8.062801115860685
1.0,24,MAGE,8.062801115860685
1.0,24,PALADIN,8.063296914143795
1.0,24,RANGER,8.063627446332536
1.0,24,ROGUE,8.06693276821994
1.0,24,WARRIOR,8.125602231721368
1.0,25,CLERIC,8.065958537213753
1.0,25,MAGE,8.065958537213753
1.0,25,PALADIN,8.066128096435381
1.0,25,RANGER,8.066806333321898
1.0,25,ROGUE,8.070706195419369
1.0,25,WARRIOR,8.132595311314022
1.0,26,CLERIC,8.068338095545622
1.0,26,MAGE,8.068338095545622
1.0,26,PALADIN,8.068859760397116
1.0,26,RANGER,8.06938142524861
1.0,26,ROGUE,8.073206967492894
1.0,26,WARRIOR,8.13893673878105
1.0,27,CLERIC,8.07112259819988
1.0,27,MAGE,8.07112259819988
1.0,27,PALADIN,8.071835606703138
1.0,27,RANGER,8.072013858828951
1.0,27,ROGUE,8.076291909848495
1.0,27,WARRIOR,8.148840525054887
1.0,28,CLERIC,8.074338416814198
1.0,28,MAGE,8.074338416814198
1.0,28,PALADIN,8.075799614196296
1.0,28,RANGER,8.075616964523533
1.0,28,ROGUE,8.079269957978777
1.0,28,WARRIOR,8.158539915957553
1.0,29,CLERIC,8.077076927794842
1.0,29,MAGE,8.077076927794842
1.0,29,PALADIN,8.078012327404002
1.0,29,RANGER,8.078386487247666
1.0,29,ROGUE,8.082128085684309
1.0,29,WARRIOR,8.165565730821445
1.0,30,CLERIC,8.08044761266857
1.0,30,MAGE,8.08044761266857
1.0,30,PALADIN,8.080830696538419
1.0,30,RANGER,8.081788406213045
1.0,30,ROGUE,8.084853077171848
1.0,30,WARRIOR,8.175260870456524
1.0,31,CLERIC,8.08370687343807
1.0,31,MAGE,8.08370687343807
1.0,31,PALADIN,8.084294977935292
1.0,31,RANGER,8.08527515209733
1.0,31,ROGUE,8.089195848745483
1.0,31,WARRIOR,8.186037055954865
1.0,32,CLERIC,8.08724263761991
1.0,32,MAGE,8.08724263761991
1.0,32,PALADIN,8.087643753195175
1.0,32,RANGER,8.088847099920967
1.0,32,ROGUE,8.092858255673606
1.0,32,WARRIOR,8.196947747454603
1.0,33,CLERIC,8.089838189693568
1.0,33,MAGE,8.089838189693568
1.0,33,PALADIN,8.090248409737832
1.0,33,RANGER,8.091479069870621
1.0,33,ROGUE,8.096401710401775
1.0,33,WARRIOR,8.205520242175698
1.0,34,CLERIC,8.093731788220518
1.0,34,MAGE,8.093731788220518
1.0,34,PALADIN,8.09352209741913
1.0,34,RANGER,8.095199623830235
1.0,34,ROGUE,8.100441893864941
1.0,34,WARRIOR,8.216610597833993
1.0,35,CLERIC,8.09750624114613
1.0,35,MAGE,8.09750624114613
1.0,35,PALADIN,8.09793484000831
1.0,35,RANGER,8.09857773830158
1.0,35,ROGUE,8.105221020665384
1.0,35,WARRIOR,8.229943289559992
1.0,36,CLERIC,8.100929152006083
1.0,36,MAGE,8.100929152006083
1.0,36,PALADIN,8.103337439797984
1.0,36,RANGER,8.102242763528938
1.0,36,ROGUE,8.109248691650835
1.0,36,WARRIOR,8.243893872743547
1.0,37,CLERIC,8.104420100699874
1.0,37,MAGE,8.104420100699874
1.0,37,PALADIN,8.106879674806295
1.0,37,RANGER,8.105761686576104
1.0,37,ROGUE,8.113140408895369
1.0,37,WARRIOR,8.255348511775713
1.0,38,CLERIC,8.107066141290947
1.0,38,MAGE,8.107066141290947
1.0,38,PALADIN,8.110033859493042
1.0,38,RANGER,8.10843585738422
1.0,38,ROGUE,8.116197581912775
1.0,38,WARRIOR,8.263898633970863
1.0,39,CLERIC,8.110441904726253
1.0,39,MAGE,8.110441904726253
1.0,39,PALADIN,8.11277190271626
1.0,39,RANGER,8.111606903721256
1.0,39,ROGUE,8.121159895480277
1.0,39,WARRIOR,8.275871762016632
1.0,40,CLERIC,8.114114460721233
1.0,40,MAGE,8.114114460721233
1.0,40,PALADIN,8.116254106859754
1.0,40,RANGER,8.11482767610074
1.0,40,ROGUE,8.125763645253192
1.0,40,WARRIOR,8.287663536401439
1.0,41,CLERIC,8.118825728297756
1.0,41,MAGE,8.118825728297756
1.0,41,PALADIN,8.119795734243043
1.0,41,RANGER,8.119310731270401
1.0,41,ROGUE,8.130950802613855
1.0,41,WARRIOR,8.301186846011865
1.0,42,CLERIC,8.122902329741528
1.0,42,MAGE,8.122902329741528
1.0,42,PALADIN,8.124633348470283
1.0,42,RANGER,8.123396906521172
1.0,42,ROGUE,8.13551403762245
1.0,42,WARRIOR,8.316281850582323
1.0,43,CLERIC,8.127561943824697
1.0,43,MAGE,8.127561943824697
1.0,43,PALADIN,8.12831823993433
1.0,43,RANGER,8.128570338637541
1.0,43,ROGUE,8.139914780282028
1.0,43,WARRIOR,8.3294930050966
1.0,44,CLERIC,8.13154917347167
1.0,44,MAGE,8.13154917347167
1.0,44,PALADIN,8.132319969409982
1.0,44,RANGER,8.133090765348292
1.0,44,ROGUE,8.146451228279009
1.0,44,WARRIOR,8.34428885244539
1.0,45,CLERIC,8.134558924168463
1.0,45,MAGE,8.134558924168463
1.0,45,PALADIN,8.137962165441206
1.0,45,RANGER,8.136129650909728
1.0,45,ROGUE,8.151313342741966
1.0,45,WARRIOR,8.36074357491078
1.0,46,CLERIC,8.139199508350812
1.0,46,MAGE,8.139199508350812
1.0,46,PALADIN,8.14186616559891
1.0,46,RANGER,8.141066168424482
1.0,46,ROGUE,8.15653278046346
1.0,46,WARRIOR,8.375198674807647
1.0,47,CLERIC,8.144472786937472
1.0,47,MAGE,8.144472786937472
1.0,47,PALADIN,8.148274702383196
1.0,47,RANGER,8.146373744660336
1.0,47,ROGUE,8.162939233388128
1.0,47,WARRIOR,8.39702859868907
1.0,48,CLERIC,8.149579144527712
1.0,48,MAGE,8.149579144527712
1.0,48,PALADIN,8.154002926990637
1.0,48,RANGER,8.15123806295131
1.0,48,ROGUE,8.168933192803015
1.0,48,WARRIOR,8.413623660283653
1.0,49,CLERIC,8.155629908197556
1.0,49,MAGE,8.155629908197556
1.0,49,PALADIN,8.160414191089705
1.0,49,RANGER,8.1575999070355
1.0,49,ROGUE,8.176174181793256
1.0,49,WARRIOR,8.432836887536785
1.0,50,CLERIC,8.16037898401638
1.0,50,MAGE,8.16037898401638
1.0,50,PALADIN,8.164674849659674
1.0,50,RANGER,8.162097330273697
1.0,50,ROGUE,8.181858312232858
1.0,50,WARRIOR,8.448774764202975
1.0,51,CLERIC,8.16579179386925
1.0,51,MAGE,8.16579179386925
1.0,51,PALADIN,8.17045377752814
1.0,51,RANGER,8.167540037741334
1.0,51,ROGUE,8.188518964206336
1.0,51,WARRIOR,8.469112105675734
1.0,52,CLERIC,8.17100946399259
1.0,52,MAGE,8.17100946399259
1.0,52,PALADIN,8.176640624851965
1.0,52,RANGER,8.172787725316603
1.0,52,ROGUE,8.192644976768081
1.0,52,WARRIOR,8.487539979666915
1.0,53,CLERIC,8.178428477298178
1.0,53,MAGE,8.178428477298178
1.0,53,PALADIN,8.184155066941193
1.0,53,RANGER,8.179031276207969
1.0,53,ROGUE,8.201033436415345
1.0,53,WARRIOR,8.512379073322467
1.0,54,CLERIC,8.184171268355831
1.0,54,MAGE,8.184171268355831
1.0,54,PALADIN,8.189687213165158
1.0,54,RANGER,8.184477709734127
1.0,54,ROGUE,8.207767254484617
1.0,54,WARRIOR,8.530756467208489
1.0,55,CLERIC,8.190639447248893
1.0,55,MAGE,8.190639447248893
1.0,55,PALADIN,8.197804001638964
1.0,55,RANGER,8.19157395434325
1.0,55,ROGUE,8.216494143526111
1.0,55,WARRIOR,8.558212237696102
1.0,56,CLERIC,8.197230667857657
1.0,56,MAGE,8.197230667857657
1.0,56,PALADIN,8.20356231048551
1.0,56,RANGER,8.198496996383227
1.0,56,ROGUE,8.222873820500466
1.0,56,WARRIOR,8.57776238979169
1.0,57,CLERIC,8.203945376404564
1.0,57,MAGE,8.203945376404564
1.0,57,PALADIN,8.209092262875341
1.0,57,RANGER,8.205553778426681
1.0,57,ROGUE,8.231288210780571
1.0,57,WARRIOR,8.601220675867713
1.0,58,CLERIC,8.2124179973499
1.0,58,MAGE,8.2124179973499
1.0,58,PALADIN,8.216993154215897
1.0,58,RANGER,8.2130715911879
1.0,58,ROGUE,8.241829720059885
1.0,58,WARRIOR,8.626796490641704
1.0,59,CLERIC,8.219074736291487
1.0,59,MAGE,8.219074736291487
1.0,59,PALADIN,8.222062119059098
1.0,59,RANGER,8.220070530547357
1.0,59,ROGUE,8.247952769711729
1.0,59,WARRIOR,8.64693433489713
1.0,60,CLERIC,8.227194383316164
1.0,60,MAGE,8.227194383316164
1.0,60,PALADIN,8.22854271793525
1.0,60,RANGER,8.228879801590022
1.0,60,ROGUE,8.256183577626535
1.0,60,WARRIOR,8.671133556650565
1.0,61,CLERIC,8.23375906299185
1.0,61,MAGE,8.23375906299185
1.0,61,PALADIN,8.236497090083995
1.0,61,RANGER,8.235812583310958
1.0,61,ROGUE,8.265246374551515
1.0,61,WARRIOR,8.697170148337333
1.0,62,CLERIC,8.243555706503882
1.0,62,MAGE,8.243555706503882
1.0,62,PALADIN,8.244598027644413
1.0,62,RANGER,8.245292908404766
1.0,62,ROGUE,8.275520221480141
1.0,62,WARRIOR,8.724760633048643
1.0,63,CLERIC,8.250377530368624
1.0,63,MAGE,8.250377530368624
1.0,63,PALADIN,8.251435463595532
1.0,63,RANGER,8.252140752413473
1.0,63,ROGUE,8.281762882766945
1.0,63,WARRIOR,8.746900858198233
1.0,64,CLERIC,8.25945230821853
1.0,64,MAGE,8.25945230821853
1.0,64,PALADIN,8.25730511670224
1.0,64,RANGER,8.261241634482106
1.0,64,ROGUE,8.290944450457468
1.0,64,WARRIOR,8.772988945864862
1.0,65,CLERIC,8.267606688081132
1.0,65,MAGE,8.267606688081132
1.0,65,PALADIN,8.264338763803343
1.0,65,RANGER,8.26905909887126
1.0,65,ROGUE,8.298470417371357
1.0,65,WARRIOR,8.798825934570543
1.0,66,CLERIC,8.275899045138482
1.0,66,MAGE,8.275899045138482
1.0,66,PALADIN,8.273320549389524
1.0,66,RANGER,8.277372471280744
1.0,66,ROGUE,8.307209350661541
1.0,66,WARRIOR,8.828433848486577
1.0,67,CLERIC,8.283208936062103
1.0,67,MAGE,8.283208936062103
1.0,67,PALADIN,8.280219923544296
1.0,67,RANGER,8.285450695450457
1.0,67,ROGUE,8.316461700322693
1.0,67,WARRIOR,8.85485758009247
1.0,68,CLERIC,8.291004867925098
1.0,68,MAGE,8.291004867925098
1.0,68,PALADIN,8.288731392394434
1.0,68,RANGER,8.292520518278875
1.0,68,ROGUE,8.324349175708184
1.0,68,WARRIOR,8.87794046742507
1.0,69,CLERIC,8.297766171966904
1.0,69,MAGE,8.297766171966904
1.0,69,PALADIN,8.300839887290435
1.0,69,RANGER,8.29968724404411
1.0,69,ROGUE,8.333882327018374
1.0,69,WARRIOR,8.912893451088214
1.0,70,CLERIC,8.306951105292828
1.0,70,MAGE,8.306951105292828
1.0,70,PALADIN,8.311235955747422
1.0,70,RANGER,8.310067360168897
1.0,70,ROGUE,8.343567100086643
1.0,70,WARRIOR,8.946172886746547
1.0,71,CLERIC,8.315496926703632
1.0,71,MAGE,8.315496926703632
1.0,71,PALADIN,8.319840438835973
1.0,71,RANGER,8.318260979878758
1.0,71,ROGUE,8.352614212198178
1.0,71,WARRIOR,8.980449147691013
1.0,72,CLERIC,8.324972857060635
1.0,72,MAGE,8.324972857060635
1.0,72,PALADIN,8.330175624476631
1.0,72,RANGER,8.327374134329558
1.0,72,ROGUE,8.364994144875984
1.0,72,WARRIOR,9.014139433240949
1.0,73,CLERIC,8.332166829070554
1.0,73,MAGE,8.332166829070554
1.0,73,PALADIN,8.338656046732494
1.0,73,RANGER,8.334600285693782
1.0,73,ROGUE,8.374346743873165
1.0,73,WARRIOR,9.048819804611055
1.0,74,CLERIC,8.340270117825197
1.0,74,MAGE,8.340270117825197
1.0,74,PALADIN,8.350133019791146
1.0,74,RANGER,8.342324889068104
1.0,74,ROGUE,8.385064130920544
1.0,74,WARRIOR,9.083686353508508
1.0,75,CLERIC,8.350564299081546
1.0,75,MAGE,8.350564299081546
1.0,75,PALADIN,8.360972977795369
1.0,75,RANGER,8.351396993378652
1.0,75,ROGUE,8.396362485422367
1.0,75,WARRIOR,9.120390176755869
1.0,76,CLERIC,8.35975671137004
1.0,76,MAGE,8.35975671137004
1.0,76,PALADIN,8.36987882282711
1.0,76,RANGER,8.361021975302174
1.0,76,ROGUE,8.406149722214945
1.0,76,WARRIOR,9.156029479326234
1.0,77,CLERIC,8.37036209412617
1.0,77,MAGE,8.37036209412617
1.0,77,PALADIN,8.378478449130089
1.0,77,RANGER,8.371216447284478
1.0,77,ROGUE,8.415215634937299
1.0,77,WARRIOR,9.19139547925939
1.0,78,CLERIC,8.381131878275609
1.0,78,MAGE,8.381131878275609
1.0,78,PALADIN,8.385458006292357
1.0,78,RANGER,8.381997103878957
1.0,78,ROGUE,8.4243931584431
1.0,78,WARRIOR,9.222131164731659
1.0,79,CLERIC,8.391628467692096
1.0,79,MAGE,8.391628467692096
1.0,79,PALADIN,8.396885225647694
1.0,79,RANGER,8.392504594018028
1.0,79,ROGUE,8.434558657662818
1.0,79,WARRIOR,9.255927088225096
1.0,80,CLERIC,8.40183593114615
1.0,80,MAGE,8.40183593114615
1.0,80,PALADIN,8.40538415128872
1.0,80,RANGER,8.40227945866397
1.0,80,ROGUE,8.443971045339179
1.0,80,WARRIOR,9.290665076860153
1.0,81,CLERIC,8.412636260673253
1.0,81,MAGE,8.412636260673253
1.0,81,PALADIN,8.41667731219236
1.0,81,RANGER,8.4130852663976
1.0,81,ROGUE,8.45708782738343
1.0,81,WARRIOR,9.32815893261315
1.0,82,CLERIC,8.422682808772004
1.0,82,MAGE,8.422682808772004
1.0,82,PALADIN,8.425864292278892
1.0,82,RANGER,8.423591804059688
1.0,82,ROGUE,8.46676908022457
1.0,82,WARRIOR,9.37031039618021
1.0,83,CLERIC,8.434242964818216
1.0,83,MAGE,8.434242964818216
1.0,83,PALADIN,8.432862955396123
1.0,83,RANGER,8.435622974240307
1.0,83,ROGUE,8.477483260043758
1.0,83,WARRIOR,9.40806961367432
1.0,84,CLERIC,8.443642544416706
1.0,84,MAGE,8.443642544416706
1.0,84,PALADIN,8.445039110663558
1.0,84,RANGER,8.445504632745841
1.0,84,ROGUE,8.492056840974248
1.0,84,WARRIOR,9.44963576423255
1.0,85,CLERIC,8.454567436991123
1.0,85,MAGE,8.454567436991123
1.0,85,PALADIN,8.454567436991123
1.0,85,RANGER,8.456922708685378
1.0,85,ROGUE,8.504028142570467
1.0,85,WARRIOR,9.485234330396903
1.0,86,CLERIC,8.46563798841243
1.0,86,MAGE,8.46563798841243
1.0,86,PALADIN,8.46563798841243
1.0,86,RANGER,8.468020987329586
1.0,86,ROGUE,8.515680965672722
1.0,86,WARRIOR,9.523212907846597
1.0,87,CLERIC,8.479747500292243
1.0,87,MAGE,8.479747500292243
1.0,87,PALADIN,8.47926534200049
1.0,87,RANGER,8.480711816875743
1.0,87,ROGUE,8.528445487759091
1.0,87,WARRIOR,9.566050131607238
1.0,88,CLERIC,8.491631580076868
1.0,88,MAGE,8.491631580076868
1.0,88,PALADIN,8.490656120592588
1.0,88,RANGER,8.491631580076868
1.0,88,ROGUE,8.539429094806565
1.0,88,WARRIOR,9.605606311124058
1.0,89,CLERIC,8.503180295756858
1.0,89,MAGE,8.503180295756858
1.0,89,PALADIN,8.503180295756858
1.0,89,RANGER,8.503180295756858
1.0,89,ROGUE,8.55004512722441
1.0,89,WARRIOR,9.647668811595986
1.0,90,CLERIC,8.520364167749355
1.0,90,MAGE,8.520364167749355
1.0,90,PALADIN,8.517869612774527
1.0,90,RANGER,8.519366345759424
1.0,90,ROGUE,8.564268335306348
1.0,90,WARRIOR,9.692805005919045
1.0,91,CLERIC,8.531260156363532
1.0,91,MAGE,8.531260156363532
1.0,91,PALADIN,8.532773718062574
1.0,91,RANGER,8.530251115230838
1.0,91,ROGUE,8.575153445635733
1.0,91,WARRIOR,9.730505542570668
1.0,92,CLERIC,8.544322172909903
1.0,92,MAGE,8.544322172909903
1.0,92,PALADIN,8.543301887674831
1.0,92,RANGER,8.544832315527437
1.0,92,ROGUE,8.590235008488056
1.0,92,WARRIOR,9.764583314053747
1.0,93,CLERIC,8.559102309942013
1.0,93,MAGE,8.559102309942013
1.0,93,PALADIN,8.554976093632478
1.0,93,RANGER,8.558070755864629
1.0,93,ROGUE,8.602427581192131
1.0,93,WARRIOR,9.796967202802557
1.0,94,CLERIC,8.572001823178189
1.0,94,MAGE,8.572001823178189
1.0,94,PALADIN,8.566266162234742
1.0,94,RANGER,8.572001823178189
1.0,94,ROGUE,8.617365687003623
1.0,94,WARRIOR,9.829154417237085
1.0,95,CLERIC,8.585061644102035
1.0,95,MAGE,8.585061644102035
1.0,95,PALADIN,8.57662832310597
1.0,95,RANGER,8.58558872666429
1.0,95,ROGUE,8.631444909580393
1.0,95,WARRIOR,9.860601444756922
1.0,96,CLERIC,8.600413144331174
1.0,96,MAGE,8.600413144331174
1.0,96,PALADIN,8.59188908904342
1.0,96,RANGER,8.602544158153112
1.0,96,ROGUE,8.646762694958335
1.0,96,WARRIOR,9.893405780792362
1.0,97,CLERIC,8.613817382242264
1.0,97,MAGE,8.613817382242264
1.0,97,PALADIN,8.603048656238014
1.0,97,RANGER,8.615432691142901
1.0,97,ROGUE,8.663891958162028
1.0,97,WARRIOR,9.920063846557818
1.0,98,CLERIC,8.629559563221799
1.0,98,MAGE,8.629559563221799
1.0,98,PALADIN,8.613779764316499
1.0,98,RANGER,8.629559563221799
1.0,98,ROGUE,8.677987221931167
1.0,98,WARRIOR,9.944180051332312
1.0,99,CLERIC,8.64166030088177
1.0,99,MAGE,8.64166030088177
1.0,99,PALADIN,8.627914364701784
1.0,99,RANGER,8.640560625987371
1.0,99,ROGUE,8.691695508576922
1.0,99,WARRIOR,9.968418060974068
1.0,100,CLERIC,8.655555555555557
1.0,100,MAGE,8.655555555555557
1.0,100,PALADIN,8.640555555555556
1.0,100,RANGER,8.655
1.0,100,ROGUE,8.704444444444444
1.0,100,WARRIOR,9.991666666666667
1.2,1,CLERIC,8.013181578491501
1.2,1,MAGE,8.013181578491501
1.2,1,PALADIN,8.013181578491501
1.2,1,RANGER,8.013181578491501
1.2,1,ROGUE,8.013181578491501
1.2,1,WARRIOR,8.013181578491501
1.2,2,CLERIC,8.013667797492007
1.2,2,MAGE,8.013667797492007
1.2,2,PALADIN,8.013667797492007
1.2,2,RANGER,8.013667797492007
1.2,2,ROGUE,8.013667797492007
1.2,2,WARRIOR,8.01451177783416
1.2,3,CLERIC,8.014437338786932
1.2,3,MAGE,8.014437338786932
1.2,3,PALADIN,8.014373313803723
1.2,3,RANGER,8.014497942415113
1.2,3,ROGUE,8.014434105383284
1.2,3,WARRIOR,8.016724479315732
1.2,4,CLERIC,8.014953242987803
1.2,4,MAGE,8.014953242987803
1.2,4,PALADIN,8.014946826150629
1.2,4,RANGER,8.015080672133282
1.2,4,ROGUE,8.01501992946787
1.2,4,WARRIOR,8.018248087571385
1.2,5,CLERIC,8.015579859969483
1.2,5,MAGE,8.015579859969483
1.2,5,PALADIN,8.015570785835644
1.2,5,RANGER,8.01571141986472
1.2,5,ROGUE,8.015709539018859
1.2,5,WARRIOR,8.0200286123823
1.2,6,CLERIC,8.016575801454293
1.2,6,MAGE,8.016575801454293
1.2,6,PALADIN,8.016840474872739
1.2,6,RANGER,8.016711705971296
1.2,6,ROGUE,8.01679161903922
1.2,6,WARRIOR,8.023232308944028
1.2,7,CLERIC,8.017629896474473
1.2,7,MAGE,8.017629896474473
1.2,7,PALADIN,8.017553230840852
1.2,7,RANGER,8.017770324022168
1.2,7,ROGUE,8.017417815237273
1.2,7,WARRIOR,8.025085610364041
1.2,8,CLERIC,8.018517722141082
1.2,8,MAGE,8.018517722141082
1.2,8,PALADIN,8.018364125884204
1.2,8,RANGER,8.018662826684313
1.2,8,ROGUE,8.018373644254291
1.2,8,WARRIOR,8.02735947713663
1.2,9,CLERIC,8.01976599108974
1.2,9,MAGE,8.01976599108974
1.2,9,PALADIN,8.019805481491472
1.2,9,RANGER,8.019915908608342
1.2,9,ROGUE,8.019670206624623
1.2,9,WARRIOR,8.031248616309695
1.2,10,CLERIC,8.020819990475797
1.2,10,MAGE,8.020819990475797
1.2,10,PALADIN,8.020858280252531
1.2,10,RANGER,8.02097484310164
1.2,10,ROGUE,8.020884321169802
1.2,10,WARRIOR,8.033840770647219
1.2,11,CLERIC,8.021753280571277
1.2,11,MAGE,8.021753280571277
1.2,11,PALADIN,8.02195159065179
1.2,11,RANGER,8.022076035652368
1.2,11,ROGUE,8.021980066791608
1.2,11,WARRIOR,8.036389005807402
1.2,12,CLERIC,8.022709836848362
1.2,12,MAGE,8.022709836848362
1.2,12,PALADIN,8.022745215091721
1.2,12,RANGER,8.023042983765393
1.2,12,ROGUE,8.022775858567647
1.2,12,WARRIOR,8.038695157381147
1.2,13,CLERIC,8.024238111039594
1.2,13,MAGE,8.024238111039594
1.2,13,PALADIN,8.024001926914783
1.2,13,RANGER,8.02468065541535
1.2,13,ROGUE,8.024115091549248
1.2,13,WARRIOR,8.042373666426013
1.2,14,CLERIC,8.025457263453442
1.2,14,MAGE,8.025457263453442
1.2,14,PALADIN,8.025215794603938
1.2,14,RANGER,8.02582753003898
1.2,14,ROGUE,8.025049015975137
1.2,14,WARRIOR,8.045023979058909
1.2,15,CLERIC,8.026814949292161
1.2,15,MAGE,8.026814949292161
1.2,15,PALADIN,8.026762117374387
1.2,15,RANGER,8.027205767428258
1.2,15,ROGUE,8.026866967641629
1.2,15,WARRIOR,8.049801906829979
1.2,16,CLERIC,8.027823248070275
1.2,16,MAGE,8.027823248070275
1.2,16,PALADIN,8.027977344221696
1.2,16,RANGER,8.028225921847145
1.2,16,ROGUE,8.027974575480963
1.2,16,WARRIOR,8.05284361787304
1.2,17,CLERIC,8.028954526632436
1.2,17,MAGE,8.028954526632436
1.2,17,PALADIN,8.0292287377298
1.2,17,RANGER,8.029476194571231
1.2,17,ROGUE,8.02911354515947
1.2,17,WARRIOR,8.056245878703935
1.2,18,CLERIC,8.030754510136525
1.2,18,MAGE,8.030754510136525
1.2,18,PALADIN,8.031027873344943
1.2,18,RANGER,8.031291482723352
1.2,18,ROGUE,8.031431064836726
1.2,18,WARRIOR,8.061788368169866
1.2,19,CLERIC,8.032302693359197
1.2,19,MAGE,8.032302693359197
1.2,19,PALADIN,8.032452065908213
1.2,19,RANGER,8.032960555132926
1.2,19,ROGUE,8.032770208320514
1.2,19,WARRIOR,8.065644281356398
1.2,20,CLERIC,8.034229537524459
1.2,20,MAGE,8.034229537524459
1.2,20,PALADIN,8.034387011506618
1.2,20,RANGER,8.034802923688314
1.2,20,ROGUE,8.034600620311243
1.2,20,WARRIOR,8.071167884865396
1.2,21,CLERIC,8.035419932115246
1.2,21,MAGE,8.035419932115246
1.2,21,PALADIN,8.035697387196569
1.2,21,RANGER,8.036009289775558
1.2,21,ROGUE,8.036031034378778
1.2,21,WARRIOR,8.074722778216392
1.2,22,CLERIC,8.037114629027355
1.2,22,MAGE,8.037114629027355
1.2,22,PALADIN,8.037512062378527
1.2,22,RANGER,8.037842548538928
1.2,22,ROGUE,8.038578750605788
1.2,22,WARRIOR,8.081235429576012
1.2,23,CLERIC,8.038725120166063
1.2,23,MAGE,8.038725120166063
1.2,23,PALADIN,8.03926107002028
1.2,23,RANGER,8.039346350308442
1.2,23,ROGUE,8.040869164718918
1.2,23,WARRIOR,8.08778742623354
1.2,24,CLERIC,8.040259947352714
1.2,24,MAGE,8.040259947352714
1.2,24,PALADIN,8.040550667115454
1.2,24,RANGER,8.04091157826509
1.2,24,ROGUE,8.043352947367234
1.2,24,WARRIOR,8.092131359097667
1.2,25,CLERIC,8.042465170399089
1.2,25,MAGE,8.042465170399089
1.2,25,PALADIN,8.042532884917046
1.2,25,RANGER,8.043135538765545
1.2,25,ROGUE,8.046058444820524
1.2,25,WARRIOR,8.097815932630162
1.2,26,CLERIC,8.04408893240761
1.2,26,MAGE,8.04408893240761
1.2,26,PALADIN,8.044432471794762
1.2,26,RANGER,8.044896572259576
1.2,26,ROGUE,8.04778116240285
1.2,26,WARRIOR,8.102937175192936
1.2,27,CLERIC,8.04601950674162
1.2,27,MAGE,8.04601950674162
1.2,27,PALADIN,8.046512491390397
1.2,27,RANGER,8.046715270509853
1.2,27,ROGUE,8.049950799055148
1.2,27,WARRIOR,8.111238771476257
1.2,28,CLERIC,8.048285822766703
1.2,28,MAGE,8.048285822766703
1.2,28,PALADIN,8.049372850678674
1.2,28,RANGER,8.049284952665571
1.2,28,ROGUE,8.052042513091513
1.2,28,WARRIOR,8.119407496600122
1.2,29,CLERIC,8.050176116077369
1.2,29,MAGE,8.050176116077369
1.2,29,PALADIN,8.050865557565286
1.2,29,RANGER,8.051199480316425
1.2,29,ROGUE,8.054047548794006
1.2,29,WARRIOR,8.12518021784754
1.2,30,CLERIC,8.052569506071341
1.2,30,MAGE,8.052569506071341
1.2,30,PALADIN,8.052835876701936
1.2,30,RANGER,8.053617278406088
1.2,30,ROGUE,8.055959292419093
1.2,30,WARRIOR,8.133383208059845
1.2,31,CLERIC,8.054879825343361
1.2,31,MAGE,8.054879825343361
1.2,31,PALADIN,8.055309255970881
1.2,31,RANGER,8.05611168095383
1.2,31,ROGUE,8.059132340493951
1.2,31,WARRIOR,8.142612034887415
1.2,32,CLERIC,8.057401158477282
1.2,32,MAGE,8.057401158477282
1.2,32,PALADIN,8.05769354501376
1.2,32,RANGER,8.058677432560795
1.2,32,ROGUE,8.06178331177408
1.2,32,WARRIOR,8.151986194977331
1.2,33,CLERIC,8.059196049037185
1.2,33,MAGE,8.059196049037185
1.2,33,PALADIN,8.059481444056246
1.2,33,RANGER,8.060501291823348
1.2,33,ROGUE,8.064333879452285
1.2,33,WARRIOR,8.159230181468303
1.2,34,CLERIC,8.062012566875575
1.2,34,MAGE,8.062012566875575
1.2,34,PALADIN,8.061809323460812
1.2,34,RANGER,8.06318491430349
1.2,34,ROGUE,8.067303603952228
1.2,34,WARRIOR,8.168853855644363
1.2,35,CLERIC,8.06472864551217
1.2,35,MAGE,8.06472864551217
1.2,35,PALADIN,8.065018936250782
1.2,35,RANGER,8.06559405070904
1.2,35,ROGUE,8.070843105754223
1.2,35,WARRIOR,8.180623304232038
1.2,36,CLERIC,8.067192136881774
1.2,36,MAGE,8.067192136881774
1.2,36,PALADIN,8.069086845060541
1.2,36,RANGER,8.068267591261803
1.2,36,ROGUE,8.073767149532502
1.2,36,WARRIOR,8.193033170576749
1.2,37,CLERIC,8.069713755091415
1.2,37,MAGE,8.069713755091415
1.2,37,PALADIN,8.071634459354405
1.2,37,RANGER,8.070812112087888
1.2,37,ROGUE,8.076610571181979
1.2,37,WARRIOR,8.203096079330775
1.2,38,CLERIC,8.071541646832884
1.2,38,MAGE,8.071541646832884
1.2,38,PALADIN,8.073875003594727
1.2,38,RANGER,8.072663034051462
1.2,38,ROGUE,8.07876332162207
1.2,38,WARRIOR,8.210407145021259
1.2,39,CLERIC,8.073933687567662
1.2,39,MAGE,8.073933687567662
1.2,39,PALADIN,8.075781190101637
1.2,39,RANGER,8.074900658525728
1.2,39,ROGUE,8.082446707311624
1.2,39,WARRIOR,8.221003667000023
1.2,40,CLERIC,8.076598416794143
1.2,40,MAGE,8.076598416794143
1.2,40,PALADIN,8.078275268469387
1.2,40,RANGER,8.07721417337869
1.2,40,ROGUE,8.085888951582943
1.2,40,WARRIOR,8.231451333365358
1.2,41,CLERIC,8.080083278965569
1.2,41,MAGE,8.080083278965569
1.2,41,PALADIN,8.080822838995344
1.2,41,RANGER,8.080515928546479
1.2,41,ROGUE,8.089759719157719
1.2,41,WARRIOR,8.243601484806682
1.2,42,CLERIC,8.08306721033307
1.2,42,MAGE,8.08306721033307
1.2,42,PALADIN,8.084415475381872
1.2,42,RANGER,8.083508400281401
1.2,42,ROGUE,8.09316316427421
1.2,42,WARRIOR,8.2573157539816
1.2,43,CLERIC,8.08652233607253
1.2,43,MAGE,8.08652233607253
1.2,43,PALADIN,8.087080542402363
1.2,43,RANGER,8.087373933415988
1.2,43,ROGUE,8.096412651341815
1.2,43,WARRIOR,8.269237469451037
1.2,44,CLERIC,8.089431226325159
1.2,44,MAGE,8.089431226325159
1.2,44,PALADIN,8.090020322347733
1.2,44,RANGER,8.090712945685263
1.2,44,ROGUE,8.10148871037988
1.2,44,WARRIOR,8.282712659007347
1.2,45,CLERIC,8.09153699170229
1.2,45,MAGE,8.09153699170229
1.2,45,PALADIN,8.094294535623387
1.2,45,RANGER,8.092842934542448
1.2,45,ROGUE,8.105151270257787
1.2,45,WARRIOR,8.297929029578341
1.2,46,CLERIC,8.095011552122868
1.2,46,MAGE,8.095011552122868
1.2,46,PALADIN,8.097173014504454
1.2,46,RANGER,8.096558564586735
1.2,46,ROGUE,8.109114607365274
1.2,46,WARRIOR,8.311172020085662
1.2,47,CLERIC,8.098983640058599
1.2,47,MAGE,8.098983640058599
1.2,47,PALADIN,8.102093465506046
1.2,47,RANGER,8.100559077028635
1.2,47,ROGUE,8.114071500360584
1.2,47,WARRIOR,8.331803266055797
1.2,48,CLERIC,8.102835563269073
1.2,48,MAGE,8.102835563269073
1.2,48,PALADIN,8.106423062408508
1.2,48,RANGER,8.10422618373288
1.2,48,ROGUE,8.11868222641374
1.2,48,WARRIOR,8.347236763652482
1.2,49,CLERIC,8.107447015164977
1.2,49,MAGE,8.107447015164977
1.2,49,PALADIN,8.11138346616215
1.2,49,RANGER,8.109084698524448
1.2,49,ROGUE,8.124383548369346
1.2,49,WARRIOR,8.365405407281541
1.2,50,CLERIC,8.110998603531455
1.2,50,MAGE,8.110998603531455
1.2,50,PALADIN,8.114542314345396
1.2,50,RANGER,8.112439040526633
1.2,50,ROGUE,8.128758059769998
1.2,50,WARRIOR,8.380269893512166
1.2,51,CLERIC,8.115106202658348
1.2,51,MAGE,8.115106202658348
1.2,51,PALADIN,8.118991780863254
1.2,51,RANGER,8.116564950690796
1.2,51,ROGUE,8.133968227475943
1.2,51,WARRIOR,8.399673098153341
1.2,52,CLERIC,8.119045899923522
1.2,52,MAGE,8.119045899923522
1.2,52,PALADIN,8.123777013955047
1.2,52,RANGER,8.120529694747004
1.2,52,ROGUE,8.137016207797119
1.2,52,WARRIOR,8.417175532836525
1.2,53,CLERIC,8.12477423664665
1.2,53,MAGE,8.12477423664665
1.2,53,PALADIN,8.129732028321163
1.2,53,RANGER,8.125326378176032
1.2,53,ROGUE,8.143739768879191
1.2,53,WARRIOR,8.441289105145582
1.2,54,CLERIC,8.129203343688177
1.2,54,MAGE,8.129203343688177
1.2,54,PALADIN,8.133979286830538
1.2,54,RANGER,8.129508781278265
1.2,54,ROGUE,8.149056442715208
1.2,54,WARRIOR,8.458819503369329
1.2,55,CLERIC,8.134177454929215
1.2,55,MAGE,8.134177454929215
1.2,55,PALADIN,8.14043569992596
1.2,55,RANGER,8.134999183686936
1.2,55,ROGUE,8.156072423881655
1.2,55,WARRIOR,8.485908253119591
1.2,56,CLERIC,8.139313962148195
1.2,56,MAGE,8.139313962148195
1.2,56,PALADIN,8.144845449814802
1.2,56,RANGER,8.140392756884332
1.2,56,ROGUE,8.161093845200844
1.2,56,WARRIOR,8.504719017859664
1.2,57,CLERIC,8.144513930419732
1.2,57,MAGE,8.144513930419732
1.2,57,PALADIN,8.149115278966386
1.2,57,RANGER,8.14586563025856
1.2,57,ROGUE,8.167887063399485
1.2,57,WARRIOR,8.527687816459164
1.2,58,CLERIC,8.151295077611094
1.2,58,MAGE,8.151295077611094
1.2,58,PALADIN,8.155362001292746
1.2,58,RANGER,8.15185263339213
1.2,58,ROGUE,8.176534031644811
1.2,58,WARRIOR,8.552946960186455
1.2,59,CLERIC,8.156523775400606
1.2,59,MAGE,8.156523775400606
1.2,59,PALADIN,8.159239128319632
1.2,59,RANGER,8.157367320966449
1.2,59,ROGUE,8.181348276991825
1.2,59,WARRIOR,8.572578980236637
1.2,60,CLERIC,8.163036288992567
1.2,60,MAGE,8.163036288992567
1.2,60,PALADIN,8.164331469080627
1.2,60,RANGER,8.16444890189162
1.2,60,ROGUE,8.1880595242894
1.2,60,WARRIOR,8.596538866009228
1.2,61,CLERIC,8.168212417697909
1.2,61,MAGE,8.168212417697909
1.2,61,PALADIN,8.170765321586467
1.2,61,RANGER,8.169943052303248
1.2,61,ROGUE,8.195473633079347
1.2,61,WARRIOR,8.622528396411171
1.2,62,CLERIC,8.176111971316766
1.2,62,MAGE,8.176111971316766
1.2,62,PALADIN,8.177297330799112
1.2,62,RANGER,8.177610735772623
1.2,62,ROGUE,8.203976377146523
1.2,62,WARRIOR,8.650273102839561
1.2,63,CLERIC,8.181567091777639
1.2,63,MAGE,8.181567091777639
1.2,63,PALADIN,8.182698546999266
1.2,63,RANGER,8.183088305015582
1.2,63,ROGUE,8.208900093093643
1.2,63,WARRIOR,8.672188737781218
1.2,64,CLERIC,8.188963619902133
1.2,64,MAGE,8.188963619902133
1.2,64,PALADIN,8.187283577522686
1.2,64,RANGER,8.190500576469368
1.2,64,ROGUE,8.216483377856523
1.2,64,WARRIOR,8.698415241166133
1.2,65,CLERIC,8.195497032926582
1.2,65,MAGE,8.195497032926582
1.2,65,PALADIN,8.192850305046667
1.2,65,RANGER,8.196741742062931
1.2,65,ROGUE,8.222568753618447
1.2,65,WARRIOR,8.724417435129663
1.2,66,CLERIC,8.202229074403068
1.2,66,MAGE,8.202229074403068
1.2,66,PALADIN,8.200153640198959
1.2,66,RANGER,8.203485205278904
1.2,66,ROGUE,8.229798626331077
1.2,66,WARRIOR,8.754580169623127
1.2,67,CLERIC,8.208137122190214
1.2,67,MAGE,8.208137122190214
1.2,67,PALADIN,8.205619130614178
1.2,67,RANGER,8.210045574429374
1.2,67,ROGUE,8.237471668975823
1.2,67,WARRIOR,8.781330207335552
1.2,68,CLERIC,8.214417823885112
1.2,68,MAGE,8.214417823885112
1.2,68,PALADIN,8.212501622642183
1.2,68,RANGER,8.215701938444658
1.2,68,ROGUE,8.24389090367992
1.2,68,WARRIOR,8.804477437175825
1.2,69,CLERIC,8.219849341520588
1.2,69,MAGE,8.219849341520588
1.2,69,PALADIN,8.222561753375993
1.2,69,RANGER,8.221479820824014
1.2,69,ROGUE,8.251827088822004
1.2,69,WARRIOR,8.840714464601946
1.2,70,CLERIC,8.227375552048903
1.2,70,MAGE,8.227375552048903
1.2,70,PALADIN,8.231159265241017
1.2,70,RANGER,8.230057788677874
1.2,70,ROGUE,8.259885560709522
1.2,70,WARRIOR,8.875245811337278
1.2,71,CLERIC,8.234287545452046
1.2,71,MAGE,8.234287545452046
1.2,71,PALADIN,8.2382050255782
1.2,71,RANGER,8.236671494257228
1.2,71,ROGUE,8.267432944402035
1.2,71,WARRIOR,8.91087166637252
1.2,72,CLERIC,8.242070527254528
1.2,72,MAGE,8.242070527254528
1.2,72,PALADIN,8.246838522918862
1.2,72,RANGER,8.244163172163553
1.2,72,ROGUE,8.277980201207901
1.2,72,WARRIOR,8.94605624513382
1.2,73,CLERIC,8.247844779340825
1.2,73,MAGE,8.247844779340825
1.2,73,PALADIN,8.253802977830068
1.2,73,RANGER,8.249974655016194
1.2,73,ROGUE,8.285757691417595
1.2,73,WARRIOR,8.982347615494794
1.2,74,CLERIC,8.254475998337988
1.2,74,MAGE,8.254475998337988
1.2,74,PALADIN,8.263421368670027
1.2,74,RANGER,8.256273533742215
1.2,74,ROGUE,8.294843671765921
1.2,74,WARRIOR,9.018965505704898
1.2,75,CLERIC,8.26305263594833
1.2,75,MAGE,8.26305263594833
1.2,75,PALADIN,8.272533682900525
1.2,75,RANGER,8.263775049028872
1.2,75,ROGUE,8.304454882669045
1.2,75,WARRIOR,9.057770707628071
1.2,76,CLERIC,8.27064991990831
1.2,76,MAGE,8.27064991990831
1.2,76,PALADIN,8.279852324036225
1.2,76,RANGER,8.271750011367333
1.2,76,ROGUE,8.312698343748266
1.2,76,WARRIOR,9.095438832889752
1.2,77,CLERIC,8.279473019268965
1.2,77,MAGE,8.279473019268965
1.2,77,PALADIN,8.286951755928898
1.2,77,RANGER,8.280209987336853
1.2,77,ROGUE,8.320287695651071
1.2,77,WARRIOR,9.13289653115927
1.2,78,CLERIC,8.288476011769502
1.2,78,MAGE,8.288476011769502
1.2,78,PALADIN,8.29259153134466
1.2,78,RANGER,8.28921150558523
1.2,78,ROGUE,8.328012746711673
1.2,78,WARRIOR,9.165110254694161
1.2,79,CLERIC,8.297305716341901
1.2,79,MAGE,8.297305716341901
1.2,79,PALADIN,8.302140118124203
1.2,79,RANGER,8.29803972578887
1.2,79,ROGUE,8.336613959680134
1.2,79,WARRIOR,9.200865072002037
1.2,80,CLERIC,8.305836924383962
1.2,80,MAGE,8.305836924383962
1.2,80,PALADIN,8.309121546461851
1.2,80,RANGER,8.30617047766445
1.2,80,ROGUE,8.344536628586924
1.2,80,WARRIOR,9.23770303728608
1.2,81,CLERIC,8.314912555941953
1.2,81,MAGE,8.314912555941953
1.2,81,PALADIN,8.31871678856346
1.2,81,RANGER,8.31527630236851
1.2,81,ROGUE,8.355896119648058
1.2,81,WARRIOR,9.277822474521273
1.2,82,CLERIC,8.323290159821209
1.2,82,MAGE,8.323290159821209
1.2,82,PALADIN,8.326414184952005
1.2,82,RANGER,8.324083302669656
1.2,82,ROGUE,8.36403154335407
1.2,82,WARRIOR,9.323442468716701
1.2,83,CLERIC,8.333179671754891
1.2,83,MAGE,8.333179671754891
1.2,83,PALADIN,8.33208146437463
1.2,83,RANGER,8.334400760879179
1.2,83,ROGUE,8.37312142017743
1.2,83,WARRIOR,9.36401017387356
1.2,84,CLERIC,8.341047881291288
1.2,84,MAGE,8.341047881291288
1.2,84,PALADIN,8.342409780759558
1.2,84,RANGER,8.342704965627489
1.2,84,ROGUE,8.385932966196584
1.2,84,WARRIOR,9.40904790253523
1.2,85,CLERIC,8.350283219934752
1.2,85,MAGE,8.350283219934752
1.2,85,PALADIN,8.350396278769598
1.2,85,RANGER,8.35237882954276
1.2,85,ROGUE,8.39629036307207
1.2,85,WARRIOR,9.44723771490603
1.2,86,CLERIC,8.359660251806249
1.2,86,MAGE,8.359660251806249
1.2,86,PALADIN,8.359820154426481
1.2,86,RANGER,8.36179472856217
1.2,86,ROGUE,8.406335315527603
1.2,86,WARRIOR,9.488223743375313
1.2,87,CLERIC,8.371801236131967
1.2,87,MAGE,8.371801236131967
1.2,87,PALADIN,8.371639834010052
1.2,87,RANGER,8.37265106387251
1.2,87,ROGUE,8.41746038781124
1.2,87,WARRIOR,9.534983142390896
1.2,88,CLERIC,8.381967583691905
1.2,88,MAGE,8.381967583691905
1.2,88,PALADIN,8.381347263518213
1.2,88,RANGER,8.381952295194031
1.2,88,ROGUE,8.426858481240446
1.2,88,WARRIOR,9.57788412734641
1.2,89,CLERIC,8.39193707145289
1.2,89,MAGE,8.39193707145289
1.2,89,PALADIN,8.392179770602368
1.2,89,RANGER,8.391921607908994
1.2,89,ROGUE,8.435973098157296
1.2,89,WARRIOR,9.62392098011295
1.2,90,CLERIC,8.407108655475527
1.2,90,MAGE,8.407108655475527
1.2,90,PALADIN,8.405082117755638
1.2,90,RANGER,8.406181273944638
1.2,90,ROGUE,8.448436058089838
1.2,90,WARRIOR,9.673632135560101
1.2,91,CLERIC,8.416414488219914
1.2,91,MAGE,8.416414488219914
1.2,91,PALADIN,8.418110562146863
1.2,91,RANGER,8.415486075454108
1.2,91,ROGUE,8.457810921793081
1.2,91,WARRIOR,9.714528782019745
1.2,92,CLERIC,8.427702718533615
1.2,92,MAGE,8.427702718533615
1.2,92,PALADIN,8.427041089985114
1.2,92,RANGER,8.428167168387981
1.2,92,ROGUE,8.471143651932952
1.2,92,WARRIOR,9.751123996236108
1.2,93,CLERIC,8.440727540362357
1.2,93,MAGE,8.440727540362357
1.2,93,PALADIN,8.43717978373213
1.2,93,RANGER,8.439759760822819
1.2,93,ROGUE,8.481784069447519
1.2,93,WARRIOR,9.785708722062514
1.2,94,CLERIC,8.45192981350208
1.2,94,MAGE,8.45192981350208
1.2,94,PALADIN,8.4468905666075
1.2,94,RANGER,8.451914118617552
1.2,94,ROGUE,8.495138273913362
1.2,94,WARRIOR,9.820078490045178
1.2,95,CLERIC,8.463286712402605
1.2,95,MAGE,8.463286712402605
1.2,95,PALADIN,8.455652878888868
1.2,95,RANGER,8.463762340739912
1.2,95,ROGUE,8.507647124314127
1.2,95,WARRIOR,9.853570912970673
1.2,96,CLERIC,8.476940870287857
1.2,96,MAGE,8.476940870287857
1.2,96,PALADIN,8.469157968148549
1.2,96,RANGER,8.478913649381639
1.2,96,ROGUE,8.521289403746135
1.2,96,WARRIOR,9.888723718035218
1.2,97,CLERIC,8.488755309069262
1.2,97,MAGE,8.488755309069262
1.2,97,PALADIN,8.478822956602
1.2,97,RANGER,8.49022898319636
1.2,97,ROGUE,8.536758106691012
1.2,97,WARRIOR,9.916587715177679
1.2,98,CLERIC,8.502756778213287
1.2,98,MAGE,8.502756778213287
1.2,98,PALADIN,8.488017239842817
1.2,98,RANGER,8.50272252855603
1.2,98,ROGUE,8.549396749565704
1.2,98,WARRIOR,9.941389988176496
1.2,99,CLERIC,8.513306350840107
1.2,99,MAGE,8.513306350840107
1.2,99,PALADIN,8.500456757091795
1.2,99,RANGER,8.512270432416921
1.2,99,ROGUE,8.561525403461205
1.2,99,WARRIOR,9.966339105318646
1.2,100,CLERIC,8.525660309806048
1.2,100,MAGE,8.525660309806048
1.2,100,PALADIN,8.511481411449454
1.2,100,RANGER,8.52514303398255
1.2,100,ROGUE,8.57277223548512
1.2,100,WARRIOR,9.990078702326972
