cohort,level,characters,entry_mean_plus4,entry_mean_plus5,max_high_slots,characters_full_ever,actions,observed_millis,full_set_millis,full_set_time_percent
natural,1,24,0.0,0.0,0,0,9275,17935900,0,0.0
natural,2,24,0.0,0.0,0,0,53806,107981960,0,0.0
natural,3,24,0.0,0.0,1,0,105482,212400570,0,0.0
natural,4,24,0.0,0.0417,1,0,148031,296624820,0,0.0
natural,5,24,0.0,0.0417,1,0,189264,380834360,0,0.0
natural,6,24,0.0417,0.0417,1,0,233396,470657950,0,0.0
natural,7,24,0.0417,0.0,1,0,272992,550911550,0,0.0
natural,8,24,0.0417,0.0417,1,0,316088,638976930,0,0.0
natural,9,24,0.0417,0.0417,1,0,357823,722129750,0,0.0
natural,10,24,0.0833,0.0417,1,0,398476,806744470,0,0.0
natural,11,24,0.0417,0.0417,1,0,441157,892528710,0,0.0
natural,12,24,0.0,0.0,1,0,477480,967190920,0,0.0
natural,13,24,0.0833,0.0417,1,0,515953,1047666700,0,0.0
natural,14,24,0.0833,0.0417,1,0,556586,1130131390,0,0.0
natural,15,24,0.0833,0.0417,1,0,589012,1200388950,0,0.0
natural,16,24,0.0833,0.0417,1,0,630997,1284879010,0,0.0
natural,17,24,0.0,0.0,1,0,663368,1354528500,0,0.0
natural,18,24,0.0417,0.0417,2,0,702152,1435486810,0,0.0
natural,19,24,0.0833,0.0417,2,0,737340,1509103680,0,0.0
natural,20,24,0.125,0.0417,2,0,770757,1582028480,0,0.0
natural,21,24,0.1667,0.0417,2,0,805385,1654356420,0,0.0
natural,22,24,0.2083,0.0417,1,0,842631,1731915650,0,0.0
natural,23,24,0.1667,0.0833,1,0,876029,1803474500,0,0.0
natural,24,24,0.125,0.0417,2,0,909038,1874897170,0,0.0
natural,25,24,0.125,0.125,2,0,941851,1946137610,0,0.0
natural,26,24,0.0833,0.1667,2,0,970342,2008910770,0,0.0
natural,27,24,0.0417,0.1667,2,0,1006007,2084849990,0,0.0
natural,28,24,0.0,0.0833,1,0,1041327,2159543040,0,0.0
natural,29,24,0.0417,0.125,1,0,1071053,2223120560,0,0.0
natural,30,24,0.0417,0.125,2,0,1096914,2284064120,0,0.0
natural,31,24,0.125,0.2083,2,0,1129623,2354201560,0,0.0
natural,32,24,0.2917,0.25,2,0,1164235,2429400660,0,0.0
natural,33,24,0.3333,0.25,2,0,1188409,2484701200,0,0.0
natural,34,24,0.25,0.25,2,0,1217471,2551704060,0,0.0
natural,35,24,0.2917,0.2083,2,0,1239762,2606240322,0,0.0
natural,36,24,0.2083,0.125,1,0,1265792,2665899728,0,0.0
natural,37,24,0.2083,0.125,2,0,1293576,2731887760,0,0.0
natural,38,24,0.25,0.1667,2,0,1316025,2783459010,0,0.0
natural,39,24,0.25,0.25,3,0,1359975,2871207375,0,0.0
natural,40,24,0.2917,0.25,3,0,1379865,2923404152,0,0.0
natural,41,24,0.3333,0.3333,3,0,1404960,2980320419,0,0.0
natural,42,24,0.375,0.3333,3,0,1433013,3045184494,0,0.0
natural,43,24,0.2917,0.2917,3,0,1459008,3104175845,0,0.0
natural,44,24,0.3333,0.125,3,0,1479971,3153965323,0,0.0
natural,45,24,0.2917,0.1667,3,0,1495308,3196977066,0,0.0
natural,46,24,0.2917,0.25,3,0,1516389,3249989220,0,0.0
natural,47,24,0.3333,0.2917,2,0,1536533,3302568035,0,0.0
natural,48,24,0.2917,0.3333,3,0,1556919,3353757430,0,0.0
natural,49,24,0.2917,0.375,4,0,1581198,3411304828,0,0.0
natural,50,24,0.2917,0.2917,3,0,1585331,3438985389,0,0.0
natural,51,24,0.2917,0.3333,2,0,1609309,3496388892,0,0.0
natural,52,24,0.2917,0.25,2,0,1631545,3549547254,0,0.0
natural,53,24,0.3333,0.2083,2,0,1655013,3604514744,0,0.0
natural,54,24,0.5,0.3333,3,0,1674962,3655514480,0,0.0
natural,55,24,0.625,0.2917,3,0,1690609,3700119745,0,0.0
natural,56,24,0.8333,0.25,3,0,1814242,3900927009,0,0.0
natural,57,24,0.8333,0.25,3,0,1847347,3969712099,0,0.0
natural,58,24,0.7917,0.3333,3,0,1878130,4037354035,0,0.0
natural,59,24,0.7917,0.25,3,0,1906377,4096734840,0,0.0
natural,60,24,0.5833,0.3333,2,0,1918530,4136496450,0,0.0
natural,61,24,0.5,0.3333,3,0,1865364,4020019225,0,0.0
natural,62,24,0.5,0.4167,3,0,1949582,4201255720,0,0.0
natural,63,24,0.4167,0.4167,3,0,1976591,4261313601,0,0.0
natural,64,24,0.5833,0.4167,4,0,2005670,4324504839,0,0.0
natural,65,24,0.75,0.4583,4,0,2016574,4361131534,0,0.0
natural,66,24,0.7917,0.4167,4,0,2030752,4389034082,0,0.0
natural,67,24,0.75,0.375,3,0,1978727,4274745026,0,0.0
natural,68,24,0.75,0.3333,3,0,2055532,4440223518,0,0.0
natural,69,24,0.75,0.3333,3,0,2084509,4503242507,0,0.0
natural,70,24,0.7917,0.2917,3,0,2095443,4537500820,0,0.0
natural,71,24,0.7083,0.4167,4,0,2122495,4597026974,0,0.0
natural,72,24,0.5833,0.5,4,0,2084823,4499352353,0,0.0
natural,73,24,0.75,0.5833,4,0,2267373,4822202722,0,0.0
natural,74,24,0.875,0.5,4,0,2294905,4880842369,0,0.0
natural,75,24,1.0417,0.625,4,0,2305731,4917573366,0,0.0
natural,76,24,0.8333,0.8333,4,0,2334794,4979012234,0,0.0
natural,77,24,0.9167,0.7917,4,0,2266246,4831678662,0,0.0
natural,78,24,0.8333,0.7083,4,0,2346987,5003392090,0,0.0
natural,79,24,0.7083,0.75,4,0,2372374,5058364314,0,0.0
natural,80,24,0.75,0.75,4,0,2383095,5093839802,0,0.0
natural,81,24,0.5833,0.7083,3,0,2413135,5155317916,0,0.0
natural,82,24,0.7083,0.7083,3,0,2351827,5024349592,0,0.0
natural,83,24,0.7917,0.7083,4,0,2442181,5216508860,0,0.0
natural,84,24,0.75,0.7917,5,0,2467076,5272062522,0,0.0
natural,85,24,0.625,0.9167,5,0,2474625,5303402344,0,0.0
natural,86,24,0.625,0.875,5,0,2502037,5360941101,0,0.0
natural,87,24,0.4583,0.8333,5,0,2454059,5232097289,0,0.0
natural,88,24,0.5,0.7917,4,0,2632752,5548685898,0,0.0
natural,89,24,0.7083,0.8333,5,0,2662428,5610394417,0,0.0
natural,90,24,0.625,0.9583,5,0,2664162,5630064178,0,0.0
natural,91,24,0.7083,0.8333,5,0,2672936,5643707207,0,0.0
natural,92,24,0.9583,0.7917,4,0,2642694,5580940480,0,0.0
natural,93,24,0.9583,0.7917,4,0,2726267,5755528364,0,0.0
natural,94,24,0.9583,0.875,4,0,2755083,5814911364,0,0.0
natural,95,24,1.0,0.875,4,0,2755627,5835605861,0,0.0
natural,96,24,1.0417,0.9583,4,0,2680761,5675030862,0,0.0
natural,97,24,0.9583,0.8333,4,0,2755376,5833403333,0,0.0
natural,98,24,0.75,1.0417,4,0,2782436,5891858181,0,0.0
natural,99,24,0.9167,1.0833,4,0,2804994,5940620026,0,0.0
natural,100,24,0.9167,1.0,4,0,2828657,5988430577,0,0.0
natural,101,24,1.0833,0.9167,4,0,2839389,5959650876,0,0.0
natural,102,24,1.2083,1.0833,4,0,2996581,6252288747,0,0.0
natural,103,24,1.25,1.125,4,0,3024535,6310941728,0,0.0
natural,104,24,1.125,1.125,4,0,3055211,6375599706,0,0.0
natural,105,24,0.9167,1.25,4,0,2965286,6190375760,0,0.0
natural,106,24,0.9583,1.2083,4,0,3053254,6374910054,0,0.0
natural,107,24,0.7917,1.2083,4,0,3082856,6437290776,0,0.0
natural,108,24,0.875,1.0833,4,0,3109555,6493885282,0,0.0
natural,109,24,1.0,1.0,5,0,3085370,6445631154,0,0.0
natural,110,24,0.9167,1.0,4,0,3100260,6477246232,0,0.0
natural,111,24,1.0417,1.0417,4,0,3170007,6622388259,0,0.0
natural,112,24,1.0,0.875,4,0,3198732,6680576188,0,0.0
natural,113,24,1.0,0.9583,4,0,3228261,6743386200,0,0.0
natural,114,24,0.875,0.7917,5,0,3184607,6607158720,0,0.0
natural,115,24,0.7917,0.9583,4,0,3372105,6947534907,0,0.0
natural,116,24,0.8333,0.875,4,0,3396440,7000884205,0,0.0
natural,117,24,0.875,0.9583,6,1,3428245,7063861483,101959910,1.443402
natural,118,24,1.125,1.1667,6,1,3356893,6913707381,287534990,4.158912
natural,119,24,1.25,1.2083,6,1,3463665,7137309660,296474420,4.153868
natural,120,24,1.2917,1.0833,6,1,3493609,7199204899,4178720,0.058044
natural,121,24,1.25,1.0417,5,0,3529648,7268733792,0,0.0
natural,122,24,1.3333,0.875,4,0,3439445,7083203445,0,0.0
natural,123,24,1.25,0.8333,4,0,3527137,7265614725,0,0.0
natural,124,24,1.25,0.75,4,0,3558913,7327914895,0,0.0
natural,125,24,1.0417,0.6667,4,0,3590327,7390390260,0,0.0
natural,126,24,1.0,0.75,4,0,3537204,7281772432,0,0.0
natural,127,24,1.1667,0.9583,5,0,3743114,7618065033,0,0.0
natural,128,24,1.0833,1.0,5,0,3804831,7734984755,0,0.0
natural,129,24,1.0,1.1667,5,0,3836559,7797336240,0,0.0
natural,130,24,0.9167,1.2917,5,0,3798965,7719436132,0,0.0
natural,131,24,0.7917,1.3333,5,0,3795830,7715889230,0,0.0
natural,132,24,0.8333,1.3333,6,1,3870878,7865228609,52087690,0.662253
natural,133,24,1.125,1.5,6,1,3899874,7925715789,346204580,4.368118
natural,134,24,1.125,1.5,6,1,3885964,7895544469,345924951,4.381268
natural,135,24,1.25,1.4167,6,1,3879282,7880149503,344260480,4.368705
natural,136,24,1.4167,1.375,6,1,3966718,8058987967,343960,0.004268
natural,137,24,0.9583,1.4583,5,0,3994134,8115708872,0,0.0
natural,138,24,0.9583,1.4583,4,0,3986063,8098132808,0,0.0
natural,139,24,0.9583,1.3333,4,0,4036022,8131257150,0,0.0
natural,140,24,0.7917,1.375,5,0,4181464,8396300272,0,0.0
natural,141,24,1.1667,1.2917,5,0,4213798,8459263956,0,0.0
natural,142,24,1.0833,1.375,6,1,4216756,8465100288,85166800,1.006093
natural,143,24,1.2083,1.2083,6,1,4173371,8378256132,28387400,0.338822
natural,144,24,1.25,1.375,5,0,4279073,8588532269,0,0.0
natural,145,24,1.3333,1.375,5,0,4310235,8652154903,0,0.0
natural,146,24,1.5,1.4167,5,0,4305734,8642616655,0,0.0
natural,147,24,1.375,1.625,5,0,4239197,8505493763,0,0.0
natural,148,24,1.4583,1.5417,5,0,4343567,8713068023,0,0.0
natural,149,24,1.2917,1.7917,5,0,4376404,8779071622,0,0.0
natural,150,24,1.2917,1.875,5,0,0,0,0,
synthetic_high,300,6,0.0,0.0,3,0,2788289,5185456016,0,0.0
synthetic_high,301,6,0.5,0.3333,4,0,2749138,5152535700,0,0.0
synthetic_high,302,6,1.1667,0.6667,4,0,2631059,4969774230,0,0.0
synthetic_high,303,6,2.1667,0.8333,4,0,2659884,5029881370,0,0.0
synthetic_high,304,6,2.1667,1.0,5,0,2609273,4938876496,0,0.0
synthetic_high,305,6,2.1667,1.3333,5,0,0,0,0,
synthetic_high,1000,6,0.0,0.0,4,0,10990528,18562485306,0,0.0
synthetic_high,1001,6,1.3333,1.0,5,0,10774978,18259290990,0,0.0
synthetic_high,1002,6,2.5,1.1667,5,0,10864554,18411362340,0,0.0
synthetic_high,1003,6,2.8333,1.8333,6,2,10810415,18292672990,5189579900,28.369719
synthetic_high,1004,6,3.1667,2.0,6,2,10962824,18526417840,6169602790,33.30165
synthetic_high,1005,6,2.8333,2.3333,6,2,0,0,0,
