level,class,con,mental,cap_h,raw_proc_pct,search_s,sale_bonus_pct,bag
1,CLERIC,11.041666666666666,10.4375,8.013181578491501,9.911642718385663,4.925,1.1291666666666667,19.833333333333332
1,MAGE,11.041666666666666,10.4375,8.013181578491501,9.57830938505233,4.925,1.1291666666666667,19.833333333333332
1,PALADIN,11.041666666666666,10.4375,8.013181578491501,9.744976051718997,4.925,1.1291666666666667,19.833333333333332
1,RANGER,11.041666666666666,10.4375,8.013181578491501,9.911642718385663,4.925,1.1291666666666667,19.833333333333332
1,ROGUE,11.041666666666666,10.4375,8.013181578491501,9.786642718385663,4.925,1.1291666666666667,19.833333333333332
1,WARRIOR,11.041666666666666,10.4375,8.013181578491501,9.744976051718997,4.925,1.1291666666666667,19.833333333333332
2,CLERIC,11.166666666666666,10.791666666666666,8.013667797492007,10.01514992862114,4.9238888888888885,1.2041666666666668,19.916666666666668
2,MAGE,11.166666666666666,11.083333333333334,8.013667797492007,9.739954695810964,4.9238888888888885,1.1458333333333333,19.916666666666668
2,PALADIN,11.166666666666666,10.583333333333334,8.013667797492007,9.836564677970022,4.9238888888888885,1.2041666666666668,20.083333333333332
2,RANGER,11.166666666666666,10.875,8.013667797492007,10.061369445159842,4.921111111111111,1.1458333333333333,19.916666666666668
2,ROGUE,11.166666666666666,10.583333333333334,8.013667797492007,10.003231344636689,4.921111111111111,1.1458333333333333,20.25
2,WARRIOR,11.75,10.583333333333334,8.01451177783416,9.794898011303355,4.9238888888888885,1.1458333333333333,20.083333333333332
3,CLERIC,11.416666666666666,11.479166666666666,8.014437338786932,10.304157456972113,4.920833333333333,1.3689996702776466,21.041666666666668
3,MAGE,11.416666666666666,12.375,8.014437338786932,10.189440486480066,4.920833333333333,1.1916666666666667,21.041666666666668
3,PALADIN,11.375,10.875,8.014373313803723,10.186372777897814,4.920833333333333,1.3481663369443133,21.708333333333332
3,RANGER,11.458333333333334,11.770833333333334,8.014497942415113,10.237814253027567,4.913611111111111,1.1916666666666667,21.083333333333332
3,ROGUE,11.416666666666666,10.875,8.014434105383284,10.269565623479116,4.910277777777778,1.1833333333333333,21.791666666666668
3,WARRIOR,12.916666666666666,10.875,8.016724479315732,10.186372777897814,4.920833333333333,1.1958333333333333,21.708333333333332
4,CLERIC,11.458333333333334,11.854166666666666,8.014953242987803,10.40912371290608,4.9191666666666665,1.4416156949095216,21.166666666666668
4,MAGE,11.458333333333334,13.041666666666666,8.014953242987803,10.353398021197874,4.9191666666666665,1.2083333333333333,21.166666666666668
4,PALADIN,11.458333333333334,11.083333333333334,8.014946826150629,10.323168955567663,4.919444444444444,1.4082823615761884,22.041666666666668
4,RANGER,11.541666666666666,12.145833333333334,8.015080672133282,10.38447938925027,4.908611111111111,1.2125000000000001,21.208333333333332
4,ROGUE,11.5,11.083333333333334,8.01501992946787,10.322945384786852,4.908333333333333,1.2125000000000001,22.291666666666668
4,WARRIOR,13.541666666666666,11.083333333333334,8.018248087571385,10.23983562223433,4.919444444444444,1.2041666666666666,22.041666666666668
5,CLERIC,11.541666666666666,12.229166666666666,8.015579859969483,10.51431976883441,4.918888888888889,1.522823500107766,22.291666666666668
5,MAGE,11.541666666666666,13.75,8.015579859969483,10.437190217275708,4.918888888888889,1.2291666666666667,22.291666666666668
5,PALADIN,11.541666666666666,11.291666666666666,8.015570785835644,10.418533328898295,4.918055555555555,1.472823500107766,23.375
5,RANGER,11.625,12.6875,8.01571141986472,10.416275762482147,4.905833333333333,1.2333333333333334,22.333333333333332
5,ROGUE,11.625,11.166666666666666,8.015709539018859,10.410973619715069,4.902222222222222,1.2375,23.458333333333332
5,WARRIOR,14.25,11.291666666666666,8.0200286123823,10.293533328898295,4.918055555555555,1.2125000000000001,23.375
6,CLERIC,11.833333333333334,13.145833333333334,8.016575801454293,10.859782746575478,4.9174999999999995,1.6459145602251046,23.458333333333332
6,MAGE,11.833333333333334,15.145833333333334,8.016575801454293,10.688048837215705,4.9174999999999995,1.2583333333333335,23.458333333333332
6,PALADIN,12.0,11.604166666666666,8.016840474872739,10.519845164131473,4.914722222222222,1.6000812268917715,25.0
6,RANGER,11.916666666666666,13.520833333333334,8.016711705971296,10.757571980741126,4.8975,1.2708333333333333,23.458333333333332
6,ROGUE,11.958333333333334,11.604166666666666,8.01679161903922,10.602822833493098,4.894722222222222,1.2625,25.208333333333332
6,WARRIOR,15.708333333333334,11.604166666666666,8.023232308944028,10.519845164131473,4.914722222222222,1.2416666666666667,25.0
7,CLERIC,12.125,13.520833333333334,8.017629896474473,10.882027066827817,4.916666666666667,1.7200841519486492,23.458333333333332
7,MAGE,12.125,15.770833333333334,8.017629896474473,10.767918157974615,4.916666666666667,1.2916666666666667,23.458333333333332
7,PALADIN,12.083333333333334,11.833333333333334,8.017553230840852,10.616597137146714,4.914166666666667,1.6633894346324327,25.25
7,RANGER,12.208333333333334,13.9375,8.017770324022168,10.990787540861026,4.893998129956697,1.2958333333333334,23.5
7,ROGUE,12.0,11.770833333333334,8.017417815237273,10.654235427717035,4.8903277232034235,1.2875,25.541666666666668
7,WARRIOR,16.291666666666668,11.833333333333334,8.025085610364041,10.616597137146714,4.914166666666667,1.2583333333333333,25.25
8,CLERIC,12.291666666666666,13.916666666666666,8.018517722141082,11.113851832131836,4.916111111111111,1.800721040103558,24.5
8,MAGE,12.291666666666666,16.4375,8.018517722141082,10.892301456306834,4.916111111111111,1.3208333333333333,24.5
8,PALADIN,12.208333333333334,12.0,8.018364125884204,10.751346019466089,4.913055555555555,1.75195508270809,26.541666666666668
8,RANGER,12.375,14.375,8.018662826684313,11.183695057728855,4.8902777777777775,1.3208333333333333,24.583333333333332
8,ROGUE,12.208333333333334,11.875,8.018373644254291,10.910214046510191,4.885490386131953,1.3125,26.875
8,WARRIOR,17.041666666666668,12.0,8.02735947713663,10.751346019466089,4.913055555555555,1.2916666666666667,26.541666666666668
9,CLERIC,12.625,14.875,8.01976599108974,11.338682860222592,4.913888888888889,1.8854065709750838,24.75
9,MAGE,12.625,17.791666666666668,8.01976599108974,11.268536981914835,4.913888888888889,1.3416666666666668,24.75
9,PALADIN,12.666666666666666,12.333333333333334,8.019805481491472,11.020986224207165,4.910833333333334,1.8691585901134005,27.083333333333332
9,RANGER,12.708333333333334,15.104166666666666,8.019915908608342,11.3529686541454,4.881528450823883,1.3458333333333334,24.875
9,ROGUE,12.583333333333334,12.166666666666666,8.019670206624623,11.21892483654859,4.877333871770218,1.3458333333333334,27.541666666666668
9,WARRIOR,18.541666666666668,12.333333333333334,8.031248616309695,10.9793195575405,4.910833333333334,1.3287479808616836,27.083333333333332
10,CLERIC,12.833333333333334,15.208333333333334,8.020819990475797,11.48366485202615,4.9125000000000005,1.9524646127206884,25.791666666666668
10,MAGE,12.833333333333334,18.416666666666668,8.020819990475797,11.474575228342525,4.9125000000000005,1.3625,25.791666666666668
10,PALADIN,12.875,12.479166666666666,8.020858280252531,11.196218322478686,4.91,1.9408156396936775,28.458333333333332
10,RANGER,12.916666666666666,15.520833333333334,8.02097484310164,11.420306453375723,4.877779743737739,1.366666666666667,25.916666666666668
10,ROGUE,12.875,12.3125,8.020884321169802,11.269085784578055,4.874334906101303,1.3625,28.916666666666668
10,WARRIOR,19.291666666666668,12.479166666666666,8.033840770647219,11.237884989145352,4.91,1.3458333333333334,28.458333333333332
11,CLERIC,12.958333333333334,15.708333333333334,8.021753280571277,11.597557407998707,4.911944444444445,2.0040702787257403,26.875
11,MAGE,12.958333333333334,19.125,8.021753280571277,11.72793843607611,4.911944444444445,1.375,26.875
11,PALADIN,13.083333333333334,12.666666666666666,8.02195159065179,11.373618557887497,4.909722222222222,2.0027456484641357,29.833333333333332
11,RANGER,13.125,15.916666666666666,8.022076035652368,11.486124533576097,4.8732450246492265,1.375,27.0
11,ROGUE,13.083333333333334,12.479166666666666,8.021980066791608,11.320336195592281,4.87157835798256,1.3916666666666666,30.25
11,WARRIOR,19.958333333333332,12.666666666666666,8.036389005807402,11.33195189122083,4.909722222222222,1.3583333333333334,29.833333333333332
12,CLERIC,13.083333333333334,16.083333333333332,8.022709836848362,11.745570014233637,4.91,2.06929867101925,26.958333333333332
12,MAGE,13.083333333333334,19.770833333333332,8.022709836848362,11.769238541223023,4.91,1.3916666666666666,26.958333333333332
12,PALADIN,13.125,12.875,8.022745215091721,11.469391339882122,4.908333333333333,2.059085334576929,30.25
12,RANGER,13.25,16.3125,8.023042983765393,11.552376006251324,4.867980355431196,1.3958333333333333,27.041666666666668
12,ROGUE,13.125,12.645833333333334,8.022775858567647,11.41353601310045,4.866010844278632,1.4166666666666667,30.625
12,WARRIOR,20.458333333333332,12.875,8.038695157381147,11.386058006548788,4.908333333333333,1.3708333333333333,30.25
13,CLERIC,13.458333333333334,16.895833333333332,8.024238111039594,12.045752555035422,4.908333333333333,2.2001402467310327,28.125
13,MAGE,13.458333333333334,21.125,8.024238111039594,12.106764980947473,4.908333333333333,1.425,28.125
13,PALADIN,13.375,13.229166666666666,8.024001926914783,11.615147990411858,4.9063888888888885,2.1766501542068952,32.0
13,RANGER,13.666666666666666,17.166666666666668,8.02468065541535,12.06380322461189,4.860167767497318,1.429166666666667,28.208333333333332
13,ROGUE,13.416666666666666,13.166666666666666,8.024115091549248,11.652894810799017,4.858845985607356,1.429166666666667,32.166666666666664
13,WARRIOR,21.5,13.229166666666666,8.042373666426013,11.573481323745192,4.9063888888888885,1.4166666666666667,32.0
14,CLERIC,13.666666666666666,17.291666666666668,8.025457263453442,12.153838134914865,4.907777777777778,2.273164734088357,28.208333333333332
14,MAGE,13.666666666666666,21.75,8.025457263453442,12.189227774322722,4.907777777777778,1.4458333333333335,28.208333333333332
14,PALADIN,13.583333333333334,13.395833333333334,8.025215794603938,11.667004735655189,4.905833333333333,2.2253534419498004,32.333333333333336
14,RANGER,13.833333333333334,17.5,8.02582753003898,12.168018495363812,4.855979247190763,1.4500000000000002,28.333333333333332
14,ROGUE,13.5,13.354166666666666,8.025049015975137,11.830679971573334,4.854868136079651,1.4541666666666666,32.583333333333336
14,WARRIOR,22.041666666666668,13.395833333333334,8.045023979058909,11.583671402321855,4.905833333333333,1.4333333333333333,32.333333333333336
15,CLERIC,13.916666666666666,18.166666666666668,8.026814949292161,12.500543875755492,4.905555555555556,2.3781387807487024,29.5
15,MAGE,13.916666666666666,23.166666666666668,8.026814949292161,12.53255502829713,4.905555555555556,1.4625000000000001,29.5
15,PALADIN,13.916666666666666,13.729166666666666,8.026762117374387,12.020239746986164,4.903888888888889,2.3631031128087825,34.0
15,RANGER,14.083333333333334,18.458333333333332,8.027205767428258,12.43698573516479,4.850088629488157,1.4749999999999999,29.625
15,ROGUE,13.958333333333334,13.6875,8.026866967641629,12.100457972804257,4.846050799830233,1.4749999999999999,34.208333333333336
15,WARRIOR,23.375,13.729166666666666,8.049801906829979,11.978573080319498,4.903888888888889,1.4749999999999999,34.0
16,CLERIC,14.0,18.520833333333332,8.027823248070275,12.689651734034555,4.903888888888889,2.4467276863358833,30.583333333333332
16,MAGE,14.0,23.791666666666668,8.027823248070275,12.657468542257199,4.903888888888889,1.4791666666666667,30.583333333333332
16,PALADIN,14.083333333333334,13.9375,8.027977344221696,12.324244957663916,4.903333333333333,2.432515254917304,35.375
16,RANGER,14.166666666666666,18.854166666666668,8.028225921847145,12.58696792413152,4.845386854899915,1.4958333333333333,30.708333333333332
16,ROGUE,14.083333333333334,13.916666666666666,8.027974575480963,12.280806489917678,4.8429413934609835,1.4791666666666667,35.625
16,WARRIOR,23.958333333333332,13.9375,8.05284361787304,12.324244957663916,4.903333333333333,1.4958333333333333,35.375
17,CLERIC,14.125,18.916666666666668,8.028954526632436,12.75641332355133,4.903333333333333,2.533484083268424,30.75
17,MAGE,14.125,24.479166666666668,8.028954526632436,12.786806718090503,4.903333333333333,1.5,30.75
17,PALADIN,14.25,14.104166666666666,8.0292287377298,12.417388936889983,4.902222222222222,2.506590690457645,35.666666666666664
17,RANGER,14.333333333333334,19.291666666666668,8.029476194571231,12.656768155705395,4.840787907938981,1.5166666666666666,30.833333333333332
17,ROGUE,14.208333333333334,14.020833333333334,8.02911354515947,12.411954180719588,4.838959639686249,1.5083333333333335,35.916666666666664
17,WARRIOR,24.625,14.104166666666666,8.056245878703935,12.375722270223315,4.902222222222222,1.5166666666666666,35.666666666666664
18,CLERIC,14.5,19.729166666666668,8.030754510136525,12.93331778034049,4.902222222222222,2.664238226190124,31.833333333333332
18,MAGE,14.5,25.854166666666668,8.030754510136525,13.171127165351445,4.902222222222222,1.5374999999999999,31.833333333333332
18,PALADIN,14.625,14.416666666666666,8.031027873344943,12.519389517029834,4.900833333333334,2.624207557822928,37.333333333333336
18,RANGER,14.708333333333334,20.1875,8.031291482723352,12.88116064190202,4.833663940589583,1.55,31.916666666666668
18,ROGUE,14.791666666666666,14.375,8.031431064836726,12.475113517453659,4.830717451587325,1.5333333333333332,37.625
18,WARRIOR,26.0,14.416666666666666,8.061788368169866,12.477722850363167,4.900833333333334,1.554166666666667,37.333333333333336
19,CLERIC,14.75,20.208333333333332,8.032302693359197,13.130686045537677,4.9013888888888895,2.7331256705357436,31.833333333333332
19,MAGE,14.75,26.520833333333332,8.032302693359197,13.29975960983215,4.9013888888888895,1.5625,31.833333333333332
19,PALADIN,14.833333333333334,14.520833333333334,8.032452065908213,12.608897109517606,4.899166666666667,2.6819945265731504,37.791666666666664
19,RANGER,15.0,20.5625,8.032960555132926,12.98868716618828,4.828738069693876,1.5708333333333335,31.916666666666668
19,ROGUE,14.958333333333334,14.645833333333334,8.032770208320514,12.6165735591158,4.826200364895123,1.55,37.833333333333336
19,WARRIOR,26.708333333333332,14.520833333333334,8.065644281356398,12.525563776184272,4.899166666666667,1.5625,37.791666666666664
20,CLERIC,15.125,21.166666666666668,8.034229537524459,13.44280616895463,4.899444444444445,2.8401250470784096,32.916666666666664
20,MAGE,15.125,27.9375,8.034229537524459,13.688483467590018,4.899444444444445,1.5958333333333332,32.916666666666664
20,PALADIN,15.208333333333334,14.854166666666666,8.034387011506618,12.920694927400438,4.896944444444444,2.7806666935686155,39.583333333333336
20,RANGER,15.333333333333334,21.4375,8.034802923688314,13.378931873663255,4.820152775535949,1.6041666666666667,33.0
20,ROGUE,15.291666666666666,14.916666666666666,8.034600620311243,12.799803209523757,4.818486108869282,1.5791666666666666,39.583333333333336
20,WARRIOR,27.916666666666668,14.854166666666666,8.071167884865396,12.795694927400438,4.896944444444444,1.5875000000000001,39.583333333333336
21,CLERIC,15.208333333333334,21.5,8.035419932115246,13.67310772005313,4.898333333333333,2.9146525425399914,34.125
21,MAGE,15.208333333333334,28.541666666666668,8.035419932115246,13.81356213458431,4.898333333333333,1.6083333333333334,34.125
21,PALADIN,15.333333333333334,14.9375,8.035697387196569,12.925852902353165,4.8950000000000005,2.8344096046033287,41.041666666666664
21,RANGER,15.416666666666666,21.833333333333332,8.036009289775558,13.488132803802095,4.815206026359777,1.6166666666666665,34.166666666666664
21,ROGUE,15.458333333333334,15.0625,8.036031034378778,12.975407709388753,4.812965866283056,1.6166666666666665,40.833333333333336
21,WARRIOR,28.416666666666668,14.9375,8.074722778216392,13.050852902353165,4.8950000000000005,1.6000000000000003,41.041666666666664
22,CLERIC,15.458333333333334,22.479166666666668,8.037114629027355,13.862510993604884,4.896944444444444,3.0267163208482537,34.416666666666664
22,MAGE,15.458333333333334,29.958333333333332,8.037114629027355,14.203724197308844,4.896944444444444,1.6416666666666666,34.416666666666664
22,PALADIN,15.625,15.3125,8.037512062378527,13.365410306896843,4.8933333333333335,2.9634807547704303,41.708333333333336
22,RANGER,15.708333333333334,22.604166666666668,8.037842548538928,13.747228674290811,4.805751603769131,1.6500000000000001,34.458333333333336
22,ROGUE,16.0,15.354166666666666,8.038578750605788,13.284859675164164,4.804901924522957,1.6375000000000002,41.583333333333336
22,WARRIOR,29.791666666666668,15.3125,8.081235429576012,13.323743640230177,4.8933333333333335,1.625,41.708333333333336
23,CLERIC,15.666666666666666,23.354166666666668,8.038725120166063,14.128730364674242,4.894444444444445,3.1524080036945032,35.541666666666664
23,MAGE,15.666666666666666,31.333333333333332,8.038725120166063,14.591960999010576,4.894444444444445,1.6833333333333333,35.541666666666664
23,PALADIN,15.875,15.583333333333334,8.03926107002028,13.506895940774255,4.888333333333334,3.0848383356423974,43.291666666666664
23,RANGER,15.875,23.520833333333332,8.039346350308442,14.05848910854761,4.796864177654627,1.6875,35.625
23,ROGUE,16.416666666666668,15.645833333333334,8.040869164718918,13.46927610720862,4.796268488704164,1.675,43.125
23,WARRIOR,31.083333333333332,15.583333333333334,8.08778742623354,13.506895940774255,4.888333333333334,1.6458333333333333,43.291666666666664
24,CLERIC,15.833333333333334,23.854166666666668,8.040259947352714,14.20370831750241,4.8933333333333335,3.228040158083577,35.541666666666664
24,MAGE,15.833333333333334,32.020833333333336,8.040259947352714,14.723817553421448,4.8933333333333335,1.7041666666666666,35.541666666666664
24,PALADIN,15.958333333333334,15.770833333333334,8.040550667115454,13.601549451821144,4.886666666666667,3.168838208154936,43.625
24,RANGER,16.041666666666668,23.854166666666668,8.04091157826509,14.28890925945588,4.790717517787292,1.7041666666666666,35.666666666666664
24,ROGUE,16.875,15.791666666666666,8.043352947367234,13.644801179372507,4.790381832236494,1.6875,43.333333333333336
24,WARRIOR,31.666666666666668,15.770833333333334,8.092131359097667,13.601549451821144,4.886666666666667,1.6624999999999999,43.625
25,CLERIC,16.208333333333332,24.645833333333332,8.042465170399089,14.548512379641233,4.890833333333333,3.3468112391130247,36.875
25,MAGE,16.208333333333332,33.25,8.042465170399089,15.019495445728069,4.890833333333333,1.7416666666666665,36.875
25,PALADIN,16.25,16.083333333333332,8.042532884917046,13.912697009877414,4.884166666666666,3.261548691112307,45.541666666666664
25,RANGER,16.416666666666668,24.5625,8.043135538765545,14.461189108937127,4.782199899940629,1.7375,36.958333333333336
25,ROGUE,17.375,16.104166666666668,8.046058444820524,13.830795913211618,4.782477677718407,1.7208333333333334,44.958333333333336
25,WARRIOR,32.583333333333336,16.083333333333332,8.097815932630162,13.829363676544082,4.884166666666666,1.6958333333333335,45.541666666666664
26,CLERIC,16.375,25.020833333333332,8.04408893240761,14.782049943369431,4.8902777777777775,3.427311041694553,38.0
26,MAGE,16.375,33.916666666666664,8.04408893240761,15.108846310035332,4.8902777777777775,1.7541666666666667,38.0
26,PALADIN,16.5,16.25,8.044432471794762,14.006175314824539,4.882777777777778,3.3245348809683164,46.833333333333336
26,RANGER,16.625,25.020833333333332,8.044896572259576,14.617001534067974,4.7776237083314745,1.75,38.083333333333336
26,ROGUE,17.541666666666668,16.3125,8.04778116240285,13.927083984736194,4.7785804265859735,1.75,46.291666666666664
26,WARRIOR,33.291666666666664,16.25,8.102937175192936,13.964508648157873,4.882777777777778,1.7041666666666666,46.833333333333336
27,CLERIC,16.625,25.791666666666668,8.04601950674162,15.000868782882662,4.886666666666667,3.5493435102579856,38.083333333333336
27,MAGE,16.625,35.166666666666664,8.04601950674162,15.323718930869852,4.886666666666667,1.7833333333333332,38.083333333333336
27,PALADIN,16.791666666666668,16.645833333333332,8.046512491390397,14.23924690122273,4.881666666666667,3.4813973696594327,47.375
27,RANGER,16.833333333333332,25.854166666666668,8.046715270509853,14.923039271950474,4.76893265487169,1.7750000000000001,38.166666666666664
27,ROGUE,17.833333333333332,16.729166666666668,8.049950799055148,14.24468791963674,4.770043765982801,1.7750000000000001,46.958333333333336
27,WARRIOR,34.791666666666664,16.645833333333332,8.111238771476257,14.23924690122273,4.881666666666667,1.7541666666666667,47.375
28,CLERIC,16.958333333333332,26.520833333333332,8.048285822766703,15.258694248586592,4.884166666666666,3.6869256389262275,39.291666666666664
28,MAGE,16.958333333333332,36.4375,8.048285822766703,15.707321716693452,4.884166666666666,1.8166666666666667,39.291666666666664
28,PALADIN,17.291666666666668,16.9375,8.049372850678674,14.549101824083245,4.879722222222222,3.596962634963307,49.041666666666664
28,RANGER,17.25,26.666666666666668,8.049284952665571,15.186590541962225,4.760985201585168,1.8125,39.333333333333336
28,ROGUE,18.083333333333332,17.1875,8.052042513091513,14.356811081618586,4.761982735182696,1.7916666666666667,48.541666666666664
28,WARRIOR,36.166666666666664,16.9375,8.119407496600122,14.507435157416579,4.879722222222222,1.7916666666666667,49.041666666666664
29,CLERIC,17.166666666666668,26.9375,8.050176116077369,15.37036344840566,4.882777777777778,3.7653746815195297,39.416666666666664
29,MAGE,17.166666666666668,37.083333333333336,8.050176116077369,15.879314481630287,4.882777777777778,1.8291666666666666,39.416666666666664
29,PALADIN,17.375,17.104166666666668,8.050865557565286,14.642947264207523,4.878333333333333,3.6903746815195295,49.333333333333336
29,RANGER,17.458333333333332,27.041666666666668,8.051199480316425,15.378865457840995,4.755232557881424,1.8291666666666666,39.458333333333336
29,ROGUE,18.291666666666668,17.375,8.054047548794006,14.535102862182486,4.7563436689925345,1.8083333333333336,48.916666666666664
29,WARRIOR,36.875,17.104166666666668,8.12518021784754,14.601280597540857,4.878333333333333,1.8125,49.333333333333336
30,CLERIC,17.5,27.791666666666668,8.052569506071341,15.637223267791134,4.881111111111111,3.8956387312517973,40.541666666666664
30,MAGE,17.5,38.395833333333336,8.052569506071341,16.141954520528838,4.881111111111111,1.8791666666666667,40.541666666666664
30,PALADIN,17.583333333333332,17.333333333333332,8.052835876701936,14.82409072281377,4.874444444444444,3.8012159092608573,51.083333333333336
30,RANGER,17.791666666666668,27.833333333333332,8.053617278406088,15.641450256441233,4.747230871203624,1.875,40.666666666666664
30,ROGUE,18.458333333333332,17.708333333333332,8.055959292419093,14.722517955077718,4.747602683070895,1.8458333333333334,50.541666666666664
30,WARRIOR,38.125,17.333333333333332,8.133383208059845,14.782424056147102,4.874444444444444,1.8375000000000001,51.083333333333336
31,CLERIC,17.791666666666668,28.6875,8.054879825343361,15.990807588509584,4.880277777777778,4.013767571284773,41.708333333333336
31,MAGE,17.791666666666668,39.75,8.054879825343361,16.575011516089187,4.880277777777778,1.9291666666666665,41.708333333333336
31,PALADIN,17.916666666666668,17.729166666666668,8.055309255970881,15.057391823810624,4.8725,3.9228859892901684,52.583333333333336
31,RANGER,18.125,28.583333333333332,8.05611168095383,15.818518112093907,4.739255261735852,1.925,41.791666666666664
31,ROGUE,18.958333333333332,18.083333333333332,8.059132340493951,15.037853324587308,4.738804384136571,1.8625,52.125
31,WARRIOR,39.541666666666664,17.729166666666668,8.142612034887415,15.09905849047729,4.8725,1.8791666666666667,52.583333333333336
32,CLERIC,18.125,29.479166666666668,8.057401158477282,16.337641008274158,4.877222222222222,4.148856088429984,41.791666666666664
32,MAGE,18.125,41.0625,8.057401158477282,16.839053563500116,4.877222222222222,1.9666666666666668,41.791666666666664
32,PALADIN,18.208333333333332,18.125,8.05769354501376,15.373970435483132,4.870555555555556,4.061737392286656,53.208333333333336
32,RANGER,18.458333333333332,29.395833333333332,8.058677432560795,16.083292766771134,4.7292175071808895,1.9583333333333333,41.875
32,ROGUE,19.291666666666668,18.354166666666668,8.06178331177408,15.34669527820479,4.7289524395316676,1.8958333333333333,52.833333333333336
32,WARRIOR,40.916666666666664,18.125,8.151986194977331,15.248970435483132,4.870555555555556,1.9166666666666667,53.208333333333336
33,CLERIC,18.25,29.9375,8.059196049037185,16.411244420909497,4.8758333333333335,4.221926755726709,42.916666666666664
33,MAGE,18.25,41.708333333333336,8.059196049037185,16.92884256879533,4.8758333333333335,1.9833333333333334,42.916666666666664
33,PALADIN,18.333333333333332,18.25,8.059481444056246,15.506908015545335,4.868611111111111,4.16293591126087,54.375
33,RANGER,18.583333333333332,29.729166666666668,8.060501291823348,16.190016190636843,4.72445921776922,1.9791666666666667,43.0
33,ROGUE,19.583333333333332,18.479166666666668,8.064333879452285,15.479647070686056,4.723070328880332,1.9083333333333334,54.166666666666664
33,WARRIOR,41.75,18.25,8.159230181468303,15.340241348878669,4.868611111111111,1.9291666666666665,54.375
34,CLERIC,18.625,30.770833333333332,8.062012566875575,16.67796652212461,4.872777777777778,4.3424167913791365,43.041666666666664
34,MAGE,18.625,42.979166666666664,8.062012566875575,17.315682315138137,4.872777777777778,2.0208333333333335,43.041666666666664
34,PALADIN,18.583333333333332,18.666666666666668,8.061809323460812,15.61662137920146,4.866666666666666,4.285305652554143,55.083333333333336
34,RANGER,18.916666666666668,30.541666666666668,8.06318491430349,16.62160911514412,4.715244438901668,2.0166666666666666,43.166666666666664
34,ROGUE,19.958333333333332,18.770833333333332,8.067303603952228,15.748105600934496,4.7158814740911135,1.9458333333333335,54.833333333333336
34,WARRIOR,43.041666666666664,18.666666666666668,8.168853855644363,15.61662137920146,4.866666666666666,1.95,55.083333333333336
35,CLERIC,18.958333333333332,31.770833333333332,8.06472864551217,16.998417103203085,4.871388888888888,4.448477164408873,44.208333333333336
35,MAGE,18.958333333333332,44.479166666666664,8.06472864551217,17.63709509818035,4.871388888888888,2.0375,44.208333333333336
35,PALADIN,19.041666666666668,19.020833333333332,8.065018936250782,15.847699308516695,4.865277777777778,4.416962781301319,56.708333333333336
35,RANGER,19.166666666666668,31.5,8.06559405070904,16.897564730025653,4.707081217898193,2.029166666666667,44.333333333333336
35,ROGUE,20.458333333333332,19.104166666666668,8.070843105754223,15.852732192120532,4.708591370135468,1.9875,56.416666666666664
35,WARRIOR,44.708333333333336,19.020833333333332,8.180623304232038,15.80603264185003,4.865277777777778,1.9749999999999999,56.708333333333336
36,CLERIC,19.208333333333332,32.520833333333336,8.067192136881774,17.25996675791959,4.868888888888889,4.593561147636696,45.458333333333336
36,MAGE,19.208333333333332,45.708333333333336,8.067192136881774,18.02198213245958,4.868888888888889,2.0833333333333335,45.458333333333336
36,PALADIN,19.666666666666668,19.333333333333332,8.069086845060541,16.07587387119868,4.863611111111111,4.5494954008083575,58.25
36,RANGER,19.458333333333332,32.229166666666664,8.068267591261803,17.115780543294303,4.698030275951498,2.075,45.583333333333336
36,ROGUE,20.791666666666668,19.333333333333332,8.073767149532502,16.11727589665063,4.699755862168332,2.025,58.041666666666664
36,WARRIOR,46.416666666666664,19.333333333333332,8.193033170576749,16.11754053786535,4.863611111111111,2.004166666666667,58.25
37,CLERIC,19.458333333333332,33.375,8.069713755091415,17.529027502344103,4.866111111111111,4.713600111508212,45.625
37,MAGE,19.458333333333332,47.083333333333336,8.069713755091415,18.335136884657683,4.866111111111111,2.1,45.625
37,PALADIN,19.916666666666668,19.6875,8.071634459354405,16.51555384017946,4.861666666666666,4.667656767024057,58.916666666666664
37,RANGER,19.708333333333332,33.104166666666664,8.070812112087888,17.344841347599928,4.689107994052896,2.091666666666667,45.75
37,ROGUE,21.083333333333332,19.729166666666668,8.076610571181979,16.517560936583127,4.690204437010563,2.0500000000000003,58.666666666666664
37,WARRIOR,47.583333333333336,19.6875,8.203096079330775,16.39055384017946,4.861666666666666,2.033333333333333,58.916666666666664
38,CLERIC,19.541666666666668,33.791666666666664,8.071541646832884,17.642138822114767,4.863888888888889,4.790781464853732,46.791666666666664
38,MAGE,19.541666666666668,47.729166666666664,8.071541646832884,18.42618438641,4.863888888888889,2.1083333333333334,46.791666666666664
38,PALADIN,20.083333333333332,19.8125,8.073875003594727,16.64865877469234,4.860555555555556,4.767625171882986,60.416666666666664
38,RANGER,19.791666666666668,33.520833333333336,8.072663034051462,17.540986759048874,4.682590963628074,2.1,46.875
38,ROGUE,21.208333333333332,19.979166666666668,8.07876332162207,16.617033771067224,4.6841027663189125,2.066666666666667,59.958333333333336
38,WARRIOR,48.166666666666664,19.8125,8.210407145021259,16.565325441359004,4.860555555555556,2.066666666666667,60.416666666666664
39,CLERIC,19.75,34.4375,8.073933687567662,17.855247692447843,4.8613888888888885,4.954133062503579,47.0
39,MAGE,19.75,48.979166666666664,8.073933687567662,18.64732067829625,4.8613888888888885,2.1625,47.0
39,PALADIN,20.166666666666668,20.291666666666668,8.075781190101637,16.762700131275903,4.858611111111111,4.906030056821436,60.958333333333336
39,RANGER,19.958333333333332,34.416666666666664,8.074900658525728,17.854979342062258,4.674496375126111,2.15,47.083333333333336
39,ROGUE,21.666666666666668,20.166666666666668,8.082446707311624,16.87913323358592,4.675733952525079,2.1083333333333334,60.458333333333336
39,WARRIOR,49.333333333333336,20.291666666666668,8.221003667000023,16.679366797942567,4.858611111111111,2.095833333333333,60.958333333333336
40,CLERIC,20.0,35.166666666666664,8.076598416794143,18.282874174950013,4.859166666666667,5.091937236415547,48.125
40,MAGE,20.0,50.270833333333336,8.076598416794143,18.99716797567963,4.859166666666667,2.2041666666666666,48.125
40,PALADIN,20.375,20.5,8.078275268469387,17.026406498567557,4.855833333333333,5.0343368815898915,62.791666666666664
40,RANGER,20.125,35.229166666666664,8.07721417337869,18.24681573725179,4.6654397871046065,2.1875,48.25
40,ROGUE,22.041666666666668,20.583333333333332,8.085888951582943,16.94787172613835,4.666599763449563,2.1458333333333335,62.0
40,WARRIOR,50.416666666666664,20.5,8.231451333365358,16.98473983190089,4.855833333333333,2.1333333333333333,62.791666666666664
41,CLERIC,20.416666666666668,36.083333333333336,8.080083278965569,18.515940963651442,4.856944444444444,5.216873974358575,49.25
41,MAGE,20.416666666666668,51.583333333333336,8.080083278965569,19.30752763409893,4.856944444444444,2.245833333333333,49.25
41,PALADIN,20.583333333333332,20.770833333333332,8.080822838995344,17.335715925908477,4.854166666666667,5.178887977207622,64.45833333333333
41,RANGER,20.5,35.9375,8.080515928546479,18.46487359276142,4.656375068376096,2.2291666666666665,49.416666666666664
41,ROGUE,22.5,20.895833333333332,8.089759719157719,17.17657861281469,4.6583195128205395,2.1791666666666667,63.541666666666664
41,WARRIOR,51.75,20.770833333333332,8.243601484806682,17.169049259241813,4.854166666666667,2.2,64.45833333333333
42,CLERIC,20.708333333333332,37.020833333333336,8.08306721033307,18.792245052590104,4.8549999999999995,5.328331935539818,49.458333333333336
42,MAGE,20.708333333333332,52.895833333333336,8.08306721033307,19.78499151034593,4.8549999999999995,2.279166666666667,49.458333333333336
42,PALADIN,21.0,21.0625,8.084415475381872,17.563090123752087,4.851944444444444,5.319998602206485,64.91666666666667
42,RANGER,20.791666666666668,36.770833333333336,8.083508400281401,18.69185075092243,4.647395144560604,2.2625,49.583333333333336
42,ROGUE,22.833333333333332,21.145833333333332,8.09316316427421,17.48446356340634,4.648666759852901,2.2333333333333334,64.33333333333333
42,WARRIOR,53.291666666666664,21.0625,8.2573157539816,17.47975679041875,4.851944444444444,2.2375000000000003,64.91666666666667
43,CLERIC,21.083333333333332,37.833333333333336,8.08652233607253,19.018138223201337,4.852222222222222,5.447522123523342,50.583333333333336
43,MAGE,21.083333333333332,54.208333333333336,8.08652233607253,20.054564851331218,4.852222222222222,2.3125,50.583333333333336
43,PALADIN,21.208333333333332,21.5,8.087080542402363,17.71649120479801,4.8502777777777775,5.435022123523342,66.70833333333333
43,RANGER,21.25,37.583333333333336,8.087373933415988,18.876167369614386,4.6393318584317775,2.3000000000000003,50.708333333333336
43,ROGUE,23.125,21.479166666666668,8.096412651341815,17.922818029982114,4.638909931189866,2.2666666666666666,65.95833333333333
43,WARRIOR,54.458333333333336,21.5,8.269237469451037,17.71649120479801,4.8502777777777775,2.2708333333333335,66.70833333333333
44,CLERIC,21.333333333333332,38.5,8.089431226325159,19.35852566799795,4.85,5.5898831198408425,50.916666666666664
44,MAGE,21.333333333333332,55.416666666666664,8.089431226325159,20.3165044325889,4.85,2.35,50.916666666666664
44,PALADIN,21.458333333333332,21.791666666666668,8.090020322347733,17.944048567660023,4.848055555555556,5.561312233134387,67.25
44,RANGER,21.583333333333332,38.333333333333336,8.090712945685263,19.222916134718492,4.631765710456381,2.3375,51.041666666666664
44,ROGUE,23.75,21.708333333333332,8.10148871037988,18.021057799274452,4.632122925562187,2.2916666666666665,66.875
44,WARRIOR,55.833333333333336,21.791666666666668,8.282712659007347,17.944048567660023,4.848055555555556,2.3208333333333333,67.25
45,CLERIC,21.416666666666668,39.270833333333336,8.09153699170229,19.707076245766384,4.8486111111111105,5.735682730591431,52.083333333333336
45,MAGE,21.416666666666668,56.729166666666664,8.09153699170229,20.670468874471428,4.8486111111111105,2.408333333333333,52.083333333333336
45,PALADIN,21.958333333333332,22.125,8.094294535623387,18.299426724890868,4.846666666666667,5.696453997507361,68.95833333333333
45,RANGER,21.666666666666668,39.25,8.092842934542448,19.582093829330322,4.624633564577385,2.3916666666666666,52.208333333333336
45,ROGUE,24.083333333333332,22.083333333333332,8.105151270257787,18.129221678381917,4.624308506766372,2.316666666666667,68.54166666666667
45,WARRIOR,57.416666666666664,22.125,8.297929029578341,18.216093391557532,4.846666666666667,2.3541666666666665,68.95833333333333
46,CLERIC,21.75,40.208333333333336,8.095011552122868,19.984886847977663,4.846388888888889,5.851028378186837,53.375
46,MAGE,21.75,58.083333333333336,8.095011552122868,20.986627656047173,4.846388888888889,2.433333333333333,53.375
46,PALADIN,22.166666666666668,22.520833333333332,8.097173014504454,18.533958261344356,4.8436111111111115,5.823773648489031,70.5
46,RANGER,22.041666666666668,39.979166666666664,8.096558564586735,19.844449267796303,4.61529580331288,2.4250000000000003,53.5
46,ROGUE,24.458333333333332,22.416666666666668,8.109114607365274,18.4012466695759,4.6170490540604385,2.345833333333333,70.16666666666667
46,WARRIOR,58.625,22.520833333333332,8.311172020085662,18.36729159467769,4.8436111111111115,2.3875,70.5
47,CLERIC,22.166666666666668,41.333333333333336,8.098983640058599,20.19361358824653,4.841111111111111,6.001021237789208,53.666666666666664
47,MAGE,22.166666666666668,59.916666666666664,8.098983640058599,21.425003695309073,4.841111111111111,2.4791666666666665,53.666666666666664
47,PALADIN,22.75,22.958333333333332,8.102093465506046,18.81280046437796,4.840277777777778,6.023583872607833,71.375
47,RANGER,22.458333333333332,41.145833333333336,8.100559077028635,20.181029284817814,4.603782377447713,2.475,53.791666666666664
47,ROGUE,25.0,22.916666666666668,8.114071500360584,18.89235665581563,4.60354302859183,2.3874999999999997,71.16666666666667
47,WARRIOR,60.916666666666664,22.958333333333332,8.331803266055797,18.72946713104463,4.840277777777778,2.4583333333333335,71.375
48,CLERIC,22.541666666666668,42.1875,8.102835563269073,20.715702943611465,4.838611111111111,6.115260845877831,54.916666666666664
48,MAGE,22.541666666666668,61.1875,8.102835563269073,21.69389639654519,4.838611111111111,2.5083333333333333,54.916666666666664
48,PALADIN,23.208333333333332,23.208333333333332,8.106423062408508,19.037810872747155,4.839722222222222,6.175903350059332,73.20833333333333
48,RANGER,22.791666666666668,41.791666666666664,8.10422618373288,20.479095464123883,4.593005369441149,2.5083333333333333,55.0
48,ROGUE,25.458333333333332,23.145833333333332,8.11868222641374,19.03265789378189,4.594682073330696,2.4291666666666667,72.79166666666667
48,WARRIOR,62.333333333333336,23.208333333333332,8.347236763652482,18.954477539413823,4.839722222222222,2.495833333333333,73.20833333333333
49,CLERIC,23.041666666666668,43.416666666666664,8.107447015164977,21.058139261408925,4.834444444444444,6.290935747472145,55.125
49,MAGE,23.041666666666668,63.229166666666664,8.107447015164977,22.23397326402876,4.834444444444444,2.5541666666666667,55.125
49,PALADIN,23.75,23.604166666666668,8.11138346616215,19.48084512479731,4.836111111111111,6.32047915151275,74.375
49,RANGER,23.333333333333332,43.145833333333336,8.109084698524448,20.913556265611245,4.581412501010261,2.5541666666666667,55.25
49,ROGUE,26.083333333333332,23.583333333333332,8.124383548369346,19.39494586934224,4.58166516296311,2.470833333333333,73.79166666666667
49,WARRIOR,64.08333333333333,23.604166666666668,8.365405407281541,19.397511791463977,4.836111111111111,2.5416666666666665,74.375
50,CLERIC,23.333333333333332,44.3125,8.110998603531455,21.33394707785263,4.833333333333333,6.4268341070595945,56.333333333333336
50,MAGE,23.333333333333332,64.625,8.110998603531455,22.639137922312543,4.833333333333333,2.5833333333333335,56.333333333333336
50,PALADIN,23.958333333333332,24.041666666666668,8.114542314345396,19.843515405282485,4.834722222222222,6.4476674403929275,76.04166666666667
50,RANGER,23.583333333333332,44.125,8.112439040526633,21.27897129134081,4.572846408375464,2.5791666666666666,56.458333333333336
50,ROGUE,26.458333333333332,24.020833333333332,8.128758059769998,19.75731483101035,4.573297932905479,2.4916666666666667,75.29166666666667
50,WARRIOR,65.29166666666667,24.041666666666668,8.380269893512166,19.718515405282485,4.834722222222222,2.5791666666666666,76.04166666666667
51,CLERIC,23.708333333333332,45.666666666666664,8.115106202658348,21.76989358955153,4.830277777777778,6.5810678886862135,57.583333333333336
51,MAGE,23.708333333333332,66.625,8.115106202658348,23.094312776478308,4.830277777777778,2.6374999999999997,57.583333333333336
51,PALADIN,24.375,24.416666666666668,8.118991780863254,20.077042342501215,4.8308333333333335,6.61553702545394,78.04166666666667
51,RANGER,23.958333333333332,45.333333333333336,8.116564950690796,21.578943636924986,4.562373251865364,2.6333333333333333,57.666666666666664
51,ROGUE,26.958333333333332,24.333333333333332,8.133968227475943,20.06987416156952,4.562221811407444,2.5416666666666665,77.375
51,WARRIOR,67.08333333333333,24.416666666666668,8.399673098153341,20.035375675834548,4.8308333333333335,2.658333333333333,78.04166666666667
52,CLERIC,24.041666666666668,46.625,8.119045899923522,22.13452056626096,4.826388888888888,6.70286570209847,57.666666666666664
52,MAGE,24.041666666666668,67.91666666666667,8.119045899923522,23.492024602313435,4.826388888888888,2.6583333333333337,57.666666666666664
52,PALADIN,24.833333333333332,24.666666666666668,8.123777013955047,20.343960161452333,4.828611111111111,6.72786570209847,78.83333333333333
52,RANGER,24.291666666666668,45.958333333333336,8.120529694747004,21.959750345218936,4.552779267915474,2.6625,57.708333333333336
52,ROGUE,27.083333333333332,24.791666666666668,8.137016207797119,20.308790192329486,4.552864508748991,2.5833333333333335,77.95833333333333
52,WARRIOR,68.54166666666667,24.666666666666668,8.417175532836525,20.343960161452333,4.828611111111111,2.6875,78.83333333333333
53,CLERIC,24.666666666666668,47.75,8.12477423664665,22.595719863057955,4.823055555555555,6.88029018576314,59.0
53,MAGE,24.666666666666668,69.85416666666667,8.12477423664665,23.943531795104708,4.823055555555555,2.716666666666667,59.0
53,PALADIN,25.458333333333332,25.208333333333332,8.129732028321163,20.838910248911905,4.826666666666667,6.904534444939835,80.66666666666667
53,RANGER,24.75,47.1875,8.125326378176032,22.303367514350043,4.540758432060235,2.725,59.041666666666664
53,ROGUE,27.791666666666668,25.1875,8.143739768879191,20.668741413795296,4.539975481448455,2.620833333333333,80.16666666666667
53,WARRIOR,70.83333333333333,25.208333333333332,8.441289105145582,20.630576915578573,4.826666666666667,2.7458333333333336,80.66666666666667
54,CLERIC,25.041666666666668,48.604166666666664,8.129203343688177,22.661225610105415,4.821111111111111,7.006281511489951,59.125
54,MAGE,25.041666666666668,71.14583333333333,8.129203343688177,24.258881037592477,4.821111111111111,2.7583333333333333,59.125
54,PALADIN,25.791666666666668,25.541666666666668,8.133979286830538,20.986284885619767,4.823888888888889,7.030956150747907,81.375
54,RANGER,25.083333333333332,47.958333333333336,8.129508781278265,22.695779434897304,4.5309701214562255,2.766666666666667,59.208333333333336
54,ROGUE,28.25,25.5,8.149056442715208,20.89821430572506,4.530991812172362,2.658333333333333,80.79166666666667
54,WARRIOR,72.16666666666667,25.541666666666668,8.458819503369329,20.777951552286435,4.823888888888889,2.7708333333333335,81.375
55,CLERIC,25.5,49.791666666666664,8.134177454929215,23.002744494023403,4.817777777777778,7.166571614343635,60.416666666666664
55,MAGE,25.5,73.125,8.134177454929215,24.631970973930006,4.817777777777778,2.8041666666666667,60.416666666666664
55,PALADIN,26.458333333333332,26.020833333333332,8.14043569992596,21.143533980310643,4.8213888888888885,7.218661737128613,83.04166666666667
55,RANGER,25.625,49.166666666666664,8.134999183686936,22.955574942329914,4.520285019859533,2.8083333333333336,60.5
55,ROGUE,28.958333333333332,25.875,8.156072423881655,21.257075633855127,4.518060987116871,2.725,82.70833333333333
55,WARRIOR,74.66666666666667,26.020833333333332,8.485908253119591,21.06020064697731,4.8213888888888885,2.845833333333333,83.04166666666667
56,CLERIC,25.958333333333332,50.645833333333336,8.139313962148195,23.27718226272403,4.816944444444444,7.306498647277908,61.541666666666664
56,MAGE,25.958333333333332,74.5,8.139313962148195,24.872056830841615,4.816944444444444,2.8333333333333335,61.541666666666664
56,PALADIN,26.791666666666668,26.291666666666668,8.144845449814802,21.37024729221659,4.818333333333333,7.368867598273948,84.625
56,RANGER,26.125,50.104166666666664,8.140392756884332,23.153175303834953,4.51180645227089,2.8333333333333335,61.583333333333336
56,ROGUE,29.333333333333332,26.145833333333332,8.161093845200844,21.275538188440077,4.510660394758722,2.7583333333333333,84.5
56,WARRIOR,76.04166666666667,26.291666666666668,8.504719017859664,21.286913958883257,4.818333333333333,2.8874999999999997,84.625
57,CLERIC,26.416666666666668,51.625,8.144513930419732,23.35285928342174,4.813055555555556,7.501218359879625,61.916666666666664
57,MAGE,26.416666666666668,76.39583333333333,8.144513930419732,25.239707160126546,4.813055555555556,2.9,61.916666666666664
57,PALADIN,27.083333333333332,26.770833333333332,8.149115278966386,21.527832936372235,4.8133333333333335,7.525797173195762,85.70833333333333
57,RANGER,26.625,51.395833333333336,8.14586563025856,23.29527347483378,4.502016148897487,2.8958333333333335,61.916666666666664
57,ROGUE,29.958333333333332,26.604166666666668,8.167887063399485,21.38992906301499,4.4998906968957675,2.8000000000000003,85.41666666666667
57,WARRIOR,77.875,26.770833333333332,8.527687816459164,21.486166269705567,4.8133333333333335,2.9375,85.70833333333333
58,CLERIC,27.083333333333332,52.8125,8.151295077611094,23.445616244821792,4.809444444444444,7.675232213482449,63.166666666666664
58,MAGE,27.083333333333332,78.33333333333333,8.151295077611094,25.486684168324402,4.809444444444444,2.9499999999999997,63.166666666666664
58,PALADIN,27.666666666666668,27.3125,8.155362001292746,21.565088081121285,4.809166666666667,7.70023221348245,87.66666666666667
58,RANGER,27.166666666666668,52.645833333333336,8.15185263339213,23.434247158811644,4.48998451910117,2.9416666666666664,63.166666666666664
58,ROGUE,30.833333333333332,27.020833333333332,8.176534031644811,21.54322904138716,4.4882686717697,2.841666666666667,87.41666666666667
58,WARRIOR,79.91666666666667,27.3125,8.552946960186455,21.523421414454617,4.809166666666667,2.970833333333333,87.66666666666667
59,CLERIC,27.5,53.6875,8.156523775400606,23.51417999848107,4.8069444444444445,7.833700859821882,63.25
59,MAGE,27.5,79.60416666666667,8.156523775400606,25.59443528339533,4.8069444444444445,2.9916666666666667,63.25
59,PALADIN,27.875,27.708333333333332,8.159239128319632,21.592207607353515,4.807777777777778,7.842034193155214,88.25
59,RANGER,27.625,53.354166666666664,8.157367320966449,23.489593810878844,4.47926522403891,2.9916666666666667,63.208333333333336
59,ROGUE,31.125,27.4375,8.181348276991825,21.571805329882764,4.479757460591498,2.858333333333333,88.16666666666667
59,WARRIOR,81.20833333333333,27.708333333333332,8.572578980236637,21.592207607353515,4.807777777777778,2.9958333333333336,88.25
60,CLERIC,28.083333333333332,54.854166666666664,8.163036288992567,23.60586243078202,4.803055555555556,8.005176832387422,64.45833333333333
60,MAGE,28.083333333333332,81.625,8.163036288992567,25.808066114846373,4.803055555555556,3.033333333333333,64.45833333333333
60,PALADIN,28.25,28.270833333333332,8.164331469080627,21.631056748555483,4.804166666666666,7.988510165720754,90.41666666666667
60,RANGER,28.291666666666668,54.645833333333336,8.16444890189162,23.590706562628142,4.467142499405757,3.033333333333333,64.41666666666667
60,ROGUE,31.666666666666668,27.791666666666668,8.1880595242894,21.596274484943677,4.467117742535593,2.9333333333333336,90.04166666666667
60,WARRIOR,82.95833333333333,28.270833333333332,8.596538866009228,21.631056748555483,4.804166666666666,3.033333333333333,90.41666666666667
61,CLERIC,28.458333333333332,56.270833333333336,8.168212417697909,23.718059080493592,4.799444444444444,8.167202385849967,65.70833333333333
61,MAGE,28.458333333333332,83.6875,8.168212417697909,25.9847013926988,4.799444444444444,3.091666666666667,65.70833333333333
61,PALADIN,28.791666666666668,28.6875,8.170765321586467,21.659855747069585,4.801666666666667,8.150535719183301,92.625
61,RANGER,28.708333333333332,55.833333333333336,8.169943052303248,23.684839706960805,4.456341036126473,3.095833333333333,65.58333333333333
61,ROGUE,32.291666666666664,28.333333333333332,8.195473633079347,21.633483863337585,4.456896591682028,2.954166666666667,92.04166666666667
61,WARRIOR,84.875,28.6875,8.622528396411171,21.659855747069585,4.801666666666667,3.0875,92.625
62,CLERIC,29.208333333333332,57.520833333333336,8.176111971316766,23.817452717009598,4.795833333333333,8.329903382810604,66.0
62,MAGE,29.208333333333332,85.58333333333333,8.176111971316766,26.14776230003253,4.795833333333333,3.1166666666666667,66.0
62,PALADIN,29.333333333333332,29.395833333333332,8.177297330799112,21.709149706362073,4.799166666666667,8.300690671384942,93.54166666666667
62,RANGER,29.416666666666668,56.895833333333336,8.177610735772623,23.76911255208022,4.444398399685448,3.1125000000000003,65.91666666666667
62,ROGUE,33.041666666666664,28.708333333333332,8.203976377146523,21.659384112305858,4.445787288574337,2.975,93.0
62,WARRIOR,86.91666666666667,29.395833333333332,8.650273102839561,21.709149706362073,4.799166666666667,3.1125000000000003,93.54166666666667
63,CLERIC,29.583333333333332,58.395833333333336,8.181567091777639,23.887288264490252,4.793888888888889,8.470269023037071,67.125
63,MAGE,29.583333333333332,86.91666666666667,8.181567091777639,26.26289031232569,4.793888888888889,3.1500000000000004,67.125
63,PALADIN,29.708333333333332,29.75,8.182698546999266,21.733752445731238,4.796666666666667,8.43231872849077,95.29166666666667
63,RANGER,29.791666666666668,57.6875,8.183088305015582,23.83193181922032,4.434050388645985,3.154166666666667,67.04166666666667
63,ROGUE,33.291666666666664,29.0625,8.208900093093643,21.684065603471737,4.435747074949072,3.0,94.70833333333333
63,WARRIOR,88.25,29.75,8.672188737781218,21.733752445731238,4.796666666666667,3.1208333333333336,95.29166666666667
64,CLERIC,30.208333333333332,59.583333333333336,8.188963619902133,23.982416255639823,4.788888888888889,8.627967147807814,67.41666666666667
64,MAGE,30.208333333333332,88.77083333333333,8.188963619902133,26.423559917955064,4.788888888888889,3.1875,67.41666666666667
64,PALADIN,29.958333333333332,30.125,8.187283577522686,21.760209946760668,4.791111111111111,8.577967147807815,96.25
64,RANGER,30.416666666666668,58.708333333333336,8.190500576469368,23.913278667149367,4.422828021474724,3.1999999999999997,67.25
64,ROGUE,33.875,29.583333333333332,8.216483377856523,21.720104363969753,4.42424663459059,3.0416666666666665,95.58333333333333
64,WARRIOR,90.0,30.125,8.698415241166133,21.760209946760668,4.791111111111111,3.1791666666666667,96.25
65,CLERIC,30.708333333333332,60.791666666666664,8.195497032926582,24.079382147611117,4.785,8.787740319697653,68.66666666666667
65,MAGE,30.708333333333332,90.8125,8.195497032926582,26.601187076930742,4.785,3.225,68.66666666666667
65,PALADIN,30.333333333333332,30.666666666666668,8.192850305046667,21.797747426162477,4.788055555555555,8.761324728620137,98.29166666666667
65,RANGER,30.875,60.166666666666664,8.196741742062931,24.029934451932565,4.41165064535349,3.233333333333333,68.45833333333333
65,ROGUE,34.25,30.166666666666668,8.222568753618447,21.76072280124757,4.4116533155723525,3.0708333333333333,97.54166666666667
65,WARRIOR,91.66666666666667,30.666666666666668,8.724417435129663,21.797747426162477,4.788055555555555,3.2458333333333336,98.29166666666667
66,CLERIC,31.208333333333332,61.958333333333336,8.202229074403068,24.173407199644146,4.781944444444444,8.964023341936835,69.91666666666667
66,MAGE,31.208333333333332,92.79166666666667,8.202229074403068,26.77421817512231,4.781944444444444,3.2708333333333335,69.91666666666667
66,PALADIN,30.916666666666668,31.125,8.200153640198959,21.82999633575332,4.783611111111111,8.933846119236641,100.375
66,RANGER,31.375,61.458333333333336,8.203485205278904,24.133963330225,4.4010095549819885,3.266666666666667,69.75
66,ROGUE,34.75,30.6875,8.229798626331077,21.797212801185847,4.399755406897571,3.1125000000000003,99.625
66,WARRIOR,93.70833333333333,31.125,8.754580169623127,21.82999633575332,4.783611111111111,3.2916666666666665,100.375
67,CLERIC,31.583333333333332,63.3125,8.208137122190214,24.28308433166838,4.776944444444444,9.116034469420145,70.08333333333333
67,MAGE,31.583333333333332,94.89583333333333,8.208137122190214,26.95885691892218,4.776944444444444,3.3000000000000003,70.08333333333333
67,PALADIN,31.25,31.75,8.205619130614178,21.8741317692286,4.78,9.095930702600507,101.375
67,RANGER,31.833333333333332,62.729166666666664,8.210045574429374,24.236802461336065,4.390597702038657,3.295833333333333,69.91666666666667
67,ROGUE,35.291666666666664,31.375,8.237471668975823,21.8457806622169,4.38893103537199,3.1458333333333335,100.33333333333333
67,WARRIOR,95.33333333333333,31.75,8.781330207335552,21.8741317692286,4.78,3.3375000000000004,101.375
68,CLERIC,32.0,64.0625,8.214417823885112,24.344083284109733,4.774444444444445,9.275363336708274,71.29166666666667
68,MAGE,32.0,96.16666666666667,8.214417823885112,27.070887958412612,4.774444444444445,3.329166666666667,71.29166666666667
68,PALADIN,31.75,32.0625,8.212501622642183,21.896355684962998,4.777777777777778,9.233696670041608,103.04166666666667
68,RANGER,32.166666666666664,63.5625,8.215701938444658,24.304404475010468,4.380415529173534,3.3249999999999997,71.125
68,ROGUE,35.666666666666664,31.729166666666668,8.24389090367992,21.870806065178325,4.378864666441671,3.170833333333333,102.04166666666667
68,WARRIOR,96.54166666666667,32.0625,8.804477437175825,21.896355684962998,4.777777777777778,3.375,103.04166666666667
69,CLERIC,32.291666666666664,65.3125,8.219849341520588,24.446136193161454,4.771944444444444,9.44297123423605,71.5
69,MAGE,32.291666666666664,98.1875,8.219849341520588,27.24951880274809,4.771944444444444,3.4125,71.5
69,PALADIN,32.625,32.520833333333336,8.222561753375993,21.928788986020976,4.774444444444445,9.388804567569384,103.79166666666667
69,RANGER,32.5,64.8125,8.221479820824014,24.405983738411724,4.369074579544122,3.408333333333333,71.375
69,ROGUE,36.208333333333336,32.229166666666664,8.251827088822004,21.906284013639965,4.367968584384264,3.2125,102.75
69,WARRIOR,99.0,32.520833333333336,8.840714464601946,21.928788986020976,4.774444444444445,3.4166666666666665,103.79166666666667
70,CLERIC,32.833333333333336,66.5625,8.227375552048903,24.54829916457253,4.768888888888889,9.626370875002076,72.70833333333333
70,MAGE,32.833333333333336,100.29166666666667,8.227375552048903,27.43628017954359,4.768888888888889,3.4583333333333335,72.70833333333333
70,PALADIN,33.291666666666664,33.020833333333336,8.231159265241017,21.964560793948454,4.771944444444444,9.568037541668742,105.875
70,RANGER,33.166666666666664,66.29166666666667,8.230057788677874,24.526879136320257,4.35935305277764,3.4458333333333333,72.58333333333333
70,ROGUE,36.75,32.770833333333336,8.259885560709522,21.944559331840455,4.356750105401104,3.266666666666667,104.875
70,WARRIOR,101.20833333333333,33.020833333333336,8.875245811337278,21.964560793948454,4.771944444444444,3.4499999999999997,105.875
71,CLERIC,33.291666666666664,68.02083333333333,8.234287545452046,24.66814195116945,4.764722222222223,9.788522387080244,73.83333333333333
71,MAGE,33.291666666666664,102.375,8.234287545452046,27.62208683918755,4.764722222222223,3.5083333333333333,73.83333333333333
71,PALADIN,33.75,33.729166666666664,8.2382050255782,22.01498100430406,4.7675,9.747896252986926,107.625
71,RANGER,33.583333333333336,67.47916666666667,8.236671494257228,24.624325048372857,4.346737547629315,3.4916666666666667,73.75
71,ROGUE,37.208333333333336,33.291666666666664,8.267432944402035,21.981431599229847,4.345973583134205,3.3208333333333333,106.83333333333333
71,WARRIOR,103.45833333333333,33.729166666666664,8.91087166637252,22.01498100430406,4.7675,3.475,107.625
72,CLERIC,33.833333333333336,69.25,8.242070527254528,24.769586524884044,4.761388888888889,9.986282035354188,74.04166666666667
72,MAGE,33.833333333333336,104.4375,8.242070527254528,27.80683456817476,4.761388888888889,3.5541666666666667,74.04166666666667
72,PALADIN,34.375,34.25,8.246838522918862,22.05228943511797,4.7652777777777775,9.907115368687522,108.625
72,RANGER,34.083333333333336,68.70833333333333,8.244163172163553,24.725745342654974,4.334525642087499,3.5416666666666665,74.0
72,ROGUE,38.0,33.791666666666664,8.277980201207901,22.01720834745541,4.335014170990569,3.3708333333333336,107.58333333333333
72,WARRIOR,105.58333333333333,34.25,8.94605624513382,22.05228943511797,4.7652777777777775,3.5083333333333333,108.625
73,CLERIC,34.125,70.4375,8.247844779340825,24.868149880464088,4.758888888888889,10.159848614140039,75.29166666666667
73,MAGE,34.125,106.47916666666667,8.247844779340825,27.990302019950487,4.758888888888889,3.6291666666666664,75.29166666666667
73,PALADIN,34.791666666666664,34.729166666666664,8.253802977830068,22.086970511311886,4.761111111111111,10.09518951676637,110.375
73,RANGER,34.375,70.0625,8.249974655016194,24.83748493949251,4.323232314612886,3.608333333333334,75.29166666666667
73,ROGUE,38.458333333333336,34.229166666666664,8.285757691417595,22.04839194328478,4.323108578532064,3.4291666666666667,109.54166666666667
73,WARRIOR,107.75,34.729166666666664,8.982347615494794,22.086970511311886,4.761111111111111,3.5749999999999997,110.375
74,CLERIC,34.5,71.70833333333333,8.254475998337988,24.973581882334912,4.753611111111112,10.331204345890155,75.33333333333333
74,MAGE,34.5,108.47916666666667,8.254475998337988,28.170792956231107,4.753611111111112,3.6875,75.33333333333333
74,PALADIN,35.5,35.166666666666664,8.263421368670027,22.11854105437212,4.757777777777778,10.262460867905848,111.29166666666667
74,RANGER,34.708333333333336,71.25,8.256273533742215,24.936158335784615,4.311623124110329,3.6750000000000003,75.41666666666667
74,ROGUE,39.041666666666664,34.729166666666664,8.294843671765921,22.08428616310869,4.3106504670870605,3.483333333333334,110.04166666666667
74,WARRIOR,109.875,35.166666666666664,9.018965505704898,22.11854105437212,4.757777777777778,3.6125000000000003,111.29166666666667
75,CLERIC,35.083333333333336,72.875,8.26305263594833,25.070941493335173,4.750555555555556,10.496289793104745,76.58333333333333
75,MAGE,35.083333333333336,110.5,8.26305263594833,28.353704850354347,4.750555555555556,3.733333333333334,76.58333333333333
75,PALADIN,36.125,35.645833333333336,8.272533682900525,22.15308629540338,4.751944444444445,10.431096781610375,113.20833333333333
75,RANGER,35.166666666666664,72.64583333333333,8.263775049028872,25.052187651360672,4.300655537164676,3.733333333333333,76.66666666666667
75,ROGUE,39.666666666666664,35.0625,8.304454882669045,22.10824562657577,4.299217526436711,3.533333333333333,111.91666666666667
75,WARRIOR,112.125,35.645833333333336,9.057770707628071,22.15308629540338,4.751944444444445,3.6374999999999997,113.20833333333333
76,CLERIC,35.541666666666664,74.20833333333333,8.27064991990831,25.182444392868586,4.746944444444444,10.657339590555171,77.83333333333333
76,MAGE,35.541666666666664,112.60416666666667,8.27064991990831,28.544868249032405,4.746944444444444,3.7750000000000004,77.83333333333333
76,PALADIN,36.541666666666664,36.229166666666664,8.279852324036225,22.195707870094335,4.748333333333333,10.611596597474398,115.0
76,RANGER,35.666666666666664,73.91666666666667,8.271750011367333,25.158238720327684,4.288807215493288,3.7750000000000004,77.91666666666667
76,ROGUE,40.125,35.458333333333336,8.312698343748266,22.13680386685584,4.286992625912477,3.579166666666667,114.0
76,WARRIOR,114.20833333333333,36.229166666666664,9.095438832889752,22.195707870094335,4.748333333333333,3.6791666666666667,115.0
77,CLERIC,36.125,75.5,8.279473019268965,25.29088159639679,4.743611111111111,10.819206071058879,78.04166666666667
77,MAGE,36.125,114.64583333333333,8.279473019268965,28.731129496830647,4.743611111111111,3.8125,78.04166666666667
77,PALADIN,36.916666666666664,36.8125,8.286951755928898,22.238072179590247,4.744166666666667,10.779655243187214,115.875
77,RANGER,36.208333333333336,75.16666666666667,8.280209987336853,25.26309778343521,4.276356317120853,3.816666666666667,78.125
77,ROGUE,40.5,35.9375,8.320287695651071,22.171440674938555,4.275846335518001,3.6374999999999997,114.75
77,WARRIOR,116.20833333333333,36.8125,9.13289653115927,22.238072179590247,4.744166666666667,3.6958333333333333,115.875
78,CLERIC,36.708333333333336,76.625,8.288476011769502,25.385575747891973,4.740277777777778,10.990216103078028,79.25
78,MAGE,36.708333333333336,116.52083333333333,8.288476011769502,28.902730743873644,4.740277777777778,3.8791666666666664,79.25
78,PALADIN,37.125,37.458333333333336,8.29259153134466,22.285051903322188,4.740833333333334,10.95045178599163,117.79166666666667
78,RANGER,36.791666666666664,76.39583333333333,8.28921150558523,25.366278737127598,4.26524765871167,3.875,79.33333333333333
78,ROGUE,40.875,36.458333333333336,8.328012746711673,22.209306744744907,4.265054429804126,3.6750000000000003,116.75
78,WARRIOR,117.70833333333333,37.458333333333336,9.165110254694161,22.285051903322188,4.740833333333334,3.7416666666666667,117.79166666666667
79,CLERIC,37.25,77.83333333333333,8.297305716341901,25.487714846141458,4.737777777777778,11.155611991751671,79.54166666666667
79,MAGE,37.25,118.60416666666667,8.297305716341901,29.09412678782792,4.737777777777778,3.9166666666666665,79.54166666666667
79,PALADIN,37.75,37.895833333333336,8.302140118124203,22.31704261182631,4.7380555555555555,11.12194259571183,118.75
79,RANGER,37.333333333333336,77.85416666666667,8.29803972578887,25.48945894283617,4.254370493619211,3.9125,79.58333333333333
79,ROGUE,41.333333333333336,37.041666666666664,8.336613959680134,22.251885066731464,4.253792533883222,3.716666666666667,117.5
79,WARRIOR,119.45833333333333,37.895833333333336,9.200865072002037,22.31704261182631,4.7380555555555555,3.7833333333333337,118.75
80,CLERIC,37.75,79.1875,8.305836924383962,25.602586785289162,4.735,11.316968526713387,80.75
80,MAGE,37.75,120.70833333333333,8.305836924383962,29.288032976645837,4.735,3.9583333333333335,80.75
80,PALADIN,38.083333333333336,38.4375,8.309121546461851,22.356545273238382,4.733611111111111,11.295128755600052,120.70833333333333
80,RANGER,37.791666666666664,79.20833333333333,8.30617047766445,25.60414798285527,4.242546971848886,3.9625000000000004,80.875
80,ROGUE,41.708333333333336,37.604166666666664,8.344536628586924,22.292920792253543,4.242479875996885,3.7458333333333336,119.41666666666667
80,WARRIOR,121.25,38.4375,9.23770303728608,22.356545273238382,4.733611111111111,3.8333333333333335,120.70833333333333
81,CLERIC,38.291666666666664,80.5,8.314912555941953,25.71409626764039,4.732222222222222,11.479080693170223,82.04166666666667
81,MAGE,38.291666666666664,122.58333333333333,8.314912555941953,29.461383530819507,4.732222222222222,4.033333333333333,82.04166666666667
81,PALADIN,38.666666666666664,38.9375,8.31871678856346,22.39349231281426,4.732222222222222,11.47948570651909,122.83333333333333
81,RANGER,38.333333333333336,80.1875,8.31527630236851,25.68736948155861,4.231394620455318,4.033333333333334,82.16666666666667
81,ROGUE,42.416666666666664,37.895833333333336,8.355896119648058,22.31425434596176,4.2305612871219855,3.795833333333334,121.5
81,WARRIOR,123.25,38.9375,9.277822474521273,22.39349231281426,4.732222222222222,3.891666666666667,122.83333333333333
82,CLERIC,38.75,81.8125,8.323290159821209,25.825852190258832,4.7299999999999995,11.658609476062423,82.29166666666667
82,MAGE,38.75,124.625,8.323290159821209,29.65069529922489,4.7299999999999995,4.104166666666667,82.29166666666667
82,PALADIN,39.041666666666664,39.604166666666664,8.326414184952005,22.442345643862883,4.727777777777778,11.64886095453267,123.125
82,RANGER,38.833333333333336,81.41666666666667,8.324083302669656,25.791956428594087,4.21951775087818,4.095833333333333,82.375
82,ROGUE,42.791666666666664,38.4375,8.36403154335407,22.35410386244798,4.218870479373616,3.845833333333333,122.20833333333333
82,WARRIOR,125.625,39.604166666666664,9.323442468716701,22.442345643862883,4.727777777777778,3.9250000000000003,123.125
83,CLERIC,39.333333333333336,83.08333333333333,8.333179671754891,25.934752210807332,4.726388888888889,11.832202447746274,83.54166666666667
83,MAGE,39.333333333333336,126.60416666666667,8.333179671754891,29.834970022260833,4.726388888888889,4.1375,83.54166666666667
83,PALADIN,39.208333333333336,40.145833333333336,8.33208146437463,22.48233861376471,4.722777777777778,11.83054930618205,125.125
83,RANGER,39.458333333333336,82.6875,8.334400760879179,25.900660309618853,4.207407824032308,4.120833333333334,83.625
83,ROGUE,43.25,39.0625,8.37312142017743,22.399807563870386,4.20735046512976,3.8958333333333335,124.125
83,WARRIOR,127.54166666666667,40.145833333333336,9.36401017387356,22.48233861376471,4.722777777777778,3.9791666666666665,125.125
84,CLERIC,39.708333333333336,84.45833333333333,8.341047881291288,26.052823410430815,4.723333333333334,12.01572805659621,83.875
84,MAGE,39.708333333333336,128.77083333333334,8.341047881291288,30.037359745678945,4.723333333333334,4.179166666666667,83.875
84,PALADIN,39.833333333333336,40.75,8.342409780759558,22.526953241406048,4.720833333333333,12.010460305174348,125.5
84,RANGER,39.875,84.14583333333333,8.342704965627489,26.02588181706234,4.1961736851158085,4.154166666666667,83.95833333333333
84,ROGUE,44.041666666666664,39.645833333333336,8.385932966196584,22.442864829876687,4.196488165718759,3.9333333333333336,124.58333333333333
84,WARRIOR,129.75,40.75,9.40904790253523,22.526953241406048,4.720833333333333,4.004166666666667,125.5
85,CLERIC,40.208333333333336,85.89583333333333,8.350283219934752,26.176683671073928,4.720277777777778,12.196956580776265,85.04166666666667
85,MAGE,40.208333333333336,130.85416666666666,8.350283219934752,30.232503046466757,4.720277777777778,4.216666666666667,85.04166666666667
85,PALADIN,40.208333333333336,41.354166666666664,8.350396278769598,22.571888208905392,4.718333333333333,12.184973705892496,127.5
85,RANGER,40.416666666666664,85.33333333333333,8.35237882954276,26.128082360088438,4.18464733905936,4.1875,85.125
85,ROGUE,44.583333333333336,40.145833333333336,8.39629036307207,22.47972207474234,4.185689500154974,3.9958333333333336,126.66666666666667
85,WARRIOR,131.375,41.354166666666664,9.44723771490603,22.571888208905392,4.718333333333333,4.066666666666667,127.5
86,CLERIC,40.708333333333336,87.16666666666667,8.359660251806249,26.28660903771355,4.7155555555555555,12.365897557201754,86.20833333333333
86,MAGE,40.708333333333336,132.77083333333334,8.359660251806249,30.412548684034302,4.7155555555555555,4.266666666666667,86.20833333333333
86,PALADIN,40.708333333333336,41.833333333333336,8.359820154426481,22.60779736826014,4.715833333333333,12.363281001571371,129.58333333333334
86,RANGER,40.916666666666664,86.54166666666667,8.36179472856217,26.232138492045703,4.172829051742105,4.229166666666667,86.29166666666667
86,ROGUE,45.083333333333336,40.729166666666664,8.406335315527603,22.523196292392456,4.173630140645959,4.016666666666667,128.79166666666666
86,WARRIOR,133.16666666666666,41.833333333333336,9.488223743375313,22.60779736826014,4.715833333333333,4.120833333333334,129.58333333333334
87,CLERIC,41.458333333333336,88.33333333333333,8.371801236131967,26.387771631052715,4.711944444444445,12.539762796128974,86.45833333333333
87,MAGE,41.458333333333336,134.72916666666666,8.371801236131967,30.597071928206503,4.711944444444445,4.3,86.45833333333333
87,PALADIN,41.416666666666664,42.104166666666664,8.371639834010052,22.62787396736118,4.7122222222222225,12.536526784359673,129.95833333333334
87,RANGER,41.541666666666664,87.85416666666667,8.37265106387251,26.345623750567572,4.161515813591402,4.266666666666667,86.58333333333333
87,ROGUE,45.666666666666664,41.3125,8.41746038781124,22.566743362257128,4.1611759921538,4.05,129.41666666666666
87,WARRIOR,135.45833333333334,42.104166666666664,9.534983142390896,22.62787396736118,4.7122222222222225,4.166666666666667,129.95833333333334
88,CLERIC,42.0,89.66666666666667,8.381967583691905,26.503581699308484,4.708333333333333,12.726880332787152,87.625
88,MAGE,42.0,136.8125,8.381967583691905,30.79399280261046,4.708333333333333,4.3374999999999995,87.625
88,PALADIN,41.916666666666664,42.604166666666664,8.381347263518213,22.665182422618514,4.7091666666666665,12.725573029806503,131.95833333333334
88,RANGER,42.0,89.125,8.381952295194031,26.455985063645766,4.1496404434691,4.316666666666666,87.70833333333333
88,ROGUE,46.083333333333336,41.854166666666664,8.426858481240446,22.607144403036628,4.149084887913545,4.1000000000000005,131.375
88,WARRIOR,137.45833333333334,42.604166666666664,9.57788412734641,22.665182422618514,4.7091666666666665,4.204166666666667,131.95833333333334
89,CLERIC,42.5,90.97916666666667,8.39193707145289,26.61778237294263,4.706111111111111,12.918911633406571,87.66666666666667
89,MAGE,42.5,138.89583333333334,8.39193707145289,30.991460441806037,4.706111111111111,4.408333333333333,87.66666666666667
89,PALADIN,42.5,43.1875,8.392179770602368,22.708931478097764,4.706666666666666,12.910855044009303,132.29166666666666
89,RANGER,42.5,90.5,8.391921607908994,26.575616922143443,4.1376096637327135,4.379166666666666,87.79166666666667
89,ROGUE,46.458333333333336,42.395833333333336,8.435973098157296,22.647600116953175,4.137628113328451,4.145833333333333,131.875
89,WARRIOR,139.625,43.1875,9.62392098011295,22.708931478097764,4.706666666666666,4.2375,132.29166666666666
90,CLERIC,43.458333333333336,92.70833333333333,8.407108655475527,26.768810790475047,4.7011111111111115,13.107518258992743,88.83333333333333
90,MAGE,43.458333333333336,141.625,8.407108655475527,31.25118373564152,4.7011111111111115,4.466666666666667,88.83333333333333
90,PALADIN,43.25,43.916666666666664,8.405082117755638,22.76386060860588,4.703888888888889,13.097365083932795,134.375
90,RANGER,43.375,92.16666666666667,8.406181273944638,26.72114527374288,4.124021454676264,4.4375,88.95833333333333
90,ROGUE,47.125,42.9375,8.448436058089838,22.688250246712233,4.125132565787375,4.2,134.16666666666666
90,WARRIOR,142.33333333333334,43.916666666666664,9.673632135560101,22.76386060860588,4.703888888888889,4.325,134.375
91,CLERIC,43.875,93.91666666666667,8.416414488219914,26.874967871849975,4.695555555555555,13.292695195884512,90.04166666666667
91,MAGE,43.875,143.58333333333334,8.416414488219914,31.43816979486819,4.695555555555555,4.508333333333334,90.04166666666667
91,PALADIN,44.0,44.4375,8.418110562146863,22.803107886566192,4.699722222222222,13.277971608566927,136.33333333333334
91,RANGER,43.791666666666664,93.35416666666667,8.415486075454108,26.82518146133481,4.112011647963605,4.483333333333333,90.20833333333333
91,ROGUE,47.5,43.4375,8.457810921793081,22.725943784437945,4.112986986941032,4.229166666666667,136.16666666666666
91,WARRIOR,144.33333333333334,44.4375,9.714528782019745,22.803107886566192,4.699722222222222,4.3625,136.33333333333334
92,CLERIC,44.458333333333336,95.10416666666667,8.427702718533615,26.979229575836726,4.691944444444444,13.47027085309015,90.25
92,MAGE,44.458333333333336,145.5625,8.427702718533615,31.62749644940023,4.691944444444444,4.5625,90.25
92,PALADIN,44.375,45.020833333333336,8.427041089985114,22.84724504411845,4.695555555555555,13.471837139172864,136.58333333333334
92,RANGER,44.5,94.58333333333333,8.428167168387981,26.932917286808145,4.099481943127324,4.541666666666667,90.375
92,ROGUE,48.208333333333336,43.916666666666664,8.471143651932952,22.76207469879599,4.101426387571768,4.266666666666667,136.58333333333334
92,WARRIOR,146.45833333333334,45.020833333333336,9.751123996236108,22.84724504411845,4.695555555555555,4.416666666666667,136.58333333333334
93,CLERIC,45.166666666666664,96.33333333333333,8.440727540362357,27.08772361715084,4.69,13.65274039306236,91.5
93,MAGE,45.166666666666664,147.625,8.440727540362357,31.82551861737974,4.69,4.6000000000000005,91.5
93,PALADIN,44.833333333333336,45.458333333333336,8.43717978373213,22.880369559527114,4.691666666666666,13.672567023996086,138.5
93,RANGER,45.083333333333336,95.97916666666667,8.439759760822819,27.05597034246351,4.087839305938078,4.5875,91.625
93,ROGUE,48.666666666666664,44.416666666666664,8.481784069447519,22.79977043108256,4.089261751573621,4.325,138.5
93,WARRIOR,148.58333333333334,45.458333333333336,9.785708722062514,22.880369559527114,4.691666666666666,4.4625,138.5
94,CLERIC,45.708333333333336,97.54166666666667,8.45192981350208,27.194568614179556,4.6866666666666665,13.835671747236084,91.75
94,MAGE,45.708333333333336,149.64583333333334,8.45192981350208,32.02005002865221,4.6866666666666665,4.658333333333333,91.75
94,PALADIN,45.25,45.9375,8.4468905666075,22.916679965089028,4.687777777777778,13.848432395906977,138.70833333333334
94,RANGER,45.708333333333336,97.16666666666667,8.451914118617552,27.161038525875316,4.07567743907315,4.645833333333333,91.875
94,ROGUE,49.333333333333336,44.791666666666664,8.495138273913362,22.828058235639272,4.077326729161757,4.366666666666666,138.79166666666666
94,WARRIOR,150.58333333333334,45.9375,9.820078490045178,22.916679965089028,4.687777777777778,4.525,138.70833333333334
95,CLERIC,46.25,98.70833333333333,8.463286712402605,27.29788002971338,4.683333333333334,14.010516835369778,92.83333333333333
95,MAGE,46.25,151.625,8.463286712402605,32.21101983469945,4.683333333333334,4.716666666666667,92.83333333333333
95,PALADIN,45.583333333333336,46.5,8.455652878888868,22.959522980891606,4.683888888888888,14.043850168703111,140.66666666666666
95,RANGER,46.291666666666664,98.4375,8.463762340739912,27.27340123376939,4.063187766530905,4.704166666666667,92.95833333333333
95,ROGUE,49.916666666666664,45.3125,8.507647124314127,22.867402701680465,4.065621631754198,4.416666666666667,140.70833333333334
95,WARRIOR,152.5,46.5,9.853570912970673,22.959522980891606,4.683888888888888,4.554166666666667,140.66666666666666
96,CLERIC,46.958333333333336,100.3125,8.476940870287857,27.44049664908542,4.678333333333334,14.190274208369793,94.04166666666667
96,MAGE,46.958333333333336,154.33333333333334,8.476940870287857,32.47320551599474,4.678333333333334,4.7875000000000005,94.04166666666667
96,PALADIN,46.291666666666664,47.1875,8.469157968148549,23.012103006390927,4.679444444444445,14.231156161265174,142.75
96,RANGER,47.125,100.29166666666667,8.478913649381639,27.43806916183895,4.050926163886459,4.770833333333333,94.16666666666667
96,ROGUE,50.583333333333336,46.104166666666664,8.521289403746135,22.927583655648707,4.053035654345501,4.479166666666667,142.75
96,WARRIOR,155.125,47.1875,9.888723718035218,23.012103006390927,4.679444444444445,4.591666666666667,142.75
97,CLERIC,47.5,101.54166666666667,8.488755309069262,27.549942513887213,4.674722222222223,14.37493914696502,94.41666666666667
97,MAGE,47.5,156.3125,8.488755309069262,32.66533601722235,4.674722222222223,4.833333333333333,94.41666666666667
97,PALADIN,46.666666666666664,47.541666666666664,8.478822956602,23.039358843982246,4.674722222222223,14.417154583460814,142.91666666666666
97,RANGER,47.625,101.54166666666667,8.49022898319636,27.549146025566188,4.038735764541362,4.820833333333334,94.58333333333333
97,ROGUE,51.375,46.479166666666664,8.536758106691012,22.95611890683841,4.040680208985806,4.533333333333333,142.875
97,WARRIOR,157.0,47.541666666666664,9.916587715177679,23.039358843982246,4.674722222222223,4.666666666666667,142.91666666666666
98,CLERIC,48.208333333333336,102.875,8.502756778213287,27.669057831172513,4.6725,14.560340344040908,95.58333333333333
98,MAGE,48.208333333333336,158.33333333333334,8.502756778213287,32.862084742403255,4.6725,4.883333333333334,95.58333333333333
98,PALADIN,47.0,47.958333333333336,8.488017239842817,23.071135246868177,4.669722222222222,14.600832792850724,144.875
98,RANGER,48.208333333333336,102.75,8.50272252855603,27.657240791320106,4.026689428333742,4.870833333333334,95.79166666666667
98,ROGUE,51.916666666666664,47.0625,8.549396749565704,23.000837114664037,4.02855559158773,4.5625,144.95833333333334
98,WARRIOR,158.75,47.958333333333336,9.941389988176496,23.071135246868177,4.669722222222222,4.7124999999999995,144.875
99,CLERIC,48.625,104.16666666666667,8.513306350840107,27.784572780936312,4.669722222222222,14.745901935745833,95.83333333333333
99,MAGE,48.625,160.39583333333334,8.513306350840107,33.06341315652515,4.669722222222222,4.933333333333334,95.83333333333333
99,PALADIN,47.583333333333336,48.479166666666664,8.500456757091795,23.11111058794263,4.665,14.773354702083521,144.91666666666666
99,RANGER,48.541666666666664,104.10416666666667,8.512270432416921,27.778702654783586,4.014755735402033,4.920833333333333,96.08333333333333
99,ROGUE,52.416666666666664,47.4375,8.561525403461205,23.029602001166804,4.015828759839167,4.6125,144.95833333333334
99,WARRIOR,160.70833333333334,48.479166666666664,9.966339105318646,23.11111058794263,4.665,4.75,144.91666666666666
100,CLERIC,49.166666666666664,105.41666666666667,8.525660309806048,27.896590210575994,4.664444444444444,14.9375,97.04166666666667
100,MAGE,49.166666666666664,162.27083333333334,8.525660309806048,33.24686163486937,4.664444444444444,4.9875,97.04166666666667
100,PALADIN,48.041666666666664,48.958333333333336,8.511481411449454,23.147966657359017,4.660555555555556,14.9625,146.95833333333334
100,RANGER,49.125,105.08333333333333,8.52514303398255,27.86653863416737,4.002222222222222,4.9750000000000005,97.25
100,ROGUE,52.833333333333336,48.041666666666664,8.57277223548512,23.07588718428109,4.003888888888889,4.654166666666667,147.0
100,WARRIOR,162.83333333333334,48.958333333333336,9.990078702326972,23.147966657359017,4.660555555555556,4.7875000000000005,146.95833333333334
