class,level,seconds_old,seconds_new,sale_gold_old,sale_gold_new,completion_time_reduction_pct,sale_total_change_pct
CLERIC,1,0.0,0.0,0.0,0.0,,
CLERIC,2,765.0,762.5,327.0833333333333,327.0833333333333,0.32679738562091387,0.0
CLERIC,3,5130.0,5120.0,6566.166666666667,6589.083333333333,0.19493177387914784,0.34901134604157225
CLERIC,4,13807.5,13785.0,25960.0,25966.625,0.16295491580662347,0.025520030816639228
CLERIC,5,25892.5,25850.0,62160.916666666664,62223.625,0.1641401950371768,0.10088064445639144
CLERIC,6,41517.5,41447.5,121613.70833333333,121620.0,0.16860360089119286,0.005173484759990465
CLERIC,7,60872.5,60765.0,211197.33333333334,211225.0,0.17659862828042217,0.013099912877678754
CLERIC,8,83512.5,83370.0,332332.625,332332.625,0.17063313875168573,0.0
CLERIC,9,109877.5,109682.5,495103.4583333333,494981.9583333333,0.17747036472435251,-0.024540325452182543
CLERIC,10,139465.0,139210.0,701994.0,701952.125,0.1828415731545574,-0.005965150699294153
CLERIC,11,172592.5,172285.0,962112.1666666666,962213.7083333334,0.1781653316337617,0.010554036232446329
CLERIC,12,209132.5,208752.5,1277669.3333333333,1277343.375,0.18170298734055956,-0.025511947796608148
CLERIC,13,248660.0,248215.0,1653345.1666666667,1653345.1666666667,0.17895922142684428,0.0
CLERIC,14,291517.5,290972.5,2095172.5833333333,2095117.1666666667,0.18695275583798798,-0.002644969063991809
CLERIC,15,337795.0,337155.0,2611754.0,2611591.4583333335,0.18946402403824392,-0.0062234677027928065
CLERIC,16,386805.0,386062.5,3205941.8333333335,3205941.8333333335,0.19195718773025172,0.0
CLERIC,17,439240.0,438390.0,3887078.0416666665,3887563.7916666665,0.1935160732173702,0.012496533251793451
CLERIC,18,494617.5,493647.5,4655963.708333333,4656225.375,0.19611113638317024,0.005620032351161264
CLERIC,19,553432.5,552330.0,5524281.416666667,5524381.125,0.19921128592917947,0.0018049104636874702
CLERIC,20,615475.0,614225.0,6490376.0,6490148.083333333,0.20309517039684977,-0.003511609599615717
CLERIC,21,680725.0,679345.0,7564783.666666667,7564783.666666667,0.2027250358074162,0.0
CLERIC,22,748780.0,747250.0,8753037.5,8753037.5,0.2043323806725561,0.0
CLERIC,23,819967.5,818267.5,10054783.0,10054764.291666666,0.20732529033162805,-0.00018606401882559354
CLERIC,24,893975.0,892097.5,11490393.208333334,11490750.291666666,0.21001705864257536,0.003107668526713958
CLERIC,25,970985.0,968917.5,13047202.791666666,13047813.416666666,0.21292810908510873,0.004680121936861958
CLERIC,26,1050572.5,1048302.5,14744483.0,14744483.0,0.21607266514209744,0.0
CLERIC,27,1132647.5,1130165.0,16584630.291666666,16585046.458333334,0.2191767518137766,0.0025093514859797494
CLERIC,28,1218142.5,1215420.0,18568689.041666668,18568689.041666668,0.22349601955435894,0.0
CLERIC,29,1306735.0,1303785.0,20713788.666666668,20713788.666666668,0.22575350013583906,0.0
CLERIC,30,1398477.5,1395275.0,23021362.416666668,23020749.125,0.2289990364521377,-0.002664011171749081
CLERIC,31,1492740.0,1489260.0,25484088.875,25484101.875,0.23312834117127368,5.1012222024304776e-05
CLERIC,32,1589525.0,1585772.5,28124235.416666668,28124343.125,0.23607681540083192,0.00038297337416892674
CLERIC,33,1689392.5,1685350.0,30950267.875,30949710.5,0.23928719939267928,-0.0018008729431695514
CLERIC,34,1791737.5,1787387.5,33952724.166666664,33950773.208333336,0.2427810993518853,-0.005746102503445538
CLERIC,35,1896980.0,1892315.0,37149766.791666664,37149766.791666664,0.24591719469894135,0.0
CLERIC,36,2004525.0,1999532.5,40528237.791666664,40528803.583333336,0.24906149835995928,0.0013960430985893169
CLERIC,37,2114372.5,2109025.0,44122010.958333336,44122105.458333336,0.2529119159466964,0.00021417881448382303
CLERIC,38,2227467.5,2221747.5,47948374.875,47948374.875,0.25679387016870336,0.0
CLERIC,39,2342745.0,2336637.5,51961683.875,51959266.041666664,0.2606984541638102,-0.004653108123198191
CLERIC,40,2461317.5,2454805.0,56199763.166666664,56199523.875,0.26459406395151763,-0.00042578767806000783
CLERIC,41,2581952.5,2575042.5,60666832.708333336,60666832.708333336,0.26762692187404236,0.0
CLERIC,42,2705250.0,2697872.5,65359883.416666664,65358424.333333336,0.2727104703816652,-0.0022323836228799188
CLERIC,43,2831042.5,2823217.5,70306601.125,70306601.125,0.27639994807566737,0.0
CLERIC,44,2959395.0,2951105.0,75491563.58333333,75490243.83333333,0.28012482281006834,-0.0017482085909459322
CLERIC,45,3089702.5,3080910.0,80900616.33333333,80900616.33333333,0.2845743239033527,0.0
CLERIC,46,3221610.0,3212320.0,86574184.83333333,86573190.20833333,0.2883651342030835,-0.0011488701879391883
CLERIC,47,3356087.5,3346275.0,92508872.54166667,92510305.125,0.29237914684882016,0.0015485901989409356
CLERIC,48,3492595.0,3482215.0,98699766.875,98699766.875,0.2972002193211587,0.0
CLERIC,49,3631385.0,3620430.0,105190744.41666667,105190676.83333333,0.30167553151208004,-6.424836492824326e-05
CLERIC,50,3772660.0,3761090.0,111960830.29166667,111960830.29166667,0.3066801673090036,0.0
CLERIC,51,3915555.0,3903375.0,119027997.83333333,119026847.375,0.3110670134885085,-0.0009665443040929311
CLERIC,52,4060770.0,4047937.5,126398658.29166667,126398121.91666667,0.31601149535679385,-0.0004243518145319314
CLERIC,53,4208252.5,4194747.5,134050222.58333333,134050222.58333333,0.3209170552384899,0.0
CLERIC,54,4358137.5,4343937.5,142023333.70833334,142023333.70833334,0.32582725992468253,0.0
CLERIC,55,4510725.0,4495795.0,150306709.58333334,150306709.58333334,0.33098892084975073,0.0
CLERIC,56,4665045.0,4649382.5,158919438.66666666,158919537.0,0.335741670230405,6.187621486297701e-05
CLERIC,57,4827622.5,4811185.0,167857506.91666666,167858487.04166666,0.34048851168457794,0.000583902988915419
CLERIC,58,4993420.0,4976182.5,177151821.20833334,177151821.20833334,0.34520428884411425,0.0
CLERIC,59,5161825.0,5143765.0,186753636.0,186753636.0,0.34987625500670916,0.0
CLERIC,60,5332702.5,5313797.5,196733895.83333334,196733895.83333334,0.3545106819666022,0.0
CLERIC,61,5505532.5,5485717.5,207066681.41666666,207066681.41666666,0.35991068983790564,0.0
CLERIC,62,5673390.0,5652702.5,217306635.45833334,217305659.83333334,0.3646408937161061,-0.0004489623604664317
CLERIC,63,5848680.0,5827077.5,228213155.5,228213462.25,0.36935684633113697,0.0001344138112147064
CLERIC,64,6026640.0,6004072.5,239518856.79166666,239520455.91666666,0.3744623870017172,0.000667640544649295
CLERIC,65,6207375.0,6183812.5,251200912.08333334,251200912.08333334,0.37958879558589453,0.0
CLERIC,66,6389722.5,6365127.5,263245407.70833334,263245407.70833334,0.38491499435225895,0.0
CLERIC,67,6573127.5,6547482.5,275542806.3333333,275542298.8333333,0.3901491337266805,-0.00018418190870228557
CLERIC,68,6752027.5,6725330.0,287783564.25,287783930.7916667,0.3953997521485175,0.00012736713010941259
CLERIC,69,6937972.5,6910175.0,300722611.125,300722425.2916667,0.4006573966674032,-6.179559715047134e-05
CLERIC,70,7126532.5,7097605.0,314077190.0833333,314077190.0833333,0.40591269316458956,0.0
CLERIC,71,7316387.5,7286287.5,327867030.7916667,327867030.7916667,0.41140521876403824,0.0
CLERIC,72,7508877.5,7477585.0,342040849.8333333,342040849.8333333,0.41674005202508857,0.0
CLERIC,73,7697307.5,7664817.5,356104263.5416667,356104526.5416667,0.42209564838094904,7.38547742740181e-05
CLERIC,74,7899105.0,7865367.5,370983596.5,370983596.5,0.4271053492769128,0.0
CLERIC,75,8103372.5,8068332.5,386299881.125,386299881.125,0.43241255415569224,0.0
CLERIC,76,8309062.5,8272697.5,402104324.7916667,402104324.7916667,0.437654669224119,0.0
CLERIC,77,8517452.5,8479717.5,418322389.5416667,418322389.5416667,0.44303152849987093,0.0
CLERIC,78,8719470.0,8680387.5,434307996.0833333,434307996.0833333,0.4482210501326356,0.0
CLERIC,79,8928992.5,8888492.5,451125278.125,451126354.375,0.45357860923278537,0.0002385700939910862
CLERIC,80,9141005.0,9099050.0,468406148.6666667,468405561.9583333,0.45897579095515173,-0.00012525632616666726
CLERIC,81,9354390.0,9310962.5,486162272.125,486162272.125,0.4642472678603293,0.0
CLERIC,82,9570255.0,9525310.0,504409193.5,504407685.0833333,0.46963220938208705,-0.00029904622796950164
CLERIC,83,9780557.5,9734115.0,522422000.1666667,522422000.1666667,0.4748451200251136,0.0
CLERIC,84,9998955.0,9950935.0,541435980.125,541435980.125,0.4802501861444486,0.0
CLERIC,85,10219760.0,10170127.5,560960196.0833334,560960196.0833334,0.48565230494649336,0.0
CLERIC,86,10441732.5,10390440.0,581039852.625,581039295.2083334,0.491225953164387,-9.593432603871577e-05
CLERIC,87,10666505.0,10613510.0,601591877.2083334,601591877.2083334,0.4968356551653952,0.0
CLERIC,88,10885700.0,10831042.5,621769834.0416666,621769302.625,0.5021036773014131,-8.546838999867745e-05
CLERIC,89,11117967.5,11061565.0,642972686.3333334,642972893.4583334,0.5073094520198995,3.221365454386671e-05
CLERIC,90,11352690.0,11294487.5,664750561.7083334,664750561.7083334,0.5126758503931628,0.0
CLERIC,91,11588412.5,11528372.5,687052524.375,687052524.375,0.518103752347443,0.0
CLERIC,92,11824357.5,11762457.5,709674249.75,709674809.2916666,0.5234956740778562,7.884485970777177e-05
CLERIC,93,12058290.0,11994500.0,732439111.0,732438762.3333334,0.5290136495307407,-4.76035019736365e-05
CLERIC,94,12299277.5,12233537.5,756190290.9583334,756190290.9583334,0.5345029413313052,0.0
CLERIC,95,12542865.0,12475115.0,780472013.9583334,780472013.9583334,0.5401477254199927,0.0
CLERIC,96,12787672.5,12717880.0,805369732.5,805369642.0833334,0.5457795388488451,-1.1226727669733094e-05
CLERIC,97,13025337.5,12953525.0,829875543.1666666,829875543.1666666,0.551329284174018,0.0
CLERIC,98,13269952.5,13196042.5,855517432.7916666,855517432.7916666,0.5569726040843048,0.0
CLERIC,99,13516987.5,13440937.5,881691302.3333334,881695146.0833334,0.5626253630847899,0.00043595190173384424
CLERIC,100,13766397.5,13688142.5,908550101.625,908551287.375,0.568449371013735,0.00013051013894038732
MAGE,1,0.0,0.0,0.0,0.0,,
MAGE,2,767.5,765.0,327.0833333333333,327.0833333333333,0.32573289902280145,0.0
MAGE,3,5187.5,5180.0,6599.166666666667,6606.666666666667,0.14457831325300763,0.11365071347393396
MAGE,4,13982.5,13950.0,25987.125,25982.25,0.23243339889147396,-0.0187592894558386
MAGE,5,26170.0,26120.0,62102.708333333336,62079.125,0.19105846388994818,-0.03797472600832741
MAGE,6,41912.5,41842.5,121430.875,121430.875,0.1670146137787043,0.0
MAGE,7,61427.5,61312.5,210490.58333333334,210520.79166666666,0.18721256766106587,0.014351394183509392
MAGE,8,84290.0,84145.0,330933.4583333333,330933.4583333333,0.1720251512634996,0.0
MAGE,9,110865.0,110675.0,492881.5416666667,492983.625,0.1713796058269046,0.020711535065420783
MAGE,10,140755.0,140507.5,698915.2083333334,698915.2083333334,0.17583744804802182,0.0
MAGE,11,174212.5,173912.5,957500.5,957635.2916666666,0.17220348712061462,0.014077451308547317
MAGE,12,211120.0,210747.5,1270794.75,1270994.2916666667,0.1764399393709759,0.01570211607080374
MAGE,13,251005.0,250542.5,1644202.0,1644202.0,0.1842592777036356,0.0
MAGE,14,294297.5,293760.0,2082914.125,2082914.125,0.18263831666935904,0.0
MAGE,15,341007.5,340367.5,2595215.25,2595079.625,0.18767915661679346,-0.00522596343405235
MAGE,16,390645.0,389907.5,3184208.125,3184208.125,0.1887903339349073,0.0
MAGE,17,443717.5,442867.5,3858941.4583333335,3859280.5833333335,0.1915633257646987,0.00878803173516296
MAGE,18,499725.0,498767.5,4620129.583333333,4620316.083333333,0.19160538296062457,0.004036683314523337
MAGE,19,559112.5,558015.0,5478579.875,5478473.083333333,0.19629323257841502,-0.001949258185585112
MAGE,20,621522.5,620285.0,6433386.916666667,6433620.083333333,0.19910783599950133,0.0036243221445575458
MAGE,21,687135.0,685752.5,7494783.041666667,7494783.041666667,0.2011977267931342,0.0
MAGE,22,755352.5,753805.0,8667483.833333334,8667483.833333334,0.20487123561515608,0.0
MAGE,23,826790.0,825070.0,9951817.416666666,9951322.458333334,0.2080334788761351,-0.004973547168407588
MAGE,24,901165.0,899290.0,11366973.375,11367032.125,0.20806400603663455,0.000516848223908184
MAGE,25,978482.5,976415.0,12901390.0,12901003.083333334,0.2112965740317274,-0.002999030853778617
MAGE,26,1058602.5,1056337.5,14571347.0,14571347.0,0.21396133109453652,0.0
MAGE,27,1141135.0,1138647.5,16381457.291666666,16380862.375,0.21798472573358874,-0.0036316467825425747
MAGE,28,1227015.0,1224305.0,18331297.708333332,18331183.041666668,0.22086119566590012,-0.000625523999930877
MAGE,29,1316097.5,1313140.0,20437009.75,20437009.75,0.22471739365814702,0.0
MAGE,30,1407892.5,1404690.0,22700755.583333332,22701260.166666668,0.22746765111683054,0.002222760081638242
MAGE,31,1502517.5,1499045.0,25116115.0,25116369.166666668,0.23111211683058963,0.001011966487118876
MAGE,32,1599870.0,1596130.0,27702000.541666668,27702499.666666668,0.233768993730743,0.0018017651802759715
MAGE,33,1700025.0,1695992.5,30469021.0,30469455.291666668,0.23720239408243637,0.0014253548437537233
MAGE,34,1802712.5,1798360.0,33405979.0,33405974.666666668,0.2414417163025151,-1.2971729801414256e-05
MAGE,35,1908232.5,1903565.0,36532731.25,36532731.25,0.24459807701630032,0.0
MAGE,36,2015765.0,2010765.0,39832775.5,39832835.333333336,0.24804478696673904,0.00015021130861381238
MAGE,37,2125877.5,2120512.5,43339667.458333336,43339667.458333336,0.2523663757671879,0.0
MAGE,38,2238717.5,2232992.5,47070026.666666664,47070026.666666664,0.2557267721362777,0.0
MAGE,39,2354055.0,2347942.5,50980304.458333336,50977772.916666664,0.2596583342360348,-0.004965724888406076
MAGE,40,2472745.0,2466240.0,55104389.333333336,55104889.833333336,0.2630679669759717,0.0009082761029732822
MAGE,41,2593232.5,2586300.0,59448647.041666664,59448647.041666664,0.26733044568891806,0.0
MAGE,42,2716155.0,2708787.5,64007872.0,64008535.791666664,0.27124740672016534,0.0010370469223808243
MAGE,43,2841680.0,2833855.0,68810570.54166667,68810570.54166667,0.2753652768784698,0.0
MAGE,44,2969757.5,2961447.5,73841950.08333333,73840736.625,0.279820827121402,-0.0016433183738451262
MAGE,45,3099997.5,3091212.5,79085217.5,79085217.5,0.28338732531235644,0.0
MAGE,46,3231732.5,3222440.0,84577817.20833333,84577817.20833333,0.28753926879777625,0.0
MAGE,47,3365825.0,3356007.5,90320726.625,90320570.29166667,0.2916818313489222,-0.00017308688622375001
MAGE,48,3502232.5,3491857.5,96305540.29166667,96305540.29166667,0.29623961287550404,0.0
MAGE,49,3640987.5,3630025.0,102572877.33333333,102572999.66666667,0.30108590045969663,0.0001192647964387561
MAGE,50,3782167.5,3770602.5,109106766.25,109106766.25,0.3057770445121788,0.0
MAGE,51,3924507.5,3912322.5,115918002.04166667,115918322.16666667,0.310484818795731,0.000276165042834009
MAGE,52,4069085.0,4056262.5,123013894.83333333,123015308.75,0.31511998397674157,0.0011493959024555522
MAGE,53,4215722.5,4202225.0,130377127.66666667,130377127.66666667,0.320170504581363,0.0
MAGE,54,4364590.0,4350382.5,138039859.625,138039859.625,0.32551740255097883,0.0
MAGE,55,4515765.0,4500837.5,145994342.33333334,145994342.33333334,0.33056414583132465,0.0
MAGE,56,4668540.0,4652862.5,154258221.375,154258315.625,0.33581162419086263,6.109885046789998e-05
MAGE,57,4829142.5,4812712.5,162821315.16666666,162821988.875,0.3402260339180341,0.00041377158306321604
MAGE,58,4992615.0,4975380.0,171715347.5,171715347.5,0.3452098749853527,0.0
MAGE,59,5158587.5,5140532.5,180897669.125,180896743.41666666,0.34999890958522517,-0.0005117303820578734
MAGE,60,5326945.0,5308030.0,190428165.0,190428165.0,0.3550815711444333,0.0
MAGE,61,5496835.0,5477047.5,200283554.0,200283554.0,0.3599798793305631,0.0
MAGE,62,5661927.5,5641247.5,210043792.83333334,210045710.66666666,0.3652466408303523,0.0009130635604259751
MAGE,63,5834390.0,5812782.5,220427152.125,220427602.625,0.3703471999643493,0.0002043759108838472
MAGE,64,6009347.5,5986777.5,231177227.91666666,231175681.45833334,0.37558154192280924,-0.0006689492504263761
MAGE,65,6187015.0,6163450.0,242270915.08333334,242270915.08333334,0.3808783395546911,0.0
MAGE,66,6366050.0,6341455.0,253699548.66666666,253699548.66666666,0.38634632150233994,0.0
MAGE,67,6546212.5,6520560.0,265354879.04166666,265354400.58333334,0.3918678166955347,-0.00018030885093889282
MAGE,68,6721775.0,6695082.5,276940557.6666667,276940818.7916667,0.39710493136113634,9.428918690268517e-05
MAGE,69,6904005.0,6876207.5,289177307.8333333,289177073.9583333,0.40262861918552995,-8.08759863413222e-05
MAGE,70,7088780.0,7059845.0,301793974.2916667,301793974.2916667,0.40818025104460975,0.0
MAGE,71,7274867.5,7244767.5,314807594.5416667,314807594.5416667,0.41375324017929316,0.0
MAGE,72,7463245.0,7431957.5,328170603.7083333,328170603.7083333,0.4192211296828674,0.0
MAGE,73,7647557.5,7615077.5,341412876.0,341413122.4166667,0.42471076549603914,7.217556337035802e-05
MAGE,74,7844617.5,7810872.5,355412579.375,355412579.375,0.4301675639379443,0.0
MAGE,75,8044062.5,8009030.0,369803145.0833333,369803145.0833333,0.4355075560390054,0.0
MAGE,76,8244817.5,8208442.5,384643269.9583333,384643269.9583333,0.4411862360810259,0.0
MAGE,77,8448107.5,8410370.0,399852783.0833333,399852783.0833333,0.44669767755677325,0.0
MAGE,78,8644955.0,8605867.5,414825389.5416667,414825389.5416667,0.4521423188437623,0.0
MAGE,79,8849012.5,8808512.5,430569167.4583333,430570336.1666667,0.45767818725536147,0.0002714333541931069
MAGE,80,9055435.0,9013480.0,446728282.2083333,446728282.2083333,0.46331291649710504,0.0
MAGE,81,9263062.5,9219632.5,463314319.0416667,463314319.0416667,0.46885141927952567,0.0
MAGE,82,9473195.0,9428245.0,480345483.0,480344678.0416667,0.474496724705864,-0.00016757903671393848
MAGE,83,9677805.0,9631362.5,497143413.0416667,497143413.0416667,0.4798867098479431,0.0
MAGE,84,9889922.5,9841902.5,514846834.0833333,514847014.0833333,0.4855447552799319,3.4961854300519235e-05
MAGE,85,10104537.5,10054905.0,533005184.25,533005184.25,0.49119022023521586,0.0
MAGE,86,10320097.5,10268812.5,551658379.7083334,551658416.2916666,0.49694297946313304,6.631519533506491e-06
MAGE,87,10538022.5,10485030.0,570731284.125,570731284.125,0.5028694899825825,0.0
MAGE,88,10750420.0,10695767.5,589438104.0,589437006.75,0.5083754867251655,-0.00018615186099246728
MAGE,89,10975022.5,10918617.5,609066601.2916666,609066716.6666666,0.5139397208525076,1.8942920165798682e-05
MAGE,90,11202060.0,11143865.0,629205587.7916666,629205587.7916666,0.5195026629030708,0.0
MAGE,91,11429892.5,11369865.0,649802578.2083334,649802578.2083334,0.5251799174839089,0.0
MAGE,92,11657767.5,11595857.5,670677032.5833334,670676474.875,0.5310622295392364,-8.315602090247509e-05
MAGE,93,11883660.0,11819865.0,691658134.3333334,691657493.0,0.5368295626094977,-9.272403540538932e-05
MAGE,94,12116137.5,12050390.0,713517238.0,713517238.0,0.5426440563257029,0.0
MAGE,95,12350895.0,12283150.0,735846956.25,735846956.25,0.5485027603262749,0.0
MAGE,96,12586732.5,12516945.0,758718535.5833334,758718535.5833334,0.5544528732933651,0.0
MAGE,97,12815577.5,12743770.0,781211240.6666666,781211240.6666666,0.5603141957512214,0.0
MAGE,98,13051157.5,12977245.0,804712086.2083334,804712086.2083334,0.566329078474459,0.0
MAGE,99,13288727.5,13212665.0,828678501.625,828680697.5416666,0.5723836236389057,0.00026499018164205523
MAGE,100,13528412.5,13450165.0,853244255.625,853246346.0,0.5783938063686378,0.00024499139446021445
PALADIN,1,0.0,0.0,0.0,0.0,,
PALADIN,2,765.0,765.0,327.0833333333333,327.0833333333333,0.0,0.0
PALADIN,3,5145.0,5135.0,6514.625,6525.458333333333,0.19436345966957758,0.166292508522492
PALADIN,4,13877.5,13850.0,25823.5,25844.333333333332,0.19816249324445812,0.08067587016993283
PALADIN,5,25995.0,25952.5,62313.958333333336,62313.958333333336,0.163492979419122,0.0
PALADIN,6,41657.5,41592.5,121227.95833333333,121227.95833333333,0.15603432755205704,0.0
PALADIN,7,61105.0,60992.5,209832.91666666666,209721.08333333334,0.18410932002290714,-0.05329637270923282
PALADIN,8,83892.5,83727.5,331609.2916666667,331609.2916666667,0.19668027535238997,0.0
PALADIN,9,110365.0,110167.5,494369.0833333333,494304.8333333333,0.17895166039958443,-0.012996362872608191
PALADIN,10,140210.0,139960.0,701140.0416666666,701147.7083333334,0.17830397261251463,0.0010934572569176737
PALADIN,11,173722.5,173400.0,961579.5,961579.5,0.18564089280317386,0.0
PALADIN,12,210582.5,210187.5,1277812.5416666667,1277765.875,0.18757494093764038,-0.0036520745528068055
PALADIN,13,250435.0,249967.5,1651804.3333333333,1651804.3333333333,0.18667518517778703,0.0
PALADIN,14,293790.0,293232.5,2097334.7916666665,2097334.7916666665,0.1897613941931331,0.0
PALADIN,15,340445.0,339800.0,2612697.125,2612685.2083333335,0.1894579153754683,-0.0004561059356089636
PALADIN,16,389917.5,389162.5,3208160.8333333335,3208160.8333333335,0.19363070393095816,0.0
PALADIN,17,442785.0,441917.5,3887571.7083333335,3887571.7083333335,0.19591901261334366,0.0
PALADIN,18,498512.5,497515.0,4656656.625,4656583.916666667,0.20009528346831562,-0.0015613848988293988
PALADIN,19,557715.0,556587.5,5524372.125,5524372.125,0.20216418780201195,0.0
PALADIN,20,619970.0,618702.5,6484938.625,6484938.625,0.20444537638918403,0.0
PALADIN,21,685425.0,684020.0,7558897.666666667,7558966.125,0.20498231024547175,0.0009056655659644974
PALADIN,22,753760.0,752180.0,8746409.041666666,8746409.041666666,0.20961579282530174,0.0
PALADIN,23,825125.0,823382.5,10047313.166666666,10047435.875,0.21118012422359778,0.0012213049528586595
PALADIN,24,899462.5,897522.5,11480280.041666666,11480280.041666666,0.2156843670525488,0.0
PALADIN,25,976955.0,974822.5,13041967.791666666,13041967.791666666,0.21828026879436857,0.0
PALADIN,26,1057020.0,1054672.5,14737101.791666666,14737134.041666666,0.2220866208775596,0.00021883542948852863
PALADIN,27,1139675.0,1137095.0,16569538.375,16569605.458333334,0.2263803277250065,0.00040485939809542515
PALADIN,28,1225662.5,1222850.0,18563327.458333332,18563327.458333332,0.22946773683619748,0.0
PALADIN,29,1314605.0,1311555.0,20703234.375,20703439.708333332,0.23200885437070218,0.0009917935024583713
PALADIN,30,1406515.0,1403180.0,23005122.375,23005122.375,0.2371108733287608,0.0
PALADIN,31,1501312.5,1497710.0,25471263.041666668,25471263.041666668,0.2399567045501816,0.0
PALADIN,32,1599432.5,1595525.0,28108943.791666668,28108943.791666668,0.2443054020722979,0.0
PALADIN,33,1700047.5,1695840.0,30930275.166666668,30931153.666666668,0.24749308475204845,0.0028402592452403397
PALADIN,34,1803307.5,1798787.5,33926806.25,33926806.25,0.25065054074249193,0.0
PALADIN,35,1909520.0,1904652.5,37126111.791666664,37126111.791666664,0.2549069923331482,0.0
PALADIN,36,2018145.0,2012932.5,40523604.666666664,40523604.666666664,0.25828173892361583,0.0
PALADIN,37,2129320.0,2123742.5,44121949.125,44120736.375,0.26193808351961945,-0.002748631971272175
PALADIN,38,2243342.5,2237385.0,47928817.916666664,47928817.916666664,0.2655635508175824,0.0
PALADIN,39,2359640.0,2353280.0,51934305.166666664,51933989.125,0.26953264057228976,-0.0006085412438849858
PALADIN,40,2479352.5,2472587.5,56180485.541666664,56180485.541666664,0.27285349703198847,0.0
PALADIN,41,2600985.0,2593795.0,60653605.833333336,60652919.25,0.27643373568090324,-0.0011319744702809054
PALADIN,42,2725230.0,2717592.5,65331364.25,65331364.25,0.28025157509641296,0.0
PALADIN,43,2852417.5,2844317.5,70276416.75,70276694.29166667,0.28396965030539345,0.0003949285969806482
PALADIN,44,2981925.0,2973332.5,75471600.66666667,75471600.66666667,0.2881527872096057,0.0
PALADIN,45,3113520.0,3104435.0,80889069.0,80889069.0,0.2917919268223712,0.0
PALADIN,46,3246560.0,3236972.5,86545232.45833333,86545232.45833333,0.2953125770045806,0.0
PALADIN,47,3382397.5,3372262.5,92493134.125,92494030.16666667,0.2996395308357491,0.0009687656009838008
PALADIN,48,3520500.0,3509812.5,98706262.83333333,98705741.95833333,0.303579037068602,-0.0005277020779126396
PALADIN,49,3660832.5,3649555.0,105183712.70833333,105181871.0,0.3080583446524843,-0.0017509444056540424
PALADIN,50,3803652.5,3791790.0,111963950.75,111963950.75,0.3118712868749207,0.0
PALADIN,51,3947905.0,3935427.5,119021986.95833333,119021786.66666667,0.31605370443310576,-0.00016828123254875038
PALADIN,52,4094687.5,4081560.0,126391081.91666667,126391557.375,0.32059833625887046,0.0003761802859214569
PALADIN,53,4243720.0,4229930.0,134051241.625,134051241.625,0.3249507507564142,0.0
PALADIN,54,4395072.5,4380607.5,142023147.0,142023147.0,0.32911857540461886,0.0
PALADIN,55,4549095.0,4533927.5,150305203.45833334,150305203.45833334,0.3334179655513858,0.0
PALADIN,56,4705225.0,4689317.5,158941947.33333334,158941947.33333334,0.3380816007736098,0.0
PALADIN,57,4869580.0,4852907.5,167867269.25,167867269.25,0.34238065705871623,0.0
PALADIN,58,5037180.0,5019707.5,177162177.54166666,177162177.54166666,0.3468706697001056,0.0
PALADIN,59,5207600.0,5189297.5,186814395.375,186814446.95833334,0.35145748521391296,2.7612076269889485e-05
PALADIN,60,5380570.0,5361425.0,196814771.54166666,196814771.54166666,0.35581732046976455,0.0
PALADIN,61,5555502.5,5535472.5,207137194.0,207137194.0,0.36054344318988685,0.0
PALADIN,62,5725545.0,5704662.5,217382709.20833334,217383260.33333334,0.3647251047716904,0.00025352752388574373
PALADIN,63,5903330.0,5881525.0,228319992.125,228319992.125,0.36936779749734416,0.0
PALADIN,64,6083987.5,6061230.0,239620848.41666666,239620848.41666666,0.37405566661666834,0.0
PALADIN,65,6267360.0,6243612.5,251291871.79166666,251291871.79166666,0.37890754639912094,0.0
PALADIN,66,6452407.5,6427657.5,263345677.29166666,263345677.29166666,0.38357775760442525,0.0
PALADIN,67,6638735.0,6612932.5,275686041.1666667,275686041.1666667,0.3886659130090342,0.0
PALADIN,68,6820425.0,6793590.0,287942846.5416667,287942846.5416667,0.3934505547674827,0.0
PALADIN,69,7009460.0,6981540.0,300883118.4166667,300883118.4166667,0.3983188433916429,0.0
PALADIN,70,7201247.5,7172200.0,314237975.5416667,314237975.5416667,0.40336761095907114,0.0
PALADIN,71,7394480.0,7364285.0,327983567.4583333,327983567.4583333,0.40834514394521015,0.0
PALADIN,72,7590500.0,7559130.0,342174141.375,342176680.5,0.4132797575917224,0.0007420563663318447
PALADIN,73,7782460.0,7749902.5,356205589.75,356205589.75,0.41834458513118067,0.0
PALADIN,74,7988382.5,7954592.5,371089065.1666667,371092423.5,0.4229892597155893,0.0009049938811234171
PALADIN,75,8196960.0,8161890.0,386408306.625,386408306.625,0.4278415412543146,0.0
PALADIN,76,8407105.0,8370710.0,402177177.1666667,402177177.1666667,0.43290764181010966,0.0
PALADIN,77,8620200.0,8582437.5,418377080.75,418377080.75,0.43806988236931854,0.0
PALADIN,78,8826752.5,8787637.5,434331702.5,434332522.0416667,0.44314146114327047,0.0001886902710523941
PALADIN,79,9040992.5,9000472.5,451124326.0833333,451124326.0833333,0.44818088279577895,0.0
PALADIN,80,9257885.0,9215917.5,468418495.0833333,468418201.75,0.4533162812024538,-6.262206475593501e-05
PALADIN,81,9476307.5,9432852.5,486152561.5416667,486152561.5416667,0.4585646888305428,0.0
PALADIN,82,9697587.5,9652605.0,504422087.9166667,504422087.9166667,0.4638524787737186,0.0
PALADIN,83,9913147.5,9866660.0,522417731.8333333,522417731.8333333,0.4689479300091115,0.0
PALADIN,84,10137157.5,10089080.0,541465096.75,541465096.75,0.4742700308247194,0.0
PALADIN,85,10363950.0,10314250.0,561015356.6666666,561016417.5416666,0.4795468909054912,0.00018909910173281474
PALADIN,86,10592100.0,10540742.5,581045743.7916666,581045743.7916666,0.48486607943656335,0.0
PALADIN,87,10823157.5,10770092.5,601667779.5416666,601667779.5416666,0.4902913036237355,0.0
PALADIN,88,11048815.0,10994080.0,621872038.4166666,621872038.4166666,0.4953924923170483,0.0
PALADIN,89,11288440.0,11231972.5,643118783.125,643118783.125,0.5002241230852134,0.0
PALADIN,90,11530647.5,11472390.0,664906333.375,664906333.375,0.505240490614256,0.0
PALADIN,91,11774100.0,11714027.5,687154115.625,687154115.625,0.5102088482346834,0.0
PALADIN,92,12017852.5,11955927.5,709725702.0833334,709725702.0833334,0.5152750876248446,0.0
PALADIN,93,12259635.0,12195850.0,732464133.875,732464133.875,0.5202846577406217,0.0
PALADIN,94,12509032.5,12443297.5,756222253.3333334,756219826.4583334,0.5255002735023662,-0.00032092086543755727
PALADIN,95,12761187.5,12693470.0,780598738.9583334,780598738.9583334,0.5306520259184322,0.0
PALADIN,96,13014537.5,12944775.0,805465909.5416666,805465909.5416666,0.5360351837320421,0.0
PALADIN,97,13260625.0,13188852.5,830053061.9583334,830053061.9583334,0.5412452278833024,0.0
PALADIN,98,13514487.5,13440602.5,855684810.4166666,855684254.5833334,0.5467095959058699,-6.49577188371886e-05
PALADIN,99,13770755.0,13694707.5,881903482.0833334,881903482.0833334,0.5522391473815391,0.0
PALADIN,100,14029715.0,13951432.5,908734916.0,908734916.0,0.5579764093568529,0.0
RANGER,1,0.0,0.0,0.0,0.0,,
RANGER,2,767.5,765.0,330.0,330.0,0.32573289902280145,0.0
RANGER,3,5172.5,5165.0,6651.75,6627.083333333333,0.14499758337360724,-0.37082973152429144
RANGER,4,13882.5,13862.5,26070.5,26086.75,0.144066270484422,0.0623309871310429
RANGER,5,25977.5,25932.5,62149.25,62220.291666666664,0.17322683091136604,0.11430816408350974
RANGER,6,41605.0,41515.0,121437.41666666667,121422.70833333333,0.2163201538276649,-0.01211186283196497
RANGER,7,60917.5,60795.0,210600.375,210459.125,0.20109164033323967,-0.06707015597668953
RANGER,8,83610.0,83450.0,330974.9166666667,330977.8333333333,0.19136466929793317,0.000881234957628152
RANGER,9,109990.0,109745.0,492554.9166666667,492650.625,0.22274752250204255,0.019430997457292598
RANGER,10,139562.5,139255.0,699324.7916666666,699324.7916666666,0.22033139274518776,0.0
RANGER,11,172747.5,172352.5,957949.7916666666,957789.875,0.22865743353739365,-0.01669363760582465
RANGER,12,209415.0,208922.5,1271496.875,1271386.2916666667,0.23517895088699392,-0.008697098318333207
RANGER,13,249085.0,248465.0,1643144.125,1643144.125,0.24891101431238072,0.0
RANGER,14,291917.5,291180.0,2081854.875,2082013.6666666667,0.25263987256674003,0.007627412869815053
RANGER,15,338185.0,337300.0,2594417.0833333335,2594564.4583333335,0.2616910862397792,0.005680466758661851
RANGER,16,387505.0,386445.0,3182961.875,3182961.875,0.273544857485708,0.0
RANGER,17,440022.5,438787.5,3857755.375,3857999.5833333335,0.2806674658682229,0.0063303218995169885
RANGER,18,495490.0,494062.5,4620002.541666667,4620375.5,0.2880986498213889,0.008072686756532832
RANGER,19,554530.0,552880.0,5478149.291666667,5478080.833333333,0.29754927596342684,-0.0012496616957458073
RANGER,20,616670.0,614780.0,6433467.916666667,6433765.208333333,0.3064848298117262,0.004621017319372811
RANGER,21,682112.5,679950.0,7492988.541666667,7492988.541666667,0.31702981546298803,0.0
RANGER,22,750187.5,747742.5,8666829.416666666,8666829.416666666,0.32591852036990554,0.0
RANGER,23,821427.5,818665.0,9950075.208333334,9950075.208333334,0.33630478648450923,0.0
RANGER,24,895480.0,892370.0,11363464.541666666,11363610.083333334,0.3472997721892135,0.0012807860325869669
RANGER,25,972632.5,969150.0,12898435.583333334,12898281.791666666,0.3580489033627843,-0.0011923280592740504
RANGER,26,1052242.5,1048360.0,14569679.708333334,14569679.708333334,0.36897388197112413,0.0
RANGER,27,1134560.0,1130245.0,16380284.416666666,16380505.541666666,0.380323649696801,0.0013499460349786219
RANGER,28,1219722.5,1214940.0,18331737.666666668,18331726.208333332,0.39209738280633344,-6.250544025698801e-05
RANGER,29,1307977.5,1302700.0,20437489.791666668,20437489.791666668,0.4034855339636989,0.0
RANGER,30,1399197.5,1393392.5,22704146.75,22704146.75,0.4148806726713028,0.0
RANGER,31,1493110.0,1486740.0,25121545.375,25121545.375,0.4266263034873541,0.0
RANGER,32,1590097.5,1583132.5,27704940.75,27704822.791666668,0.43802345453659575,-0.000425766416167761
RANGER,33,1690062.5,1682457.5,30469999.791666668,30470136.166666668,0.4499833586036006,0.0004475713847540419
RANGER,34,1792347.5,1784052.5,33410322.666666668,33408971.958333332,0.46280087985169915,-0.004042787454683339
RANGER,35,1897190.0,1888185.0,36534402.0,36534402.0,0.47464934982790474,0.0
RANGER,36,2004170.0,1994392.5,39836192.458333336,39836057.75,0.487857816452697,-0.00033815564446371127
RANGER,37,2113807.5,2103232.5,43339209.666666664,43339209.666666664,0.5002820739352987,0.0
RANGER,38,2226337.5,2214892.5,47066182.75,47066182.75,0.5140730010611549,0.0
RANGER,39,2340520.0,2328187.5,50978673.791666664,50978577.333333336,0.5269128227915143,-0.00018921310844799422
RANGER,40,2458202.5,2444920.0,55100743.25,55100743.25,0.5403338414959657,0.0
RANGER,41,2577512.5,2563227.5,59444977.833333336,59444977.833333336,0.554216516893713,0.0
RANGER,42,2699637.5,2684302.5,64002965.791666664,64002685.375,0.5680392274888812,-0.0004381307384671018
RANGER,43,2824440.0,2807992.5,68808308.29166667,68808308.29166667,0.5823278242766738,0.0
RANGER,44,2951620.0,2934030.0,73845739.16666667,73845739.16666667,0.5959439223206187,0.0
RANGER,45,3080912.5,3062130.0,79097589.04166667,79097589.04166667,0.6096408125839337,0.0
RANGER,46,3211765.0,3191712.5,84592753.41666667,84593753.08333333,0.6243451809207712,0.001181740310229884
RANGER,47,3344802.5,3323422.5,90332022.70833333,90331807.75,0.6392006702936825,-0.0002379647071837354
RANGER,48,3480135.0,3457370.0,96316521.54166667,96316521.54166667,0.6541412904959132,0.0
RANGER,49,3617490.0,3593265.0,102587575.66666667,102586840.5,0.6696632195251406,-0.000716623491581192
RANGER,50,3757195.0,3731440.0,109121567.58333333,109121567.58333333,0.6854847831959776,0.0
RANGER,51,3898382.5,3871045.0,115938299.125,115938726.125,0.7012523783902713,0.0003682993481968211
RANGER,52,4041832.5,4012837.5,123040255.58333333,123038657.16666667,0.7173726273911663,-0.001299100574103651
RANGER,53,4187407.5,4156687.5,130405014.33333333,130405372.625,0.7336281458157567,0.0002747529828539541
RANGER,54,4335305.0,4302777.5,138064015.58333334,138064015.58333334,0.750293231964072,0.0
RANGER,55,4485705.0,4451280.0,146017525.91666666,146017525.91666666,0.7674378943778093,0.0
RANGER,56,4637790.0,4601412.5,154281476.29166666,154282182.95833334,0.7843714355328713,0.0004580372729545701
RANGER,57,4797965.0,4759537.5,162844182.41666666,162844182.41666666,0.8009124701826686,0.0
RANGER,58,4961102.5,4920560.0,171730932.33333334,171730932.33333334,0.8172074654776873,0.0
RANGER,59,5126760.0,5084005.0,180925630.83333334,180925630.83333334,0.833957509226102,0.0
RANGER,60,5294852.5,5249815.0,190461089.5,190461089.5,0.850590266678819,0.0
RANGER,61,5464647.5,5417217.5,200313633.54166666,200313633.54166666,0.8679425342622782,0.0
RANGER,62,5629457.5,5579667.5,210076714.58333334,210076714.58333334,0.8844546743624893,0.0
RANGER,63,5801752.5,5749442.5,220464186.125,220464186.125,0.9016241213323006,0.0
RANGER,64,5976477.5,5921537.5,231209051.79166666,231208292.125,0.9192705904104925,-0.0003285626841931233
RANGER,65,6153827.5,6096177.5,242311817.70833334,242311817.70833334,0.9368153397214973,0.0
RANGER,66,6332652.5,6272195.0,253745955.75,253746598.91666666,0.9546947349471702,0.0002534687359778687
RANGER,67,6512537.5,6449190.0,265410439.33333334,265410271.45833334,0.972700733009213,-6.32510915643536e-05
RANGER,68,6687832.5,6621645.0,277000115.2083333,277000115.2083333,0.9896704201249107,0.0
RANGER,69,6869967.5,6800747.5,289240099.5833333,289240099.5833333,1.007573907736825,0.0
RANGER,70,7054725.0,6982380.0,301864905.75,301864905.75,1.0254829210210148,0.0
RANGER,71,7240545.0,7164975.0,314870341.1666667,314870341.1666667,1.0437059641228652,0.0
RANGER,72,7428845.0,7349957.5,328234484.5416667,328235125.5,1.0619080085800703,0.00019527452583822935
RANGER,73,7613100.0,7530902.5,341464123.2083333,341464123.2083333,1.0796850166160943,0.0
RANGER,74,7810487.5,7724787.5,355458729.7916667,355458729.7916667,1.0972426497065646,0.0
RANGER,75,8010192.5,7920882.5,369860703.4166667,369859020.6666667,1.1149544783099818,-0.0004549685826193972
RANGER,76,8211132.5,8118082.5,384688475.125,384688475.125,1.133217616449378,0.0
RANGER,77,8414652.5,8317757.5,399907605.5,399907341.7916667,1.1515032854892082,-6.594231509726711e-05
RANGER,78,8611850.0,8511167.5,414883853.7916667,414883853.7916667,1.169115811352961,0.0
RANGER,79,8816167.5,8711497.5,430631560.4166667,430631360.125,1.1872505825235247,-4.651114434706116e-05
RANGER,80,9022737.5,8913967.5,446789165.625,446788722.0,1.2055099685655213,-9.929179893841678e-05
RANGER,81,9230587.5,9117597.5,463374586.875,463374586.875,1.2240824324562194,0.0
RANGER,82,9440845.0,9323510.0,480400202.5,480398597.375,1.242844258114606,-0.000334122465317499
RANGER,83,9645712.5,9524075.0,497210527.6666667,497210527.6666667,1.26105251426476,0.0
RANGER,84,9858150.0,9731962.5,514903027.125,514903027.125,1.2800322575736822,0.0
RANGER,85,10072797.5,9941945.0,533062276.5,533062276.5,1.2990681089339873,0.0
RANGER,86,10288545.0,10152887.5,551707720.2083334,551707720.2083334,1.3185294908074963,0.0
RANGER,87,10506892.5,10366322.5,570783276.3333334,570783276.3333334,1.3378836796893112,0.0
RANGER,88,10719877.5,10574470.0,589460704.375,589460363.8333334,1.3564287465038682,-5.7771733397160574e-05
RANGER,89,10945510.0,10795007.5,609082634.4583334,609083095.9583334,1.375015874089014,7.576968605871315e-05
RANGER,90,11173510.0,11017760.0,629200560.2916666,629200560.2916666,1.393921874146975,0.0
RANGER,91,11402387.5,11241290.0,649797403.375,649797403.375,1.4128400740634373,0.0
RANGER,92,11631280.0,11464725.0,670669785.6666666,670670462.875,1.4319576177342475,0.0001009749280189709
RANGER,93,11857990.0,11685952.5,691654194.375,691654515.0416666,1.4508150200835068,4.6362281791445525e-05
RANGER,94,12091502.5,11913745.0,713516522.0416666,713516522.0416666,1.4701026609389545,0.0
RANGER,95,12327392.5,12143752.5,735820874.7916666,735820874.7916666,1.4896905408017136,0.0
RANGER,96,12564222.5,12374550.0,758685941.125,758685941.125,1.5096238545600382,0.0
RANGER,97,12793995.0,12598392.5,781182730.5416666,781182730.5416666,1.5288617824221418,0.0
RANGER,98,13030470.0,12828662.5,804669254.5833334,804669254.5833334,1.5487353871349252,0.0
RANGER,99,13269092.5,13060937.5,828624844.1666666,828626219.75,1.5687206943504228,0.00016600797612120743
RANGER,100,13509800.0,13295152.5,853176710.4166666,853174576.5,1.5888281099646129,-0.00025011426596499575
ROGUE,1,0.0,0.0,0.0,0.0,,
ROGUE,2,765.0,762.5,327.0833333333333,327.0833333333333,0.32679738562091387,0.0
ROGUE,3,5092.5,5087.5,6636.458333333333,6649.791666666667,0.09818360333824216,0.200910375137342
ROGUE,4,13762.5,13727.5,26164.333333333332,26175.666666666668,0.2543142597638548,0.04331596448092778
ROGUE,5,25910.0,25857.5,62134.041666666664,62134.041666666664,0.20262446931686995,0.0
ROGUE,6,41512.5,41430.0,121695.125,121628.0,0.19873532068653832,-0.05515833111638946
ROGUE,7,60802.5,60675.0,210037.45833333334,210129.0,0.2096953250277589,0.043583495721688514
ROGUE,8,83477.5,83297.5,330942.0,330774.2083333333,0.21562696534994652,-0.05070123062853593
ROGUE,9,109680.0,109435.0,493246.9166666667,493169.1666666667,0.2233770970094806,-0.015762896304638563
ROGUE,10,139177.5,138860.0,700044.1666666666,700044.1666666666,0.2281259542670333,0.0
ROGUE,11,172347.5,171927.5,957341.0416666666,957214.2916666666,0.24369370022774284,-0.013239795901709428
ROGUE,12,208925.0,208410.0,1271658.625,1271519.4583333333,0.24649994016991972,-0.01094371271745942
ROGUE,13,248487.5,247875.0,1644702.9583333333,1644727.875,0.24649127219679157,0.0015149645436363102
ROGUE,14,291470.0,290702.5,2086104.8333333333,2086104.8333333333,0.2633204103338227,0.0
ROGUE,15,337597.5,336692.5,2599660.1666666665,2599535.875,0.26807070549988987,-0.004781073628778998
ROGUE,16,386680.0,385607.5,3189801.0416666665,3189801.0416666665,0.27736112547843694,0.0
ROGUE,17,439315.0,438057.5,3865391.5416666665,3865391.5416666665,0.28624107986297,0.0
ROGUE,18,494677.5,493220.0,4627469.541666667,4627226.708333333,0.2946364045261829,-0.005247648442574526
ROGUE,19,553380.0,551702.5,5489148.333333333,5489018.708333333,0.3031370848241677,-0.002361477448387106
ROGUE,20,615347.5,613422.5,6442926.708333333,6442854.666666667,0.3128313676418637,-0.0011181512676983196
ROGUE,21,680540.0,678342.5,7511474.625,7511474.625,0.3229053398771553,0.0
ROGUE,22,748412.5,745925.0,8681687.0,8681233.666666666,0.3323701835551973,-0.005221719388570634
ROGUE,23,819707.5,816912.5,9968414.541666666,9968414.541666666,0.34097528691636736,0.0
ROGUE,24,893925.0,890777.5,11378727.083333334,11379133.75,0.35209888972788095,0.003573920559718502
ROGUE,25,971285.0,967772.5,12919147.833333334,12918995.958333334,0.3616343297796254,-0.0011755806339497354
ROGUE,26,1051360.0,1047447.5,14592536.208333334,14592536.208333334,0.3721370415461833,0.0
ROGUE,27,1134077.5,1129735.0,16396967.75,16396033.833333334,0.38291033902003724,-0.005695666911742503
ROGUE,28,1219847.5,1215035.0,18349218.458333332,18349218.458333332,0.39451652768071055,0.0
ROGUE,29,1308702.5,1303402.5,20456277.833333332,20456135.333333332,0.404981269616278,-0.0006966076681269584
ROGUE,30,1400455.0,1394632.5,22709378.041666668,22709378.041666668,0.4157577358786968,0.0
ROGUE,31,1494775.0,1488385.0,25134025.041666668,25134025.041666668,0.42748908698633237,0.0
ROGUE,32,1591967.5,1584975.0,27717672.333333332,27717672.333333332,0.4392363537572219,0.0
ROGUE,33,1692257.5,1684615.0,30484892.416666668,30484769.416666668,0.4516156672374039,-0.00040347854379785275
ROGUE,34,1794775.0,1786460.0,33425913.916666668,33425913.916666668,0.46328927024278377,0.0
ROGUE,35,1900285.0,1891247.5,36547569.75,36547569.75,0.47558655675332684,0.0
ROGUE,36,2008215.0,1998420.0,39854796.416666664,39853903.083333336,0.4877465809188797,-0.0022414700704742607
ROGUE,37,2118227.5,2107632.5,43347214.416666664,43347214.416666664,0.5001823458528398,0.0
ROGUE,38,2231317.5,2219870.0,47058312.791666664,47058312.791666664,0.5130377008202514,0.0
ROGUE,39,2346002.5,2333667.5,50975369.666666664,50975240.5,0.5257880159974304,-0.00025339034813720573
ROGUE,40,2464120.0,2450827.5,55113734.583333336,55113734.583333336,0.5394420726263283,0.0
ROGUE,41,2584652.5,2570360.0,59460572.0,59460249.791666664,0.5529756901556437,-0.0005418856941608041
ROGUE,42,2707692.5,2692357.5,64021502.625,64021502.625,0.5663493915945006,0.0
ROGUE,43,2833240.0,2816805.0,68807244.33333333,68807048.0,0.5800779319789395,-0.0002853381722123238
ROGUE,44,2961112.5,2943530.0,73832518.375,73833027.125,0.5937802092963351,0.0006890595244390951
ROGUE,45,3091605.0,3072812.5,79069776.0,79069776.0,0.6078557901154857,0.0
ROGUE,46,3223800.0,3203752.5,84560751.75,84560751.75,0.6218592964824077,0.0
ROGUE,47,3358095.0,3336730.0,90291294.79166667,90291978.75,0.6362238114168917,0.0007575019661754112
ROGUE,48,3494977.5,3472220.0,96307297.66666667,96307297.66666667,0.6511486840759306,0.0
ROGUE,49,3634050.0,3609842.5,102548789.66666667,102548789.66666667,0.6661300752603849,0.0
ROGUE,50,3775475.0,3749740.0,109077313.70833333,109077313.70833333,0.6816360855256609,0.0
ROGUE,51,3918137.5,3890822.5,115898628.25,115898628.25,0.6971424560776596,0.0
ROGUE,52,4063462.5,4034475.0,122973944.0,122974323.54166667,0.7133694478538954,0.0003086358413284529
ROGUE,53,4210730.0,4180025.0,130349299.54166667,130349299.54166667,0.729208474540044,0.0
ROGUE,54,4360197.5,4327672.5,137982216.45833334,137982193.75,0.7459524482549273,-1.645743482603379e-05
ROGUE,55,4512155.0,4477730.0,145924319.58333334,145924133.79166666,0.7629392164054671,-0.0001273205639806818
ROGUE,56,4665792.5,4629402.5,154169696.41666666,154169696.41666666,0.7799318122269638,0.0
ROGUE,57,4827862.5,4789430.0,162751353.5,162751353.5,0.7960562257106507,0.0
ROGUE,58,4992920.0,4952352.5,171631716.83333334,171631716.83333334,0.8125005007090014,0.0
ROGUE,59,5160605.0,5117832.5,180823355.5,180823355.5,0.8288272402169894,0.0
ROGUE,60,5330797.5,5285720.0,190361607.20833334,190361607.20833334,0.8456051838397594,0.0
ROGUE,61,5502685.0,5455217.5,200225749.54166666,200225749.54166666,0.862624337028195,0.0
ROGUE,62,5669755.0,5619935.0,209952419.75,209952864.91666666,0.8786975804069175,0.00021203216766796373
ROGUE,63,5844512.5,5792170.0,220352887.41666666,220352887.41666666,0.8955836778516635,0.0
ROGUE,64,6021770.0,5966802.5,231061205.58333334,231061287.0,0.912813010128255,3.5235974138458914e-05
ROGUE,65,6201757.5,6144080.0,242134018.54166666,242134238.58333334,0.9300186277841349,9.087598182855317e-05
ROGUE,66,6383262.5,6322770.0,253583975.20833334,253583975.20833334,0.9476737013400238,0.0
ROGUE,67,6565897.5,6502525.0,265259683.66666666,265260563.29166666,0.9651765048114158,0.00033160900587692055
ROGUE,68,6743902.5,6677665.0,276823307.4166667,276823307.4166667,0.9821835354232977,0.0
ROGUE,69,6929060.0,6859790.0,289037606.3333333,289037606.3333333,0.9997027013765258,0.0
ROGUE,70,7116845.0,7044445.0,301610549.125,301610549.125,1.0173047185937034,0.0
ROGUE,71,7306000.0,7230370.0,314599479.9166667,314599479.9166667,1.0351765672050317,0.0
ROGUE,72,7497795.0,7418830.0,327934665.5833333,327934665.5833333,1.0531763004990147,0.0
ROGUE,73,7685502.5,7603252.5,341137560.5833333,341137560.5833333,1.0701967763330988,0.0
ROGUE,74,7887022.5,7801260.0,355104941.3333333,355104941.3333333,1.0873875407354294,0.0
ROGUE,75,8090945.0,8001562.5,369484539.7083333,369484539.7083333,1.104722625107446,0.0
ROGUE,76,8296357.5,8203235.0,384254961.125,384254961.125,1.1224504247797862,0.0
ROGUE,77,8504575.0,8407597.5,399469936.1666667,399469936.1666667,1.14029801606782,0.0
ROGUE,78,8706292.5,8605527.5,414384060.7916667,414384060.7916667,1.15738128485805,0.0
ROGUE,79,8915495.0,8810755.0,430074796.1666667,430072108.4166667,1.174808577650488,-0.000624949432970201
ROGUE,80,9127247.5,9018382.5,446214968.125,446214968.125,1.1927473205914474,0.0
ROGUE,81,9340392.5,9227302.5,462764427.7083333,462764427.7083333,1.2107628239391488,0.0
ROGUE,82,9556052.5,9438617.5,479751621.0,479752494.4583333,1.2289070199227092,0.00018206469662995772
ROGUE,83,9766217.5,9644480.0,496579550.1666667,496579550.1666667,1.246516371358719,0.0
ROGUE,84,9984512.5,9858222.5,514273516.7916667,514273516.7916667,1.2648589502992746,0.0
ROGUE,85,10205375.0,10074415.0,532435930.75,532435930.75,1.2832453486520623,0.0
ROGUE,86,10427437.5,10291690.0,551040155.8333334,551040155.8333334,1.3018299078752515,0.0
ROGUE,87,10652167.5,10511500.0,570137659.875,570139219.8333334,1.3205528358430363,0.000273610821244219
ROGUE,88,10871785.0,10726292.5,588760449.875,588760449.875,1.338257701012302,0.0
ROGUE,89,11104707.5,10954112.5,608388660.1666666,608389698.5416666,1.356136575411826,0.0001706762581266119
ROGUE,90,11340257.5,11184442.5,628487494.875,628487494.875,1.3739987826555056,0.0
ROGUE,91,11576725.0,11415542.5,648995962.625,648995962.625,1.3922979080871367,0.0
ROGUE,92,11813347.5,11646722.5,669834528.625,669834528.625,1.4104808141807368,0.0
ROGUE,93,12048225.0,11876132.5,690724735.5833334,690724735.5833334,1.428363929126486,0.0
ROGUE,94,12290207.5,12112390.0,712502281.6666666,712501999.625,1.4468226024662356,-3.958466855413789e-05
ROGUE,95,12534787.5,12351102.5,734798337.25,734798337.25,1.4654017868272584,0.0
ROGUE,96,12780390.0,12590682.5,757613627.875,757613627.875,1.4843639356858396,0.0
ROGUE,97,13018945.0,12823320.0,780066710.4166666,780068992.375,1.5026179156605979,0.0002925337413861584
ROGUE,98,13264622.5,13062810.0,803498333.375,803498333.375,1.5214341757558536,0.0
ROGUE,99,13512762.5,13304605.0,827426128.6666666,827426128.6666666,1.5404511105704732,0.0
ROGUE,100,13763410.0,13548770.0,851849534.625,851849534.625,1.5594972466852375,0.0
WARRIOR,1,0.0,0.0,0.0,0.0,,
WARRIOR,2,765.0,762.5,327.0833333333333,327.0833333333333,0.32679738562091387,0.0
WARRIOR,3,5162.5,5155.0,6523.041666666667,6533.875,0.14527845036319542,0.16607794165552914
WARRIOR,4,13905.0,13882.5,25857.75,25759.958333333332,0.16181229773463146,-0.3781909356640356
WARRIOR,5,26035.0,25992.5,62221.833333333336,62221.833333333336,0.16324178989821636,0.0
WARRIOR,6,41675.0,41605.0,121032.25,121032.25,0.16796640671865593,0.0
WARRIOR,7,61140.0,61035.0,209077.08333333334,209062.08333333334,0.17173699705593792,-0.007174387436847951
WARRIOR,8,83985.0,83842.5,330512.4166666667,330362.625,0.1696731559207021,-0.04532104063665887
WARRIOR,9,110477.5,110285.0,492159.4583333333,492294.875,0.17424362426738949,0.027514795128658065
WARRIOR,10,140392.5,140145.0,698085.2083333334,698100.375,0.17629146856135147,0.0021726096593344124
WARRIOR,11,173870.0,173557.5,956916.7083333334,956916.7083333334,0.1797319836659539,0.0
WARRIOR,12,210745.0,210355.0,1271018.9166666667,1270921.75,0.1850577712401269,-0.007644785250060515
WARRIOR,13,250625.0,250155.0,1642296.0416666667,1642275.875,0.1875311720698214,-0.0012279556276806325
WARRIOR,14,293970.0,293417.5,2084664.7916666667,2084670.2916666667,0.18794434806272964,0.000263831385360902
WARRIOR,15,340745.0,340100.0,2596167.5,2595913.0416666665,0.1892911121219698,-0.009801306477086325
WARRIOR,16,390267.5,389507.5,3186999.0416666665,3186973.8333333335,0.1947382244229967,-0.0007909739853539932
WARRIOR,17,443097.5,442225.0,3859792.75,3859731.4583333335,0.1969092581203924,-0.0015879522719530748
WARRIOR,18,498897.5,497907.5,4621321.083333333,4621183.875,0.19843755480835057,-0.0029690283548489127
WARRIOR,19,558225.0,557105.0,5480026.166666667,5479812.041666667,0.20063594428769704,-0.003907371853484332
WARRIOR,20,620630.0,619372.5,6430067.75,6430027.75,0.20261669593799603,-0.0006220774267928775
WARRIOR,21,686332.5,684925.0,7491378.166666667,7491191.958333333,0.20507552826072306,-0.0024856352087820888
WARRIOR,22,754662.5,753085.0,8664215.125,8664215.125,0.20903383963030153,0.0
WARRIOR,23,826100.0,824355.0,9948089.125,9948089.125,0.21123350683937003,0.0
WARRIOR,24,900647.5,898717.5,11361277.666666666,11361277.666666666,0.21429027449696436,0.0
WARRIOR,25,978107.5,975967.5,12900721.541666666,12900721.541666666,0.21878985694312458,0.0
WARRIOR,26,1058280.0,1055937.5,14569634.25,14569634.25,0.22134973730959517,0.0
WARRIOR,27,1141177.5,1138600.0,16373070.916666666,16372762.458333334,0.22586319831927604,-0.0018839369529510819
WARRIOR,28,1227282.5,1224460.0,18332687.541666668,18332687.541666668,0.2299796501620488,0.0
WARRIOR,29,1316130.0,1313065.0,20435362.166666668,20434945.958333332,0.23287973072568802,-0.0020367064206716634
WARRIOR,30,1408120.0,1404800.0,22694747.583333332,22694858.583333332,0.23577536005453537,0.0004890999540485552
WARRIOR,31,1503032.5,1499427.5,25114233.666666668,25114233.666666668,0.23984843973766656,0.0
WARRIOR,32,1601147.5,1597240.0,27699774.541666668,27699774.541666668,0.24404372489105208,0.0
WARRIOR,33,1702037.5,1697830.0,30462503.708333332,30462503.708333332,0.24720371907199779,0.0
WARRIOR,34,1805670.0,1801152.5,33394313.125,33394411.416666668,0.25018414217437,0.0002943365425833733
WARRIOR,35,1912315.0,1907445.0,36521499.583333336,36521499.583333336,0.2546651571524561,0.0
WARRIOR,36,2021322.5,2016117.5,39839216.25,39839216.25,0.2575046782490209,0.0
WARRIOR,37,2132755.0,2127167.5,43348704.375,43348918.958333336,0.2619850850191452,0.0004950167171724473
WARRIOR,38,2247095.0,2241142.5,47060334.25,47060334.25,0.26489756774857875,0.0
WARRIOR,39,2363867.5,2357507.5,50960640.375,50959896.0,0.2690506130313963,-0.0014606861187815845
WARRIOR,40,2484150.0,2477380.0,55092390.708333336,55092390.708333336,0.2725278264194997,0.0
WARRIOR,41,2606140.0,2598947.5,59440935.916666664,59441344.375,0.2759828712195045,0.0006871667261654224
WARRIOR,42,2730822.5,2723172.5,63987018.25,63987018.25,0.28013538045772446,0.0
WARRIOR,43,2858515.0,2850400.0,68786958.875,68786958.875,0.28388866246984445,0.0
WARRIOR,44,2988380.0,2979792.5,73826192.95833333,73826192.95833333,0.28736305289153163,0.0
WARRIOR,45,3120540.0,3111452.5,79077902.04166667,79077902.04166667,0.2912156229370577,0.0
WARRIOR,46,3254227.5,3244630.0,84553225.0,84553225.0,0.29492406415961847,0.0
WARRIOR,47,3390547.5,3380412.5,90307884.33333333,90307394.5,0.2989192748368841,-0.000542403730241503
WARRIOR,48,3529245.0,3518557.5,96309981.20833333,96309460.08333333,0.30282680856670297,-0.0005410913733516765
WARRIOR,49,3670000.0,3658735.0,102563335.33333333,102563764.95833333,0.3069482288828307,0.00041888750847984824
WARRIOR,50,3813232.5,3801372.5,109104412.58333333,109104412.58333333,0.31102221015896214,0.0
WARRIOR,51,3957865.0,3945385.0,115905905.29166667,115905905.29166667,0.31532151804065656,0.0
WARRIOR,52,4104945.0,4091822.5,122999421.41666667,122999421.41666667,0.3196754158703685,0.0
WARRIOR,53,4254305.0,4240517.5,130370755.25,130370755.25,0.324083487197091,0.0
WARRIOR,54,4405997.5,4391537.5,138034220.875,138034220.875,0.3281890196260906,0.0
WARRIOR,55,4560442.5,4545255.0,145986028.41666666,145986028.41666666,0.33302689377182615,0.0
WARRIOR,56,4716732.5,4700820.0,154272203.625,154272203.625,0.3373627823922587,0.0
WARRIOR,57,4881195.0,4864520.0,162824395.95833334,162824395.95833334,0.34161716546869947,0.0
WARRIOR,58,5048900.0,5031425.0,171721439.375,171721439.375,0.3461149953455256,0.0
WARRIOR,59,5219290.0,5200997.5,180948992.0,180948992.0,0.3504787049579572,0.0
WARRIOR,60,5392265.0,5373107.5,190501054.41666666,190501054.41666666,0.35527742052736677,0.0
WARRIOR,61,5567192.5,5547167.5,200349793.66666666,200349793.66666666,0.3596965615972558,0.0
WARRIOR,62,5737220.0,5716327.5,210117623.20833334,210115402.58333334,0.3641572050575026,-0.0010568485242168357
WARRIOR,63,5915082.5,5893275.0,220530232.41666666,220530232.41666666,0.3686761765368418,0.0
WARRIOR,64,6095662.5,6072907.5,231276436.04166666,231276436.04166666,0.3732982264027851,0.0
WARRIOR,65,6279025.0,6255275.0,242367358.625,242367358.625,0.37824343747635547,0.0
WARRIOR,66,6464132.5,6439377.5,253810454.66666666,253810454.66666666,0.38295935301450035,0.0
WARRIOR,67,6650435.0,6624630.0,265511529.83333334,265511529.83333334,0.38801973104014564,0.0
WARRIOR,68,6832147.5,6805315.0,277121562.9583333,277121562.9583333,0.39273888627258113,0.0
WARRIOR,69,7021155.0,6993230.0,289367967.3333333,289367967.3333333,0.39772658487100543,0.0
WARRIOR,70,7212915.0,7183870.0,301991646.4583333,301991499.1666667,0.40268046968527926,-4.877342415499086e-05
WARRIOR,71,7406155.0,7375950.0,314966660.7083333,314966660.7083333,0.407836454948618,0.0
WARRIOR,72,7602185.0,7570807.5,328350502.5416667,328353121.75,0.4127431784414659,0.0007976867137493571
WARRIOR,73,7794055.0,7761505.0,341563572.4166667,341563572.4166667,0.41762599827689373,0.0
WARRIOR,74,7999975.0,7966185.0,355569009.4583333,355571232.8333333,0.4223763199259989,0.0006253005579326398
WARRIOR,75,8208565.0,8173495.0,369961504.2083333,369961504.2083333,0.42723667291421075,0.0
WARRIOR,76,8418757.5,8382352.5,384760399.4583333,384760399.4583333,0.43242723169065744,0.0
WARRIOR,77,8631802.5,8594042.5,399945269.7083333,399945269.7083333,0.43745208489188725,0.0
WARRIOR,78,8838325.0,8799220.0,414878419.75,414878118.4166667,0.4424480882972759,-7.263172027149878e-05
WARRIOR,79,9052607.5,9012087.5,430580466.8333333,430580466.8333333,0.44760584174228235,0.0
WARRIOR,80,9269527.5,9227565.0,446734139.2083333,446734139.2083333,0.4526929770692245,0.0
WARRIOR,81,9487955.0,9444500.0,463280717.375,463280717.375,0.4580017506406797,0.0
WARRIOR,82,9709185.0,9664210.0,480309286.875,480309286.875,0.4632211663491814,0.0
WARRIOR,83,9924680.0,9878197.5,497063837.5416667,497063837.5416667,0.4683526320244047,0.0
WARRIOR,84,10148757.5,10100685.0,514772541.1666667,514772541.1666667,0.47367867445842204,0.0
WARRIOR,85,10375515.0,10325812.5,532927992.9583333,532927884.0833333,0.4790364622864529,-2.042958925363436e-05
WARRIOR,86,10603690.0,10552327.5,551511905.125,551511905.125,0.4843832665798464,0.0
WARRIOR,87,10834762.5,10781695.0,570621320.5416666,570621320.5416666,0.4897892316513608,0.0
WARRIOR,88,11060507.5,11005772.5,589327318.0416666,589327318.0416666,0.49486879331712696,0.0
WARRIOR,89,11300107.5,11243637.5,608969616.3333334,608969085.1666666,0.4997297592080452,-8.722383719739213e-05
WARRIOR,90,11542255.0,11484000.0,629088792.75,629088792.75,0.5047107346008217,0.0
WARRIOR,91,11785652.5,11725580.0,649611260.7083334,649611260.7083334,0.5097087327154748,0.0
WARRIOR,92,12029385.0,11967457.5,670409712.2916666,670409712.2916666,0.5148018788990405,0.0
WARRIOR,93,12271257.5,12207472.5,691337581.0,691337581.0,0.5197918795200929,0.0
WARRIOR,94,12520640.0,12454910.0,713170064.5,713171256.4166666,0.5249731643110933,0.00016712937431773156
WARRIOR,95,12772820.0,12705097.5,735553380.9583334,735553380.9583334,0.5302078945761401,0.0
WARRIOR,96,13026120.0,12956342.5,758352914.7083334,758352914.7083334,0.5356737079038165,0.0
WARRIOR,97,13272235.0,13200450.0,780869221.4166666,780869221.4166666,0.5408659506104252,0.0
WARRIOR,98,13526085.0,13452195.0,804313158.9583334,804313158.9583334,0.5462778032224391,0.0
WARRIOR,99,13782395.0,13706332.5,828275968.4166666,828275968.4166666,0.5518815851671688,0.0
WARRIOR,100,14041297.5,13963007.5,852766550.2083334,852766550.2083334,0.5575695550927517,0.0
